timestamp_iso,seconds_since_start,pressure,units
2026-02-08T19:55:05.808861,0.000,0.00017,Torr
2026-02-08T19:55:10.823696,5.015,0.00017,Torr
2026-02-08T19:55:17.995570,12.187,0.00017,Torr
2026-02-08T19:55:23.010272,17.201,0.00017,Torr
2026-02-08T19:55:30.150992,24.342,0.00017,Torr
2026-02-08T19:55:35.165720,29.357,0.00017,Torr
2026-02-08T19:55:42.306371,36.498,0.00017,Torr
2026-02-08T19:55:47.321128,41.512,0.00017,Torr
2026-02-08T19:55:54.477399,48.669,0.00017,Torr
2026-02-08T19:55:59.492194,53.683,0.00018,Torr
2026-02-08T19:56:06.664107,60.855,0.00018,Torr
2026-02-08T19:56:11.678878,65.870,0.00018,Torr
2026-02-08T19:56:18.819573,73.011,0.00018,Torr
2026-02-08T19:56:23.834315,78.025,0.00018,Torr
2026-02-08T19:56:31.068690,85.260,0.00019,Torr
2026-02-08T19:56:36.080023,90.271,0.00019,Torr
2026-02-08T19:56:43.227117,97.418,0.00019,Torr
2026-02-08T19:56:48.241544,102.433,0.00019,Torr
2026-02-08T19:56:55.397784,109.589,0.00019,Torr
2026-02-08T19:57:00.412644,114.604,0.00019,Torr
2026-02-08T19:57:07.568867,121.760,0.00019,Torr
2026-02-08T19:57:12.583647,126.775,0.00019,Torr
2026-02-08T19:57:19.739930,133.931,0.00019,Torr
2026-02-08T19:57:24.754713,138.946,0.0002,Torr
2026-02-08T19:57:31.910998,146.102,0.0002,Torr
2026-02-08T19:57:36.925767,151.117,0.0002,Torr
2026-02-08T19:57:44.066453,158.258,0.0002,Torr
2026-02-08T19:57:49.081192,163.272,0.00021,Torr
2026-02-08T19:57:56.237433,170.429,0.000205,Torr
2026-02-08T19:58:01.252219,175.443,0.00021,Torr
2026-02-08T19:58:08.392923,182.584,0.00021,Torr
2026-02-08T19:58:13.407688,187.599,0.00021,Torr
2026-02-08T19:58:20.548363,194.740,0.00021,Torr
2026-02-08T19:58:25.563113,199.754,0.00022,Torr
2026-02-08T19:58:32.719370,206.911,0.00022,Torr
2026-02-08T19:58:37.734209,211.925,0.00022,Torr
2026-02-08T19:58:44.874792,219.066,0.00022,Torr
2026-02-08T19:58:49.889584,224.081,0.00022,Torr
2026-02-08T19:58:57.045871,231.237,0.000225,Torr
2026-02-08T19:59:02.060632,236.252,0.00023,Torr
2026-02-08T19:59:09.216971,243.408,0.00023,Torr
2026-02-08T19:59:14.231745,248.423,0.00023,Torr
2026-02-08T19:59:21.388000,255.579,0.00023,Torr
2026-02-08T19:59:26.402754,260.594,0.00024,Torr
2026-02-08T19:59:33.574635,267.766,0.00024,Torr
2026-02-08T19:59:38.589448,272.781,0.00024,Torr
2026-02-08T19:59:45.730140,279.921,0.00024,Torr
2026-02-08T19:59:50.744886,284.936,0.00024,Torr
2026-02-08T19:59:57.885502,292.077,0.00024,Torr
2026-02-08T20:00:02.900285,297.091,0.00024,Torr
2026-02-08T20:00:10.040890,304.232,0.000245,Torr
2026-02-08T20:00:15.055707,309.247,0.00025,Torr
2026-02-08T20:00:22.212032,316.403,0.00025,Torr
2026-02-08T20:00:27.226762,321.418,0.00025,Torr
2026-02-08T20:00:34.383068,328.574,0.00025,Torr
2026-02-08T20:00:39.397882,333.589,0.00025,Torr
2026-02-08T20:00:46.554236,340.745,0.00026,Torr
2026-02-08T20:00:51.568884,345.760,0.00026,Torr
2026-02-08T20:00:58.709514,352.901,0.00026,Torr
2026-02-08T20:01:03.724347,357.915,0.00026,Torr
2026-02-08T20:01:10.864961,365.056,0.000265,Torr
2026-02-08T20:01:15.879719,370.071,0.00026,Torr
2026-02-08T20:01:23.020376,377.212,0.00027,Torr
2026-02-08T20:01:28.035184,382.226,0.00027,Torr
2026-02-08T20:01:35.175937,389.367,0.00027499999999999996,Torr
2026-02-08T20:01:40.190671,394.382,0.00028,Torr
2026-02-08T20:01:47.331286,401.522,0.00028,Torr
2026-02-08T20:01:52.346022,406.537,0.00028,Torr
2026-02-08T20:01:59.486700,413.678,0.00028,Torr
2026-02-08T20:02:04.501457,418.693,0.00028,Torr
2026-02-08T20:02:11.642093,425.833,0.00029,Torr
2026-02-08T20:02:16.656923,430.848,0.00029,Torr
2026-02-08T20:02:23.797663,437.989,0.00029,Torr
2026-02-08T20:02:28.812325,443.003,0.00029,Torr
2026-02-08T20:02:35.957612,450.149,0.0003,Torr
2026-02-08T20:02:40.972408,455.164,0.0003,Torr
2026-02-08T20:02:48.113000,462.304,0.0003,Torr
2026-02-08T20:02:53.127837,467.319,0.0003,Torr
2026-02-08T20:03:00.268516,474.460,0.00031,Torr
2026-02-08T20:03:05.283239,479.474,0.00031,Torr
2026-02-08T20:03:12.423916,486.615,0.00031,Torr
2026-02-08T20:03:17.438687,491.630,0.00031,Torr
2026-02-08T20:03:24.579277,498.770,2.8499999999999998e-05,Torr
2026-02-08T20:03:29.594122,503.785,9.8e-06,Torr
2026-02-08T20:03:36.750401,510.942,7.899999999999999e-06,Torr
2026-02-08T20:03:41.765158,515.956,7.1e-06,Torr
2026-02-08T20:03:48.921403,523.113,6.55e-06,Torr
2026-02-08T20:03:53.936211,528.127,6.1e-06,Torr
2026-02-08T20:04:01.092541,535.284,5.8e-06,Torr
2026-02-08T20:04:06.107309,540.298,5.5e-06,Torr
2026-02-08T20:04:13.263665,547.455,5.35e-06,Torr
2026-02-08T20:04:18.278358,552.469,5.1e-06,Torr
2026-02-08T20:04:25.434588,559.626,5.050000000000001e-06,Torr
2026-02-08T20:04:30.449400,564.641,4.9e-06,Torr
2026-02-08T20:04:37.605694,571.797,4.8e-06,Torr
2026-02-08T20:04:42.620488,576.812,4.7e-06,Torr
2026-02-08T20:04:49.776735,583.968,4.6e-06,Torr
2026-02-08T20:04:54.791485,588.983,4.5e-06,Torr
2026-02-08T20:05:01.947899,596.139,4.5e-06,Torr
2026-02-08T20:05:06.962566,601.154,4.4e-06,Torr
2026-02-08T20:05:14.103176,608.294,4.4e-06,Torr
2026-02-08T20:05:19.117986,613.309,4.3e-06,Torr
2026-02-08T20:05:26.258675,620.450,4.2999999999999995e-06,Torr
2026-02-08T20:05:31.273472,625.465,4.3e-06,Torr
2026-02-08T20:05:38.414022,632.605,4.2e-06,Torr
2026-02-08T20:05:43.428849,637.620,4.2e-06,Torr
2026-02-08T20:05:50.569469,644.761,4.2e-06,Torr
2026-02-08T20:05:55.584297,649.775,4.1e-06,Torr
2026-02-08T20:06:02.724917,656.916,4.149999999999999e-06,Torr
2026-02-08T20:06:07.739670,661.931,4.1e-06,Torr
2026-02-08T20:06:14.880335,669.071,4.1e-06,Torr
2026-02-08T20:06:19.895142,674.086,4.1e-06,Torr
2026-02-08T20:06:27.035836,681.227,4.1e-06,Torr
2026-02-08T20:06:32.050599,686.242,4.1e-06,Torr
2026-02-08T20:06:39.191175,693.382,4.1e-06,Torr
2026-02-08T20:06:44.205960,698.397,4.1e-06,Torr
2026-02-08T20:06:51.346623,705.538,4.1e-06,Torr
2026-02-08T20:06:56.361434,710.553,4.1e-06,Torr
2026-02-08T20:07:03.502038,717.693,4.1e-06,Torr
2026-02-08T20:07:08.516878,722.708,4.1e-06,Torr
2026-02-08T20:07:15.657443,729.849,4.1e-06,Torr
2026-02-08T20:07:20.672302,734.863,4.1e-06,Torr
2026-02-08T20:07:27.812917,742.004,4.1e-06,Torr
2026-02-08T20:07:32.827768,747.019,4.1e-06,Torr
2026-02-08T20:07:39.983961,754.175,4.1e-06,Torr
2026-02-08T20:07:44.998750,759.190,4.2e-06,Torr
2026-02-08T20:07:52.139497,766.331,4.149999999999999e-06,Torr
2026-02-08T20:07:57.154226,771.345,4.1e-06,Torr
2026-02-08T20:08:04.294886,778.486,4.2e-06,Torr
2026-02-08T20:08:09.309607,783.501,4.2e-06,Torr
2026-02-08T20:08:16.450294,790.641,4.2e-06,Torr
2026-02-08T20:08:21.465065,795.656,4.2e-06,Torr
2026-02-08T20:08:28.605749,802.797,4.2e-06,Torr
2026-02-08T20:08:33.620513,807.812,4.2e-06,Torr
2026-02-08T20:08:40.761111,814.952,4.2e-06,Torr
2026-02-08T20:08:45.775972,819.967,4.2e-06,Torr
2026-02-08T20:08:52.916571,827.108,4.2e-06,Torr
2026-02-08T20:08:57.931330,832.122,4.2e-06,Torr
2026-02-08T20:09:05.072037,839.263,4.2e-06,Torr
2026-02-08T20:09:10.086766,844.278,4.2e-06,Torr
2026-02-08T20:09:17.227462,851.419,4.2e-06,Torr
2026-02-08T20:09:22.242240,856.433,4.2e-06,Torr
2026-02-08T20:09:29.382879,863.574,4.25e-06,Torr
2026-02-08T20:09:34.397656,868.589,4.4e-06,Torr
2026-02-08T20:09:41.553938,875.745,4.3e-06,Torr
2026-02-08T20:09:46.568708,880.760,4.3e-06,Torr
2026-02-08T20:09:53.709335,887.900,4.350000000000001e-06,Torr
2026-02-08T20:09:58.724129,892.915,4.4e-06,Torr
2026-02-08T20:10:05.842721,900.034,4.4e-06,Torr
2026-02-08T20:10:10.853055,905.044,4.3e-06,Torr
2026-02-08T20:10:17.993753,912.185,4.350000000000001e-06,Torr
2026-02-08T20:10:23.008458,917.200,4.4e-06,Torr
2026-02-08T20:10:30.149161,924.340,4.4e-06,Torr
2026-02-08T20:10:35.163895,929.355,4.4e-06,Torr
2026-02-08T20:10:42.323735,936.515,4.4e-06,Torr
2026-02-08T20:10:47.334957,941.526,4.4e-06,Torr
2026-02-08T20:10:54.475575,948.667,4.4e-06,Torr
2026-02-08T20:10:59.490374,953.682,4.4e-06,Torr
2026-02-08T20:11:06.630950,960.822,4.4e-06,Torr
2026-02-08T20:11:11.645813,965.837,4.4e-06,Torr
2026-02-08T20:11:18.786675,972.978,4.4e-06,Torr
2026-02-08T20:11:23.801228,977.992,4.4e-06,Torr
2026-02-08T20:11:30.941873,985.133,4.45e-06,Torr
2026-02-08T20:11:35.956641,990.148,4.4e-06,Torr
2026-02-08T20:11:43.097342,997.288,4.4e-06,Torr
2026-02-08T20:11:48.112087,1002.303,4.5e-06,Torr
2026-02-08T20:11:55.252744,1009.444,4.45e-06,Torr
2026-02-08T20:12:00.267516,1014.459,4.5e-06,Torr
2026-02-08T20:12:07.408186,1021.599,4.5e-06,Torr
2026-02-08T20:12:12.422945,1026.614,4.5e-06,Torr
2026-02-08T20:12:19.563564,1033.755,4.5e-06,Torr
2026-02-08T20:12:24.578383,1038.770,4.5e-06,Torr
2026-02-08T20:12:31.719039,1045.910,4.5e-06,Torr
2026-02-08T20:12:36.733794,1050.925,4.5e-06,Torr
2026-02-08T20:12:43.890079,1058.081,4.5e-06,Torr
2026-02-08T20:12:48.904850,1063.096,4.5e-06,Torr
2026-02-08T20:12:56.045534,1070.237,4.5e-06,Torr
2026-02-08T20:13:01.060289,1075.251,4.5e-06,Torr
2026-02-08T20:13:08.200958,1082.392,4.5e-06,Torr
2026-02-08T20:13:13.215715,1087.407,4.5e-06,Torr
2026-02-08T20:13:20.356455,1094.548,4.5e-06,Torr
2026-02-08T20:13:25.371343,1099.562,4.5e-06,Torr
2026-02-08T20:13:32.526735,1106.718,4.5e-06,Torr
2026-02-08T20:13:37.541557,1111.733,4.5e-06,Torr
2026-02-08T20:13:44.697796,1118.889,4.5e-06,Torr
2026-02-08T20:13:49.712605,1123.904,4.5e-06,Torr
2026-02-08T20:13:56.854180,1131.045,4.5e-06,Torr
2026-02-08T20:14:01.868026,1136.059,4.5e-06,Torr
2026-02-08T20:14:09.008654,1143.200,4.5500000000000005e-06,Torr
2026-02-08T20:14:14.023483,1148.215,4.6e-06,Torr
2026-02-08T20:14:21.179951,1155.371,4.6e-06,Torr
2026-02-08T20:14:26.194519,1160.386,4.6e-06,Torr
2026-02-08T20:14:33.335226,1167.526,4.6e-06,Torr
2026-02-08T20:14:38.349931,1172.541,4.5e-06,Torr
2026-02-08T20:14:45.506190,1179.697,4.5500000000000005e-06,Torr
2026-02-08T20:14:50.521015,1184.712,4.6e-06,Torr
2026-02-08T20:14:57.661649,1191.853,4.6e-06,Torr
2026-02-08T20:15:02.676427,1196.868,4.6e-06,Torr
2026-02-08T20:15:09.817095,1204.008,4.7e-06,Torr
2026-02-08T20:15:14.831874,1209.023,4.7e-06,Torr
2026-02-08T20:15:21.972507,1216.164,4.6499999999999995e-06,Torr
2026-02-08T20:15:26.987269,1221.178,4.7e-06,Torr
2026-02-08T20:15:34.127952,1228.319,4.7e-06,Torr
2026-02-08T20:15:39.142715,1233.334,4.7e-06,Torr
2026-02-08T20:15:46.298985,1240.490,4.6499999999999995e-06,Torr
2026-02-08T20:15:51.313771,1245.505,4.7e-06,Torr
2026-02-08T20:15:58.454410,1252.646,4.6499999999999995e-06,Torr
2026-02-08T20:16:03.469220,1257.660,4.7e-06,Torr
2026-02-08T20:16:10.625484,1264.817,4.7e-06,Torr
2026-02-08T20:16:15.640250,1269.831,4.7e-06,Torr
2026-02-08T20:16:22.780963,1276.972,4.6499999999999995e-06,Torr
2026-02-08T20:16:27.795677,1281.987,4.7e-06,Torr
2026-02-08T20:16:34.936324,1289.127,4.7e-06,Torr
2026-02-08T20:16:39.951110,1294.142,4.7e-06,Torr
2026-02-08T20:16:47.107408,1301.299,4.7e-06,Torr
2026-02-08T20:16:52.122186,1306.313,4.7e-06,Torr
2026-02-08T20:16:59.262854,1313.454,4.7e-06,Torr
2026-02-08T20:17:04.277594,1318.469,4.7e-06,Torr
2026-02-08T20:17:11.418262,1325.609,4.7e-06,Torr
2026-02-08T20:17:16.433026,1330.624,4.7e-06,Torr
2026-02-08T20:17:23.573730,1337.765,4.7e-06,Torr
2026-02-08T20:17:28.588466,1342.780,4.7e-06,Torr
2026-02-08T20:17:35.729114,1349.920,4.7e-06,Torr
2026-02-08T20:17:40.743880,1354.935,4.7e-06,Torr
2026-02-08T20:17:47.900147,1362.091,4.7e-06,Torr
2026-02-08T20:17:52.914932,1367.106,4.7e-06,Torr
2026-02-08T20:18:00.055597,1374.247,4.7e-06,Torr
2026-02-08T20:18:05.070376,1379.262,4.7e-06,Torr
2026-02-08T20:18:12.211053,1386.402,4.8e-06,Torr
2026-02-08T20:18:17.225816,1391.417,4.7e-06,Torr
2026-02-08T20:18:24.366457,1398.558,4.7e-06,Torr
2026-02-08T20:18:29.381216,1403.572,4.7e-06,Torr
2026-02-08T20:18:36.553137,1410.744,4.75e-06,Torr
2026-02-08T20:18:41.567916,1415.759,4.8e-06,Torr
2026-02-08T20:18:48.708537,1422.900,4.75e-06,Torr
2026-02-08T20:18:53.723333,1427.914,4.7e-06,Torr
2026-02-08T20:19:00.879664,1435.071,4.7e-06,Torr
2026-02-08T20:19:05.894392,1440.086,4.7e-06,Torr
2026-02-08T20:19:13.050667,1447.242,4.7e-06,Torr
2026-02-08T20:19:18.065438,1452.257,4.7e-06,Torr
2026-02-08T20:19:25.221761,1459.413,4.7e-06,Torr
2026-02-08T20:19:30.236522,1464.428,4.8e-06,Torr
2026-02-08T20:19:37.392745,1471.584,4.8e-06,Torr
2026-02-08T20:19:42.407567,1476.599,4.8e-06,Torr
2026-02-08T20:19:49.563878,1483.755,4.8e-06,Torr
2026-02-08T20:19:54.578615,1488.770,4.8e-06,Torr
2026-02-08T20:20:01.812992,1496.004,4.8e-06,Torr
2026-02-08T20:20:06.827768,1501.019,4.8e-06,Torr
2026-02-08T20:20:14.015229,1508.206,4.8e-06,Torr
2026-02-08T20:20:19.030083,1513.221,4.8e-06,Torr
2026-02-08T20:20:27.876292,1522.067,4.9e-06,Torr
2026-02-08T20:20:32.888666,1527.080,4.7e-06,Torr
2026-02-08T20:20:40.653341,1534.844,4.9e-06,Torr
2026-02-08T20:20:45.663635,1539.855,4.8e-06,Torr
2026-02-08T20:20:52.917164,1547.108,4.8e-06,Torr
2026-02-08T20:20:57.932008,1552.123,4.9e-06,Torr
2026-02-08T20:21:05.088209,1559.279,4.8e-06,Torr
2026-02-08T20:21:10.103029,1564.294,4.8e-06,Torr
2026-02-08T20:21:17.259303,1571.450,4.849999999999999e-06,Torr
2026-02-08T20:21:22.274107,1576.465,4.8e-06,Torr
2026-02-08T20:21:29.430346,1583.621,4.849999999999999e-06,Torr
2026-02-08T20:21:34.445155,1588.636,4.9e-06,Torr
2026-02-08T20:21:41.601398,1595.793,4.9e-06,Torr
2026-02-08T20:21:46.616212,1600.807,4.9e-06,Torr
2026-02-08T20:21:53.762048,1607.953,4.849999999999999e-06,Torr
2026-02-08T20:21:58.779834,1612.971,4.9e-06,Torr
2026-02-08T20:22:05.936049,1620.127,4.9e-06,Torr
2026-02-08T20:22:10.950900,1625.142,4.9e-06,Torr
2026-02-08T20:22:18.107132,1632.298,4.849999999999999e-06,Torr
2026-02-08T20:22:23.121952,1637.313,4.9e-06,Torr
2026-02-08T20:22:30.278201,1644.469,4.9e-06,Torr
2026-02-08T20:22:35.293008,1649.484,4.9e-06,Torr
2026-02-08T20:22:42.449289,1656.640,4.849999999999999e-06,Torr
2026-02-08T20:22:47.464067,1661.655,4.9e-06,Torr
2026-02-08T20:22:54.620305,1668.811,4.9e-06,Torr
2026-02-08T20:22:59.635121,1673.826,4.9e-06,Torr
2026-02-08T20:23:06.791344,1680.982,4.9e-06,Torr
2026-02-08T20:23:11.806159,1685.997,4.9e-06,Torr
2026-02-08T20:23:18.962400,1693.154,4.9e-06,Torr
2026-02-08T20:23:23.977224,1698.168,4.8e-06,Torr
2026-02-08T20:23:31.133460,1705.325,4.8e-06,Torr
2026-02-08T20:23:36.148256,1710.339,4.9e-06,Torr
2026-02-08T20:23:43.304502,1717.496,4.9e-06,Torr
2026-02-08T20:23:48.319345,1722.510,4.9e-06,Torr
2026-02-08T20:23:55.475647,1729.667,4.9e-06,Torr
2026-02-08T20:24:00.490367,1734.682,4.9e-06,Torr
2026-02-08T20:24:07.646814,1741.838,4.9e-06,Torr
2026-02-08T20:24:12.661424,1746.853,4.9e-06,Torr
2026-02-08T20:24:19.817699,1754.009,4.9e-06,Torr
2026-02-08T20:24:24.832493,1759.024,4.9e-06,Torr
2026-02-08T20:24:31.988729,1766.180,4.9e-06,Torr
2026-02-08T20:24:37.003532,1771.195,4.9e-06,Torr
2026-02-08T20:24:44.159840,1778.351,4.9e-06,Torr
2026-02-08T20:24:49.174596,1783.366,4.9e-06,Torr
2026-02-08T20:24:56.330884,1790.522,4.9e-06,Torr
2026-02-08T20:25:01.345660,1795.537,4.9e-06,Torr
2026-02-08T20:25:08.502035,1802.693,4.9e-06,Torr
2026-02-08T20:25:13.516697,1807.708,4.9e-06,Torr
2026-02-08T20:25:20.672991,1814.864,4.9e-06,Torr
2026-02-08T20:25:25.687755,1819.879,4.9e-06,Torr
2026-02-08T20:25:32.843968,1827.035,4.9e-06,Torr
2026-02-08T20:25:37.858805,1832.050,4.9e-06,Torr
2026-02-08T20:25:45.015074,1839.206,4.9e-06,Torr
2026-02-08T20:25:50.029902,1844.221,4.9e-06,Torr
2026-02-08T20:25:57.186157,1851.377,4.9e-06,Torr
2026-02-08T20:26:02.200923,1856.392,4.9e-06,Torr
2026-02-08T20:26:09.357211,1863.548,4.9e-06,Torr
2026-02-08T20:26:14.371958,1868.563,5e-06,Torr
2026-02-08T20:26:21.528292,1875.719,4.9e-06,Torr
2026-02-08T20:26:26.543025,1880.734,4.9e-06,Torr
2026-02-08T20:26:33.699342,1887.890,5e-06,Torr
2026-02-08T20:26:38.714073,1892.905,4.9e-06,Torr
2026-02-08T20:26:45.870375,1900.062,5e-06,Torr
2026-02-08T20:26:50.885124,1905.076,5e-06,Torr
2026-02-08T20:26:58.041427,1912.233,4.95e-06,Torr
2026-02-08T20:27:03.056178,1917.247,4.9e-06,Torr
2026-02-08T20:27:10.212458,1924.404,4.95e-06,Torr
2026-02-08T20:27:15.227230,1929.418,5e-06,Torr
2026-02-08T20:27:22.383535,1936.575,4.9e-06,Torr
2026-02-08T20:27:27.398334,1941.589,4.9e-06,Torr
2026-02-08T20:27:34.570211,1948.761,5e-06,Torr
2026-02-08T20:27:39.584961,1953.776,5e-06,Torr
2026-02-08T20:27:46.741256,1960.932,5e-06,Torr
2026-02-08T20:27:51.756050,1965.947,5e-06,Torr
2026-02-08T20:27:58.912300,1973.103,5.050000000000001e-06,Torr
2026-02-08T20:28:03.927098,1978.118,4.9e-06,Torr
2026-02-08T20:28:11.083355,1985.274,4.95e-06,Torr
2026-02-08T20:28:16.098123,1990.289,5e-06,Torr
2026-02-08T20:28:23.254420,1997.446,5e-06,Torr
2026-02-08T20:28:28.269178,2002.460,5e-06,Torr
2026-02-08T20:28:35.425532,2009.617,4.95e-06,Torr
2026-02-08T20:28:40.440238,2014.631,5e-06,Torr
2026-02-08T20:28:47.596510,2021.788,5e-06,Torr
2026-02-08T20:28:52.611277,2026.802,5e-06,Torr
2026-02-08T20:28:59.767592,2033.959,5.1e-06,Torr
2026-02-08T20:29:04.782344,2038.973,5.1e-06,Torr
2026-02-08T20:29:11.938616,2046.130,5.1e-06,Torr
2026-02-08T20:29:16.953395,2051.145,5e-06,Torr
2026-02-08T20:29:24.109644,2058.301,5.050000000000001e-06,Torr
2026-02-08T20:29:29.124496,2063.316,5.2e-06,Torr
2026-02-08T20:29:36.280749,2070.472,5.1e-06,Torr
2026-02-08T20:29:41.295486,2075.487,5.1e-06,Torr
2026-02-08T20:29:48.451847,2082.643,5.1e-06,Torr
2026-02-08T20:29:53.466655,2087.658,5.1e-06,Torr
2026-02-08T20:30:00.622859,2094.814,5.050000000000001e-06,Torr
2026-02-08T20:30:05.637664,2099.829,5.1e-06,Torr
2026-02-08T20:30:12.793886,2106.985,5.050000000000001e-06,Torr
2026-02-08T20:30:17.808705,2112.000,5.1e-06,Torr
2026-02-08T20:30:24.964979,2119.156,5.050000000000001e-06,Torr
2026-02-08T20:30:29.979727,2124.171,5.1e-06,Torr
2026-02-08T20:30:37.136117,2131.327,5.050000000000001e-06,Torr
2026-02-08T20:30:42.150764,2136.342,5.1e-06,Torr
2026-02-08T20:30:49.307083,2143.498,5.1e-06,Torr
2026-02-08T20:30:54.321837,2148.513,5.1e-06,Torr
2026-02-08T20:31:01.478091,2155.669,5.1e-06,Torr
2026-02-08T20:31:06.492918,2160.684,5.1e-06,Torr
2026-02-08T20:31:13.649120,2167.840,5.1e-06,Torr
2026-02-08T20:31:18.663958,2172.855,5.1e-06,Torr
2026-02-08T20:31:25.820200,2180.011,5.1e-06,Torr
2026-02-08T20:31:30.835000,2185.026,5e-06,Torr
2026-02-08T20:31:37.991314,2192.182,5.1e-06,Torr
2026-02-08T20:31:43.006076,2197.197,5.1e-06,Torr
2026-02-08T20:31:50.162360,2204.353,5.1e-06,Torr
2026-02-08T20:31:55.177130,2209.368,5.1e-06,Torr
2026-02-08T20:32:02.333397,2216.525,5.1e-06,Torr
2026-02-08T20:32:07.348161,2221.539,5.1e-06,Torr
2026-02-08T20:32:14.504430,2228.696,5.1e-06,Torr
2026-02-08T20:32:19.519216,2233.710,5.1e-06,Torr
2026-02-08T20:32:26.675494,2240.867,5.15e-06,Torr
2026-02-08T20:32:31.690269,2245.881,5.1e-06,Torr
2026-02-08T20:32:38.846554,2253.038,5.15e-06,Torr
2026-02-08T20:32:43.861316,2258.052,5.1e-06,Torr
2026-02-08T20:32:51.017603,2265.209,5.15e-06,Torr
2026-02-08T20:32:56.032378,2270.224,5.3e-06,Torr
2026-02-08T20:33:03.188635,2277.380,5.2e-06,Torr
2026-02-08T20:33:08.203456,2282.395,5.2e-06,Torr
2026-02-08T20:33:15.359706,2289.551,5.15e-06,Torr
2026-02-08T20:33:20.374497,2294.566,5.1e-06,Torr
2026-02-08T20:33:27.530906,2301.722,5.2500000000000006e-06,Torr
2026-02-08T20:33:32.545548,2306.737,5.2e-06,Torr
2026-02-08T20:33:39.701759,2313.893,5.2500000000000006e-06,Torr
2026-02-08T20:33:44.716584,2318.908,5.2e-06,Torr
2026-02-08T20:33:51.872883,2326.064,5.2e-06,Torr
2026-02-08T20:33:56.887671,2331.079,5.2e-06,Torr
2026-02-08T20:34:04.043880,2338.235,5.2500000000000006e-06,Torr
2026-02-08T20:34:09.058690,2343.250,5.3e-06,Torr
2026-02-08T20:34:16.215009,2350.406,5.2500000000000006e-06,Torr
2026-02-08T20:34:21.229776,2355.421,5.2e-06,Torr
2026-02-08T20:34:28.386036,2362.577,5.2e-06,Torr
2026-02-08T20:34:33.400813,2367.592,5.2e-06,Torr
2026-02-08T20:34:40.557089,2374.748,5.3e-06,Torr
2026-02-08T20:34:45.571859,2379.763,5.3e-06,Torr
2026-02-08T20:34:52.728093,2386.919,5.3e-06,Torr
2026-02-08T20:34:57.742920,2391.934,5.3e-06,Torr
2026-02-08T20:35:04.899201,2399.090,5.2500000000000006e-06,Torr
2026-02-08T20:35:09.913996,2404.105,5.3e-06,Torr
2026-02-08T20:35:17.070263,2411.261,5.3e-06,Torr
2026-02-08T20:35:22.085006,2416.276,5.3e-06,Torr
2026-02-08T20:35:29.241311,2423.432,5.2500000000000006e-06,Torr
2026-02-08T20:35:34.256090,2428.447,5.3e-06,Torr
2026-02-08T20:35:41.412353,2435.603,5.3e-06,Torr
2026-02-08T20:35:46.427145,2440.618,5.3e-06,Torr
2026-02-08T20:35:53.583403,2447.775,5.2500000000000006e-06,Torr
2026-02-08T20:35:58.598182,2452.789,5.3e-06,Torr
2026-02-08T20:36:05.754475,2459.946,5.3e-06,Torr
2026-02-08T20:36:10.769242,2464.960,5.3e-06,Torr
2026-02-08T20:36:17.925530,2472.117,5.35e-06,Torr
2026-02-08T20:36:22.940295,2477.131,5.3e-06,Torr
2026-02-08T20:36:30.096571,2484.288,5.35e-06,Torr
2026-02-08T20:36:35.111378,2489.303,5.3e-06,Torr
2026-02-08T20:36:42.267608,2496.459,5.35e-06,Torr
2026-02-08T20:36:47.282393,2501.474,5.4e-06,Torr
2026-02-08T20:36:54.438705,2508.630,5.35e-06,Torr
2026-02-08T20:36:59.453450,2513.645,5.3e-06,Torr
2026-02-08T20:37:06.609715,2520.801,5.35e-06,Torr
2026-02-08T20:37:11.624516,2525.816,5.3e-06,Torr
2026-02-08T20:37:18.780721,2532.972,5.4e-06,Torr
2026-02-08T20:37:23.795572,2537.987,5.4e-06,Torr
2026-02-08T20:37:30.951836,2545.143,5.35e-06,Torr
2026-02-08T20:37:35.966637,2550.158,5.4e-06,Torr
2026-02-08T20:37:43.122876,2557.314,5.4e-06,Torr
2026-02-08T20:37:48.137676,2562.329,5.4e-06,Torr
2026-02-08T20:37:55.293993,2569.485,5.4e-06,Torr
2026-02-08T20:38:00.308720,2574.500,5.4e-06,Torr
2026-02-08T20:38:07.464990,2581.656,5.4e-06,Torr
2026-02-08T20:38:12.479792,2586.671,5.5e-06,Torr
2026-02-08T20:38:19.636064,2593.827,5.4e-06,Torr
2026-02-08T20:38:24.650829,2598.842,5.5e-06,Torr
2026-02-08T20:38:31.807108,2605.998,5.4e-06,Torr
2026-02-08T20:38:36.821908,2611.013,5.5e-06,Torr
2026-02-08T20:38:43.978153,2618.169,5.5e-06,Torr
2026-02-08T20:38:48.992922,2623.184,5.5e-06,Torr
2026-02-08T20:38:56.164855,2630.356,5.4e-06,Torr
2026-02-08T20:39:01.179644,2635.371,5.5e-06,Torr
2026-02-08T20:39:08.335927,2642.527,5.5e-06,Torr
2026-02-08T20:39:13.350673,2647.542,5.5e-06,Torr
2026-02-08T20:39:20.506952,2654.698,5.5e-06,Torr
2026-02-08T20:39:25.521732,2659.713,5.5e-06,Torr
2026-02-08T20:39:32.678080,2666.869,5.5e-06,Torr
2026-02-08T20:39:37.692768,2671.884,5.5e-06,Torr
2026-02-08T20:39:44.849092,2679.040,5.549999999999999e-06,Torr
2026-02-08T20:39:49.863860,2684.055,5.7e-06,Torr
2026-02-08T20:39:57.035767,2691.227,5.6e-06,Torr
2026-02-08T20:40:02.050508,2696.242,5.6e-06,Torr
2026-02-08T20:40:09.206800,2703.398,5.6e-06,Torr
2026-02-08T20:40:14.221567,2708.413,5.7e-06,Torr
2026-02-08T20:40:21.377867,2715.569,5.9e-06,Torr
2026-02-08T20:40:26.392647,2720.584,5.8e-06,Torr
2026-02-08T20:40:33.548905,2727.740,5.7e-06,Torr
2026-02-08T20:40:38.563693,2732.755,5.7e-06,Torr
2026-02-08T20:40:45.719937,2739.911,5.7e-06,Torr
2026-02-08T20:40:50.734744,2744.926,5.7e-06,Torr
2026-02-08T20:40:57.906622,2752.098,5.7e-06,Torr
2026-02-08T20:41:02.921392,2757.113,5.9e-06,Torr
2026-02-08T20:41:10.077666,2764.269,5.75e-06,Torr
2026-02-08T20:41:15.092466,2769.284,5.6e-06,Torr
2026-02-08T20:41:22.248731,2776.440,5.7e-06,Torr
2026-02-08T20:41:27.263516,2781.455,5.7e-06,Torr
2026-02-08T20:41:34.419771,2788.611,5.7e-06,Torr
2026-02-08T20:41:39.434565,2793.626,5.6e-06,Torr
2026-02-08T20:41:46.590887,2800.782,5.65e-06,Torr
2026-02-08T20:41:51.605614,2805.797,5.7e-06,Torr
2026-02-08T20:41:58.761886,2812.953,5.7e-06,Torr
2026-02-08T20:42:03.776670,2817.968,5.7e-06,Torr
2026-02-08T20:42:10.932978,2825.124,5.7e-06,Torr
2026-02-08T20:42:15.947727,2830.139,5.7e-06,Torr
2026-02-08T20:42:23.103968,2837.295,5.7e-06,Torr
2026-02-08T20:42:28.118796,2842.310,5.7e-06,Torr
2026-02-08T20:42:35.275085,2849.466,5.7e-06,Torr
2026-02-08T20:42:40.289849,2854.481,5.7e-06,Torr
2026-02-08T20:42:47.446055,2861.637,5.7e-06,Torr
2026-02-08T20:42:52.460900,2866.652,5.7e-06,Torr
2026-02-08T20:42:59.617180,2873.808,5.75e-06,Torr
2026-02-08T20:43:04.631934,2878.823,5.8e-06,Torr
2026-02-08T20:43:11.788231,2885.979,5.7e-06,Torr
2026-02-08T20:43:16.802987,2890.994,5.7e-06,Torr
2026-02-08T20:43:23.959277,2898.150,5.8e-06,Torr
2026-02-08T20:43:28.974053,2903.165,5.9e-06,Torr
2026-02-08T20:43:36.130342,2910.321,5.8e-06,Torr
2026-02-08T20:43:41.145113,2915.336,5.9e-06,Torr
2026-02-08T20:43:48.301383,2922.493,5.8e-06,Torr
2026-02-08T20:43:53.316172,2927.507,5.9e-06,Torr
2026-02-08T20:44:00.472429,2934.664,5.85e-06,Torr
2026-02-08T20:44:05.487222,2939.678,5.9e-06,Torr
2026-02-08T20:44:12.643483,2946.835,5.9e-06,Torr
2026-02-08T20:44:17.658273,2951.849,5.8e-06,Torr
2026-02-08T20:44:24.814568,2959.006,5.9e-06,Torr
2026-02-08T20:44:29.829360,2964.020,5.9e-06,Torr
2026-02-08T20:44:36.985625,2971.177,5.85e-06,Torr
2026-02-08T20:44:42.000379,2976.192,5.9e-06,Torr
2026-02-08T20:44:49.156654,2983.348,5.9e-06,Torr
2026-02-08T20:44:54.171434,2988.363,5.9e-06,Torr
2026-02-08T20:45:01.327709,2995.519,5.9e-06,Torr
2026-02-08T20:45:06.342489,3000.534,5.9e-06,Torr
2026-02-08T20:45:13.498783,3007.690,5.9e-06,Torr
2026-02-08T20:45:18.513574,3012.705,5.9e-06,Torr
2026-02-08T20:45:25.669884,3019.861,5.950000000000001e-06,Torr
2026-02-08T20:45:30.684632,3024.876,5.9e-06,Torr
2026-02-08T20:45:37.840884,3032.032,6e-06,Torr
2026-02-08T20:45:42.855646,3037.047,6e-06,Torr
2026-02-08T20:45:50.011946,3044.203,6.05e-06,Torr
2026-02-08T20:45:55.026707,3049.218,6e-06,Torr
2026-02-08T20:46:02.182953,3056.374,6.05e-06,Torr
2026-02-08T20:46:07.197761,3061.389,6e-06,Torr
2026-02-08T20:46:14.354018,3068.545,6.1e-06,Torr
2026-02-08T20:46:19.368813,3073.560,6e-06,Torr
2026-02-08T20:46:26.525110,3080.716,6e-06,Torr
2026-02-08T20:46:31.539863,3085.731,6e-06,Torr
2026-02-08T20:46:38.696138,3092.887,6.1e-06,Torr
2026-02-08T20:46:43.710931,3097.902,6.1e-06,Torr
2026-02-08T20:46:50.867244,3105.058,6.1e-06,Torr
2026-02-08T20:46:55.881963,3110.073,6.1e-06,Torr
2026-02-08T20:47:03.038278,3117.229,6.1e-06,Torr
2026-02-08T20:47:08.053036,3122.244,6.1e-06,Torr
2026-02-08T20:47:15.209333,3129.400,6.1e-06,Torr
2026-02-08T20:47:20.224088,3134.415,6.1e-06,Torr
2026-02-08T20:47:27.380371,3141.572,6.1e-06,Torr
2026-02-08T20:47:32.395143,3146.586,6.1e-06,Torr
2026-02-08T20:47:39.551395,3153.743,6.15e-06,Torr
2026-02-08T20:47:44.566183,3158.757,6.2e-06,Torr
2026-02-08T20:47:51.722441,3165.914,6.15e-06,Torr
2026-02-08T20:47:56.737239,3170.928,6.2e-06,Torr
2026-02-08T20:48:03.900559,3178.092,6.3e-06,Torr
2026-02-08T20:48:08.908310,3183.099,6.3e-06,Torr
2026-02-08T20:48:16.080192,3190.271,6.2499999999999995e-06,Torr
2026-02-08T20:48:21.095000,3195.286,6.3e-06,Torr
2026-02-08T20:48:28.251266,3202.442,6.3e-06,Torr
2026-02-08T20:48:33.266066,3207.457,6.3e-06,Torr
2026-02-08T20:48:40.453571,3214.645,6.35e-06,Torr
2026-02-08T20:48:45.468327,3219.659,6.3e-06,Torr
2026-02-08T20:48:52.624644,3226.816,6.3e-06,Torr
2026-02-08T20:48:57.639392,3231.831,6.3e-06,Torr
2026-02-08T20:49:04.795656,3238.987,6.3e-06,Torr
2026-02-08T20:49:09.810444,3244.002,6.4e-06,Torr
2026-02-08T20:49:16.966704,3251.158,6.4e-06,Torr
2026-02-08T20:49:21.981481,3256.173,6.4e-06,Torr
2026-02-08T20:49:29.137751,3263.329,6.4e-06,Torr
2026-02-08T20:49:34.152536,3268.344,6.3e-06,Torr
2026-02-08T20:49:41.308974,3275.500,6.4e-06,Torr
2026-02-08T20:49:46.323623,3280.515,6.4e-06,Torr
2026-02-08T20:49:53.479881,3287.671,6.4e-06,Torr
2026-02-08T20:49:58.494643,3292.686,6.6e-06,Torr
2026-02-08T20:50:05.650954,3299.842,6.55e-06,Torr
2026-02-08T20:50:10.665699,3304.857,6.6e-06,Torr
2026-02-08T20:50:17.822013,3312.013,6.55e-06,Torr
2026-02-08T20:50:22.836753,3317.028,6.6e-06,Torr
2026-02-08T20:50:29.993091,3324.184,6.55e-06,Torr
2026-02-08T20:50:35.007813,3329.199,6.5e-06,Torr
2026-02-08T20:50:42.164102,3336.355,6.6e-06,Torr
2026-02-08T20:50:47.178876,3341.370,6.6e-06,Torr
2026-02-08T20:50:54.335138,3348.526,6.6e-06,Torr
2026-02-08T20:50:59.349942,3353.541,6.6e-06,Torr
2026-02-08T20:51:06.506204,3360.697,6.6e-06,Torr
2026-02-08T20:51:11.521016,3365.712,6.6e-06,Torr
2026-02-08T20:51:18.677277,3372.868,6.6e-06,Torr
2026-02-08T20:51:23.692034,3377.883,6.6e-06,Torr
2026-02-08T20:51:30.848293,3385.039,6.650000000000001e-06,Torr
2026-02-08T20:51:35.863063,3390.054,6.8e-06,Torr
2026-02-08T20:51:43.019383,3397.211,6.75e-06,Torr
2026-02-08T20:51:48.034137,3402.225,6.8e-06,Torr
2026-02-08T20:51:55.190434,3409.382,6.8e-06,Torr
2026-02-08T20:52:00.205212,3414.396,6.7e-06,Torr
2026-02-08T20:52:07.361459,3421.553,6.75e-06,Torr
2026-02-08T20:52:12.376256,3426.567,6.8e-06,Torr
2026-02-08T20:52:19.532537,3433.724,6.8e-06,Torr
2026-02-08T20:52:24.547280,3438.738,6.8e-06,Torr
2026-02-08T20:52:31.703569,3445.895,6.8e-06,Torr
2026-02-08T20:52:36.718358,3450.909,6.8e-06,Torr
2026-02-08T20:52:43.874646,3458.066,6.8e-06,Torr
2026-02-08T20:52:48.889428,3463.081,6.8e-06,Torr
2026-02-08T20:52:56.045698,3470.237,6.8e-06,Torr
2026-02-08T20:53:01.060476,3475.252,6.9e-06,Torr
2026-02-08T20:53:08.216726,3482.408,6.9e-06,Torr
2026-02-08T20:53:13.231536,3487.423,6.9e-06,Torr
2026-02-08T20:53:20.387757,3494.579,6.9e-06,Torr
2026-02-08T20:53:25.402562,3499.594,7e-06,Torr
2026-02-08T20:53:32.558907,3506.750,6.9499999999999995e-06,Torr
2026-02-08T20:53:37.573638,3511.765,7.1e-06,Torr
2026-02-08T20:53:44.729934,3518.921,7e-06,Torr
2026-02-08T20:53:49.744679,3523.936,7.1e-06,Torr
2026-02-08T20:53:56.900964,3531.092,7e-06,Torr
2026-02-08T20:54:01.915752,3536.107,7e-06,Torr
2026-02-08T20:54:09.071982,3543.263,7e-06,Torr
2026-02-08T20:54:14.086781,3548.278,7e-06,Torr
2026-02-08T20:54:21.243045,3555.434,7.05e-06,Torr
2026-02-08T20:54:26.257845,3560.449,7.1e-06,Torr
2026-02-08T20:54:33.414106,3567.605,7e-06,Torr
2026-02-08T20:54:38.428922,3572.620,7.1e-06,Torr
2026-02-08T20:54:45.585169,3579.776,7.1e-06,Torr
2026-02-08T20:54:50.599951,3584.791,7.1e-06,Torr
2026-02-08T20:54:57.756208,3591.947,7.2000000000000005e-06,Torr
2026-02-08T20:55:02.771012,3596.962,7.4e-06,Torr
2026-02-08T20:55:07.786319,3601.977,7.4e-06,Torr
2026-02-08T20:55:14.989413,3609.181,7.3e-06,Torr
2026-02-08T20:55:20.004252,3614.195,7.3e-06,Torr
2026-02-08T20:55:27.160538,3621.352,7.25e-06,Torr
2026-02-08T20:55:32.175282,3626.366,7.2e-06,Torr
2026-02-08T20:55:39.331573,3633.523,7.2e-06,Torr
2026-02-08T20:55:44.346333,3638.537,7.2e-06,Torr
2026-02-08T20:55:51.502620,3645.694,7.3e-06,Torr
2026-02-08T20:55:56.517376,3650.709,7.3e-06,Torr
2026-02-08T20:56:03.673711,3657.865,7.25e-06,Torr
2026-02-08T20:56:08.688424,3662.880,7.3e-06,Torr
2026-02-08T20:56:15.844686,3670.036,7.3e-06,Torr
2026-02-08T20:56:20.859465,3675.051,7.2e-06,Torr
2026-02-08T20:56:28.015796,3682.207,7.3e-06,Torr
2026-02-08T20:56:33.030525,3687.222,7.3e-06,Torr
2026-02-08T20:56:40.186858,3694.378,7.3e-06,Torr
2026-02-08T20:56:45.201577,3699.393,7.3e-06,Torr
2026-02-08T20:56:52.357886,3706.549,7.3e-06,Torr
2026-02-08T20:56:57.372646,3711.564,7.3e-06,Torr
2026-02-08T20:57:04.528947,3718.720,7.350000000000001e-06,Torr
2026-02-08T20:57:09.543703,3723.735,7.3e-06,Torr
2026-02-08T20:57:16.699965,3730.891,7.3e-06,Torr
2026-02-08T20:57:21.714765,3735.906,7.3e-06,Torr
2026-02-08T20:57:28.871013,3743.062,7.3e-06,Torr
2026-02-08T20:57:33.885815,3748.077,7.3e-06,Torr
2026-02-08T20:57:41.042091,3755.233,7.350000000000001e-06,Torr
2026-02-08T20:57:46.056848,3760.248,7.3e-06,Torr
2026-02-08T20:57:53.213207,3767.404,7.4e-06,Torr
2026-02-08T20:57:58.227937,3772.419,7.5e-06,Torr
2026-02-08T20:58:05.384208,3779.575,7.5e-06,Torr
2026-02-08T20:58:10.398967,3784.590,7.4e-06,Torr
2026-02-08T20:58:17.555232,3791.746,7.45e-06,Torr
2026-02-08T20:58:22.570037,3796.761,7.4e-06,Torr
2026-02-08T20:58:29.726250,3803.917,7.5e-06,Torr
2026-02-08T20:58:34.741096,3808.932,7.4e-06,Torr
2026-02-08T20:58:41.897335,3816.088,7.5e-06,Torr
2026-02-08T20:58:46.912122,3821.103,7.5e-06,Torr
2026-02-08T20:58:54.068593,3828.260,7.6e-06,Torr
2026-02-08T20:58:59.083183,3833.274,7.5e-06,Torr
2026-02-08T20:59:06.239448,3840.431,7.6e-06,Torr
2026-02-08T20:59:11.254220,3845.445,7.6e-06,Torr
2026-02-08T20:59:18.410535,3852.602,7.6e-06,Torr
2026-02-08T20:59:23.425293,3857.616,7.5e-06,Torr
2026-02-08T20:59:30.581612,3864.773,7.6e-06,Torr
2026-02-08T20:59:35.596353,3869.787,7.6e-06,Torr
2026-02-08T20:59:42.752621,3876.944,7.6e-06,Torr
2026-02-08T20:59:47.767395,3881.959,7.6e-06,Torr
2026-02-08T20:59:54.923650,3889.115,7.6e-06,Torr
2026-02-08T20:59:59.938467,3894.130,7.6e-06,Torr
2026-02-08T21:00:07.094771,3901.286,7.6e-06,Torr
2026-02-08T21:00:12.109503,3906.301,7.6e-06,Torr
2026-02-08T21:00:19.265793,3913.457,7.65e-06,Torr
2026-02-08T21:00:24.280560,3918.472,7.6e-06,Torr
2026-02-08T21:00:31.436828,3925.628,7.7e-06,Torr
2026-02-08T21:00:36.451617,3930.643,7.6e-06,Torr
2026-02-08T21:00:43.607976,3937.799,7.65e-06,Torr
2026-02-08T21:00:48.622694,3942.814,7.8e-06,Torr
2026-02-08T21:00:55.778916,3949.970,7.850000000000001e-06,Torr
2026-02-08T21:01:00.793726,3954.985,7.9e-06,Torr
2026-02-08T21:01:07.950040,3962.141,7.9e-06,Torr
2026-02-08T21:01:12.964788,3967.156,7.8e-06,Torr
2026-02-08T21:01:20.121050,3974.312,7.8e-06,Torr
2026-02-08T21:01:25.135829,3979.327,7.9e-06,Torr
2026-02-08T21:01:32.292173,3986.483,7.850000000000001e-06,Torr
2026-02-08T21:01:37.306896,3991.498,7.9e-06,Torr
2026-02-08T21:01:44.463170,3998.654,7.8e-06,Torr
2026-02-08T21:01:49.477932,4003.669,7.9e-06,Torr
2026-02-08T21:01:56.634228,4010.825,7.850000000000001e-06,Torr
2026-02-08T21:02:01.649013,4015.840,7.9e-06,Torr
2026-02-08T21:02:08.805268,4022.996,7.9e-06,Torr
2026-02-08T21:02:13.820064,4028.011,7.9e-06,Torr
2026-02-08T21:02:20.976305,4035.167,7.9e-06,Torr
2026-02-08T21:02:25.991104,4040.182,7.9e-06,Torr
2026-02-08T21:02:33.147391,4047.339,7.9e-06,Torr
2026-02-08T21:02:38.162170,4052.353,8e-06,Torr
2026-02-08T21:02:45.318480,4059.510,7.95e-06,Torr
2026-02-08T21:02:50.333240,4064.524,8.1e-06,Torr
2026-02-08T21:02:57.489631,4071.681,7.95e-06,Torr
2026-02-08T21:03:02.504275,4076.695,8.1e-06,Torr
2026-02-08T21:03:09.660525,4083.852,8.05e-06,Torr
2026-02-08T21:03:14.675311,4088.866,8e-06,Torr
2026-02-08T21:03:21.831654,4096.023,8.15e-06,Torr
2026-02-08T21:03:26.846354,4101.037,8.1e-06,Torr
2026-02-08T21:03:34.002656,4108.194,8.05e-06,Torr
2026-02-08T21:03:39.017433,4113.209,8e-06,Torr
2026-02-08T21:03:46.173823,4120.365,8.2e-06,Torr
2026-02-08T21:03:51.188475,4125.380,8.2e-06,Torr
2026-02-08T21:03:58.344776,4132.536,8.2e-06,Torr
2026-02-08T21:04:03.359540,4137.551,8.3e-06,Torr
2026-02-08T21:04:10.515783,4144.707,8.5e-06,Torr
2026-02-08T21:04:15.530590,4149.722,8.3e-06,Torr
2026-02-08T21:04:22.686864,4156.878,8.2e-06,Torr
2026-02-08T21:04:27.701650,4161.893,8.2e-06,Torr
2026-02-08T21:04:34.857963,4169.049,8.2e-06,Torr
2026-02-08T21:04:39.872694,4174.064,8.2e-06,Torr
2026-02-08T21:04:47.028956,4181.220,8.3e-06,Torr
2026-02-08T21:04:52.043752,4186.235,8.3e-06,Torr
2026-02-08T21:04:59.200038,4193.391,8.35e-06,Torr
2026-02-08T21:05:04.214808,4198.406,8.5e-06,Torr
2026-02-08T21:05:11.371110,4205.562,8.449999999999999e-06,Torr
2026-02-08T21:05:16.385858,4210.577,8.4e-06,Torr
2026-02-08T21:05:23.542170,4217.733,8.449999999999999e-06,Torr
2026-02-08T21:05:28.556901,4222.748,8.5e-06,Torr
2026-02-08T21:05:35.713192,4229.904,8.449999999999999e-06,Torr
2026-02-08T21:05:40.727991,4234.919,8.5e-06,Torr
2026-02-08T21:05:47.884228,4242.075,8.5e-06,Torr
2026-02-08T21:05:52.899020,4247.090,8.5e-06,Torr
2026-02-08T21:06:00.055305,4254.246,8.550000000000001e-06,Torr
2026-02-08T21:06:05.070079,4259.261,8.5e-06,Torr
2026-02-08T21:06:12.226391,4266.418,8.5e-06,Torr
2026-02-08T21:06:17.241140,4271.432,8.6e-06,Torr
2026-02-08T21:06:24.397402,4278.589,8.550000000000001e-06,Torr
2026-02-08T21:06:29.412182,4283.603,8.7e-06,Torr
2026-02-08T21:06:36.568499,4290.760,8.700000000000001e-06,Torr
2026-02-08T21:06:41.583259,4295.774,8.6e-06,Torr
2026-02-08T21:06:48.739509,4302.931,8.8e-06,Torr
2026-02-08T21:06:53.754286,4307.945,8.6e-06,Torr
2026-02-08T21:07:00.910572,4315.102,8.75e-06,Torr
2026-02-08T21:07:05.925352,4320.116,8.8e-06,Torr
2026-02-08T21:07:13.081609,4327.273,8.8e-06,Torr
2026-02-08T21:07:18.096412,4332.288,8.8e-06,Torr
2026-02-08T21:07:25.252790,4339.444,8.8e-06,Torr
2026-02-08T21:07:30.267450,4344.459,8.7e-06,Torr
2026-02-08T21:07:37.423733,4351.615,8.8e-06,Torr
2026-02-08T21:07:42.438508,4356.630,8.8e-06,Torr
2026-02-08T21:07:49.594789,4363.786,8.8e-06,Torr
2026-02-08T21:07:54.609570,4368.801,8.8e-06,Torr
2026-02-08T21:08:01.765842,4375.957,8.8e-06,Torr
2026-02-08T21:08:06.780646,4380.972,8.9e-06,Torr
2026-02-08T21:08:13.936917,4388.128,8.95e-06,Torr
2026-02-08T21:08:18.951665,4393.143,9.1e-06,Torr
2026-02-08T21:08:26.107970,4400.299,9.2e-06,Torr
2026-02-08T21:08:31.122710,4405.314,9.4e-06,Torr
2026-02-08T21:08:38.279011,4412.470,9.100000000000001e-06,Torr
2026-02-08T21:08:43.293807,4417.485,9.2e-06,Torr
2026-02-08T21:08:50.450037,4424.641,9.05e-06,Torr
2026-02-08T21:08:55.464834,4429.656,9.1e-06,Torr
2026-02-08T21:09:02.621085,4436.812,9.05e-06,Torr
2026-02-08T21:09:07.635904,4441.827,9.1e-06,Torr
2026-02-08T21:09:14.792150,4448.983,9.149999999999999e-06,Torr
2026-02-08T21:09:19.806946,4453.998,9.3e-06,Torr
2026-02-08T21:09:26.963218,4461.154,9.149999999999999e-06,Torr
2026-02-08T21:09:31.977991,4466.169,9.1e-06,Torr
2026-02-08T21:09:39.134277,4473.325,9.149999999999999e-06,Torr
2026-02-08T21:09:44.149044,4478.340,9.1e-06,Torr
2026-02-08T21:09:51.305355,4485.496,9.1e-06,Torr
2026-02-08T21:09:56.320116,4490.511,9.3e-06,Torr
2026-02-08T21:10:03.476399,4497.668,9.2e-06,Torr
2026-02-08T21:10:08.491134,4502.682,9.3e-06,Torr
2026-02-08T21:10:15.647443,4509.839,9.400000000000001e-06,Torr
2026-02-08T21:10:20.662226,4514.853,9.2e-06,Torr
2026-02-08T21:10:27.818530,4522.010,9.3e-06,Torr
2026-02-08T21:10:32.833267,4527.024,9.4e-06,Torr
2026-02-08T21:10:39.989566,4534.181,9.5e-06,Torr
2026-02-08T21:10:45.004318,4539.195,9.5e-06,Torr
2026-02-08T21:10:52.160568,4546.352,9.45e-06,Torr
2026-02-08T21:10:57.175352,4551.366,9.4e-06,Torr
2026-02-08T21:11:04.331727,4558.523,9.5e-06,Torr
2026-02-08T21:11:09.346416,4563.538,9.5e-06,Torr
2026-02-08T21:11:16.502698,4570.694,9.65e-06,Torr
2026-02-08T21:11:21.517483,4575.709,9.7e-06,Torr
2026-02-08T21:11:28.673799,4582.865,9.7e-06,Torr
2026-02-08T21:11:33.688533,4587.880,9.8e-06,Torr
2026-02-08T21:11:40.844838,4595.036,9.699999999999999e-06,Torr
2026-02-08T21:11:45.859590,4600.051,9.8e-06,Torr
2026-02-08T21:11:53.015871,4607.207,9.800000000000001e-06,Torr
2026-02-08T21:11:58.030646,4612.222,9.8e-06,Torr
2026-02-08T21:12:05.186895,4619.378,9.8e-06,Torr
2026-02-08T21:12:10.201682,4624.393,9.8e-06,Torr
2026-02-08T21:12:17.357993,4631.549,9.849999999999999e-06,Torr
2026-02-08T21:12:22.372747,4636.564,9.8e-06,Torr
2026-02-08T21:12:29.529019,4643.720,9.950000000000001e-06,Torr
2026-02-08T21:12:34.543794,4648.735,9.9e-06,Torr
2026-02-08T21:12:41.700106,4655.891,1e-05,Torr
2026-02-08T21:12:46.714858,4660.906,1e-05,Torr
2026-02-08T21:12:53.871104,4668.062,1e-05,Torr
2026-02-08T21:12:58.885926,4673.077,1e-05,Torr
2026-02-08T21:13:06.042203,4680.233,1e-05,Torr
2026-02-08T21:13:11.056951,4685.248,1e-05,Torr
2026-02-08T21:13:18.213272,4692.404,1e-05,Torr
2026-02-08T21:13:23.228019,4697.419,1e-05,Torr
2026-02-08T21:13:30.384277,4704.575,1e-05,Torr
2026-02-08T21:13:35.399104,4709.590,1e-05,Torr
2026-02-08T21:13:42.555326,4716.746,1e-05,Torr
2026-02-08T21:13:47.570136,4721.761,1e-05,Torr
2026-02-08T21:13:54.726406,4728.918,1e-05,Torr
2026-02-08T21:13:59.741186,4733.932,1e-05,Torr
2026-02-08T21:14:06.897460,4741.089,1.0500000000000001e-05,Torr
2026-02-08T21:14:11.912256,4746.103,1.1e-05,Torr
2026-02-08T21:14:19.068538,4753.260,1.1e-05,Torr
2026-02-08T21:14:24.083341,4758.274,1.1e-05,Torr
2026-02-08T21:14:31.239585,4765.431,1.1e-05,Torr
2026-02-08T21:14:36.254323,4770.445,1.1e-05,Torr
2026-02-08T21:14:43.410604,4777.602,1.1e-05,Torr
2026-02-08T21:14:48.425400,4782.617,1.1e-05,Torr
2026-02-08T21:14:55.581707,4789.773,1.1e-05,Torr
2026-02-08T21:15:00.596450,4794.788,1.1e-05,Torr
2026-02-08T21:15:07.752717,4801.944,1.1e-05,Torr
2026-02-08T21:15:12.767507,4806.959,1.1e-05,Torr
2026-02-08T21:15:19.923817,4814.115,1.1e-05,Torr
2026-02-08T21:15:24.938556,4819.130,1.1e-05,Torr
2026-02-08T21:15:32.094842,4826.286,1.1e-05,Torr
2026-02-08T21:15:37.109605,4831.301,1.1e-05,Torr
2026-02-08T21:15:44.265866,4838.457,1.1e-05,Torr
2026-02-08T21:15:49.280659,4843.472,1.1e-05,Torr
2026-02-08T21:15:56.436923,4850.628,1.1e-05,Torr
2026-02-08T21:16:01.451731,4855.643,1.1e-05,Torr
2026-02-08T21:16:08.608003,4862.799,1.1e-05,Torr
2026-02-08T21:16:13.622768,4867.814,1.1e-05,Torr
2026-02-08T21:16:20.779043,4874.970,1.1e-05,Torr
2026-02-08T21:16:25.793837,4879.985,1.1e-05,Torr
2026-02-08T21:16:32.965728,4887.157,1.1e-05,Torr
2026-02-08T21:16:37.980513,4892.172,1.1e-05,Torr
2026-02-08T21:16:45.136827,4899.328,1.1e-05,Torr
2026-02-08T21:16:50.151576,4904.343,1.1e-05,Torr
2026-02-08T21:16:57.307837,4911.499,1.1e-05,Torr
2026-02-08T21:17:02.322637,4916.514,1.1e-05,Torr
2026-02-08T21:17:09.478892,4923.670,1.15e-05,Torr
2026-02-08T21:17:14.493666,4928.685,1.1e-05,Torr
2026-02-08T21:17:21.650034,4935.841,1.2e-05,Torr
2026-02-08T21:17:26.664753,4940.856,1.2e-05,Torr
2026-02-08T21:17:33.836790,4948.028,1.2e-05,Torr
2026-02-08T21:17:38.851415,4953.043,1.2e-05,Torr
2026-02-08T21:17:46.007672,4960.199,1.2e-05,Torr
2026-02-08T21:17:51.022452,4965.214,1.2e-05,Torr
2026-02-08T21:17:58.178904,4972.370,1.2e-05,Torr
2026-02-08T21:18:03.193498,4977.385,1.2e-05,Torr
2026-02-08T21:18:10.349816,4984.541,1.2e-05,Torr
2026-02-08T21:18:15.364548,4989.556,1.2e-05,Torr
2026-02-08T21:18:22.520851,4996.712,1.2e-05,Torr
2026-02-08T21:18:27.535608,5001.727,1.2e-05,Torr
2026-02-08T21:18:34.707489,5008.899,1.2e-05,Torr
2026-02-08T21:18:39.722293,5013.913,1.2e-05,Torr
2026-02-08T21:18:46.878573,5021.070,1.2e-05,Torr
2026-02-08T21:18:51.893346,5026.084,1.2e-05,Torr
2026-02-08T21:18:59.049646,5033.241,1.2e-05,Torr
2026-02-08T21:19:04.064422,5038.256,1.2e-05,Torr
2026-02-08T21:19:11.236334,5045.427,1.2e-05,Torr
2026-02-08T21:19:16.251073,5050.442,1.3e-05,Torr
2026-02-08T21:19:23.407374,5057.599,1.2499999999999999e-05,Torr
2026-02-08T21:19:28.422143,5062.613,1.3e-05,Torr
2026-02-08T21:19:35.594056,5069.785,1.2499999999999999e-05,Torr
2026-02-08T21:19:40.608818,5074.800,1.3e-05,Torr
2026-02-08T21:19:47.765114,5081.956,1.3e-05,Torr
2026-02-08T21:19:52.779860,5086.971,1.3e-05,Torr
2026-02-08T21:19:59.936146,5094.127,1.3e-05,Torr
2026-02-08T21:20:04.950923,5099.142,1.3e-05,Torr
2026-02-08T21:20:12.107250,5106.298,1.3e-05,Torr
2026-02-08T21:20:17.121985,5111.313,1.3e-05,Torr
2026-02-08T21:20:24.279441,5118.471,1.3e-05,Torr
2026-02-08T21:20:29.294194,5123.485,1.3e-05,Torr
2026-02-08T21:20:36.466098,5130.657,1.3e-05,Torr
2026-02-08T21:20:41.480900,5135.672,1.3e-05,Torr
2026-02-08T21:20:48.637177,5142.828,1.3e-05,Torr
2026-02-08T21:20:53.651931,5147.843,1.3e-05,Torr
2026-02-08T21:21:00.808185,5154.999,1.3e-05,Torr
2026-02-08T21:21:05.823013,5160.014,1.3e-05,Torr
2026-02-08T21:21:12.979270,5167.170,1.3e-05,Torr
2026-02-08T21:21:17.994040,5172.185,1.3e-05,Torr
2026-02-08T21:21:25.150310,5179.341,1.3e-05,Torr
2026-02-08T21:21:30.165096,5184.356,1.3e-05,Torr
2026-02-08T21:21:37.337007,5191.528,1.3e-05,Torr
2026-02-08T21:21:42.351781,5196.543,1.3e-05,Torr
2026-02-08T21:21:49.508051,5203.699,1.35e-05,Torr
2026-02-08T21:21:54.522820,5208.714,1.4e-05,Torr
2026-02-08T21:22:01.679227,5215.870,1.4e-05,Torr
2026-02-08T21:22:06.693868,5220.885,1.4e-05,Torr
2026-02-08T21:22:13.850177,5228.041,1.4e-05,Torr
2026-02-08T21:22:18.864935,5233.056,1.4e-05,Torr
2026-02-08T21:22:26.021210,5240.212,1.4e-05,Torr
2026-02-08T21:22:31.035989,5245.227,1.4e-05,Torr
2026-02-08T21:22:38.207909,5252.399,1.4e-05,Torr
2026-02-08T21:22:43.222673,5257.414,1.4e-05,Torr
2026-02-08T21:22:50.378962,5264.570,1.4e-05,Torr
2026-02-08T21:22:55.393725,5269.585,1.4e-05,Torr
2026-02-08T21:23:02.550004,5276.741,1.4e-05,Torr
2026-02-08T21:23:07.564810,5281.756,1.4e-05,Torr
2026-02-08T21:23:14.721074,5288.912,1.4e-05,Torr
2026-02-08T21:23:19.735826,5293.927,1.4e-05,Torr
2026-02-08T21:23:26.892133,5301.083,1.4e-05,Torr
2026-02-08T21:23:31.906880,5306.098,1.4e-05,Torr
2026-02-08T21:23:39.078793,5313.270,1.4e-05,Torr
2026-02-08T21:23:44.093576,5318.285,1.4e-05,Torr
2026-02-08T21:23:51.249881,5325.441,1.4e-05,Torr
2026-02-08T21:23:56.264639,5330.456,1.4e-05,Torr
2026-02-08T21:24:03.420916,5337.612,1.4e-05,Torr
2026-02-08T21:24:08.435664,5342.627,1.4e-05,Torr
2026-02-08T21:24:15.591976,5349.783,1.5e-05,Torr
2026-02-08T21:24:20.606728,5354.798,1.5e-05,Torr
2026-02-08T21:24:27.763036,5361.954,1.5e-05,Torr
2026-02-08T21:24:32.777777,5366.969,1.5e-05,Torr
2026-02-08T21:24:39.949665,5374.141,1.5e-05,Torr
2026-02-08T21:24:44.964446,5379.156,1.5e-05,Torr
2026-02-08T21:24:52.120784,5386.312,1.5e-05,Torr
2026-02-08T21:24:57.135516,5391.327,1.5e-05,Torr
2026-02-08T21:25:04.291780,5398.483,1.5e-05,Torr
2026-02-08T21:25:09.306563,5403.498,1.5e-05,Torr
2026-02-08T21:25:16.462837,5410.654,1.5e-05,Torr
2026-02-08T21:25:21.477602,5415.669,1.5e-05,Torr
2026-02-08T21:25:28.633899,5422.825,1.5e-05,Torr
2026-02-08T21:25:33.648678,5427.840,1.5e-05,Torr
2026-02-08T21:25:40.820616,5435.012,1.5e-05,Torr
2026-02-08T21:25:45.835341,5440.026,1.5e-05,Torr
2026-02-08T21:25:52.991627,5447.183,1.5e-05,Torr
2026-02-08T21:25:58.006414,5452.198,1.5e-05,Torr
2026-02-08T21:26:05.178355,5459.369,1.55e-05,Torr
2026-02-08T21:26:10.193063,5464.384,1.5e-05,Torr
2026-02-08T21:26:17.349352,5471.540,1.6e-05,Torr
2026-02-08T21:26:22.364133,5476.555,1.6e-05,Torr
2026-02-08T21:26:29.520404,5483.712,1.6e-05,Torr
2026-02-08T21:26:34.535195,5488.726,1.6e-05,Torr
2026-02-08T21:26:41.707099,5495.898,1.6e-05,Torr
2026-02-08T21:26:46.721867,5500.913,1.6e-05,Torr
2026-02-08T21:26:53.878134,5508.069,1.6e-05,Torr
2026-02-08T21:26:58.892920,5513.084,1.6e-05,Torr
2026-02-08T21:27:06.049325,5520.240,1.6e-05,Torr
2026-02-08T21:27:11.063979,5525.255,1.6e-05,Torr
2026-02-08T21:27:18.220212,5532.411,1.6e-05,Torr
2026-02-08T21:27:23.235032,5537.426,1.6e-05,Torr
2026-02-08T21:27:30.391374,5544.583,1.6e-05,Torr
2026-02-08T21:27:35.406085,5549.597,1.6e-05,Torr
2026-02-08T21:27:42.562328,5556.753,1.6e-05,Torr
2026-02-08T21:27:47.577140,5561.768,1.6e-05,Torr
2026-02-08T21:27:54.733405,5568.925,1.7e-05,Torr
2026-02-08T21:27:59.748189,5573.939,1.6e-05,Torr
2026-02-08T21:28:06.904492,5581.096,1.65e-05,Torr
2026-02-08T21:28:11.919261,5586.110,1.7e-05,Torr
2026-02-08T21:28:19.075508,5593.267,1.7e-05,Torr
2026-02-08T21:28:24.090303,5598.281,1.7e-05,Torr
2026-02-08T21:28:31.246586,5605.438,1.7e-05,Torr
2026-02-08T21:28:36.261376,5610.453,1.7e-05,Torr
2026-02-08T21:28:43.417625,5617.609,1.7e-05,Torr
2026-02-08T21:28:48.432425,5622.624,1.7e-05,Torr
2026-02-08T21:28:55.588690,5629.780,1.7e-05,Torr
2026-02-08T21:29:00.603458,5634.795,1.7e-05,Torr
2026-02-08T21:29:07.759694,5641.951,1.75e-05,Torr
2026-02-08T21:29:12.774528,5646.966,1.7e-05,Torr
2026-02-08T21:29:19.930920,5654.122,1.75e-05,Torr
2026-02-08T21:29:24.945583,5659.137,1.8e-05,Torr
2026-02-08T21:29:32.101849,5666.293,1.75e-05,Torr
2026-02-08T21:29:37.116622,5671.308,1.8e-05,Torr
2026-02-08T21:29:44.272920,5678.464,1.8e-05,Torr
2026-02-08T21:29:49.287678,5683.479,1.8e-05,Torr
2026-02-08T21:29:56.443907,5690.635,1.8e-05,Torr
2026-02-08T21:30:01.458735,5695.650,1.8e-05,Torr
2026-02-08T21:30:08.615014,5702.806,1.8e-05,Torr
2026-02-08T21:30:13.629806,5707.821,1.8e-05,Torr
2026-02-08T21:30:20.786068,5714.977,1.8e-05,Torr
2026-02-08T21:30:25.800842,5719.992,1.8e-05,Torr
2026-02-08T21:30:32.957075,5727.148,1.8e-05,Torr
2026-02-08T21:30:37.971903,5732.163,1.8e-05,Torr
2026-02-08T21:30:45.128199,5739.319,1.8e-05,Torr
2026-02-08T21:30:50.142942,5744.334,1.9e-05,Torr
2026-02-08T21:30:57.299259,5751.490,1.9e-05,Torr
2026-02-08T21:31:02.314008,5756.505,1.9e-05,Torr
2026-02-08T21:31:09.470299,5763.661,1.9e-05,Torr
2026-02-08T21:31:14.485053,5768.676,1.9e-05,Torr
2026-02-08T21:31:21.641326,5775.832,1.9e-05,Torr
2026-02-08T21:31:26.656103,5780.847,1.9e-05,Torr
2026-02-08T21:31:33.812414,5788.004,1.9e-05,Torr
2026-02-08T21:31:38.827176,5793.018,1.9e-05,Torr
2026-02-08T21:31:45.983423,5800.175,1.95e-05,Torr
2026-02-08T21:31:50.998213,5805.189,1.9e-05,Torr
2026-02-08T21:31:58.154454,5812.346,2e-05,Torr
2026-02-08T21:32:03.169266,5817.360,2e-05,Torr
2026-02-08T21:32:10.325581,5824.517,2e-05,Torr
2026-02-08T21:32:15.340329,5829.531,2e-05,Torr
2026-02-08T21:32:22.496615,5836.688,2e-05,Torr
2026-02-08T21:32:27.511379,5841.703,2e-05,Torr
2026-02-08T21:32:34.667809,5848.859,2e-05,Torr
2026-02-08T21:32:39.682414,5853.874,2e-05,Torr
2026-02-08T21:32:46.838713,5861.030,2.05e-05,Torr
2026-02-08T21:32:51.853478,5866.045,2e-05,Torr
2026-02-08T21:32:59.009761,5873.201,2e-05,Torr
2026-02-08T21:33:04.024536,5878.216,2e-05,Torr
2026-02-08T21:33:11.180908,5885.372,2.05e-05,Torr
2026-02-08T21:33:16.195605,5890.387,2.1e-05,Torr
2026-02-08T21:33:23.351902,5897.543,2.1e-05,Torr
2026-02-08T21:33:28.366650,5902.558,2.1e-05,Torr
2026-02-08T21:33:35.522883,5909.714,2.1e-05,Torr
2026-02-08T21:33:40.537716,5914.729,2.1e-05,Torr
2026-02-08T21:33:47.693999,5921.885,2.1e-05,Torr
2026-02-08T21:33:52.708750,5926.900,2.1e-05,Torr
2026-02-08T21:33:59.865023,5934.056,2.1e-05,Torr
2026-02-08T21:34:04.879820,5939.071,2.2e-05,Torr
2026-02-08T21:34:12.036079,5946.227,2.2e-05,Torr
2026-02-08T21:34:17.050848,5951.242,2.2e-05,Torr
2026-02-08T21:34:24.207179,5958.398,2.2e-05,Torr
2026-02-08T21:34:29.221915,5963.413,2.2e-05,Torr
2026-02-08T21:34:36.378210,5970.569,2.2e-05,Torr
2026-02-08T21:34:41.392978,5975.584,2.2e-05,Torr
2026-02-08T21:34:48.549269,5982.740,2.2e-05,Torr
2026-02-08T21:34:53.564018,5987.755,2.2e-05,Torr
2026-02-08T21:35:00.720294,5994.911,2.2e-05,Torr
2026-02-08T21:35:05.735070,5999.926,2.3e-05,Torr
2026-02-08T21:35:12.891354,6007.082,2.3e-05,Torr
2026-02-08T21:35:17.906140,6012.097,2.2e-05,Torr
2026-02-08T21:35:25.062402,6019.254,2.2e-05,Torr
2026-02-08T21:35:30.077188,6024.268,2.3e-05,Torr
2026-02-08T21:35:37.233455,6031.425,2.3e-05,Torr
2026-02-08T21:35:42.248246,6036.439,2.3e-05,Torr
2026-02-08T21:35:49.404607,6043.596,2.3e-05,Torr
2026-02-08T21:35:54.419303,6048.610,2.3e-05,Torr
2026-02-08T21:36:01.575619,6055.767,2.3e-05,Torr
2026-02-08T21:36:06.590347,6060.781,2.3e-05,Torr
2026-02-08T21:36:13.746622,6067.938,2.3e-05,Torr
2026-02-08T21:36:18.761406,6072.953,2.4e-05,Torr
2026-02-08T21:36:25.917675,6080.109,2.3500000000000002e-05,Torr
2026-02-08T21:36:30.932451,6085.124,2.4e-05,Torr
2026-02-08T21:36:38.088718,6092.280,2.4e-05,Torr
2026-02-08T21:36:43.103523,6097.295,2.4e-05,Torr
2026-02-08T21:36:50.259829,6104.451,2.4e-05,Torr
2026-02-08T21:36:55.274565,6109.466,2.4e-05,Torr
2026-02-08T21:37:02.430810,6116.622,2.4e-05,Torr
2026-02-08T21:37:07.445626,6121.637,2.4e-05,Torr
2026-02-08T21:37:14.601877,6128.793,2.45e-05,Torr
2026-02-08T21:37:19.616683,6133.808,2.4e-05,Torr
2026-02-08T21:37:26.772959,6140.964,2.45e-05,Torr
2026-02-08T21:37:31.787737,6145.979,2.5e-05,Torr
2026-02-08T21:37:38.944032,6153.135,2.5e-05,Torr
2026-02-08T21:37:43.958774,6158.150,2.5e-05,Torr
2026-02-08T21:37:51.115079,6165.306,2.55e-05,Torr
2026-02-08T21:37:56.129846,6170.321,2.5e-05,Torr
2026-02-08T21:38:03.286078,6177.477,2.5e-05,Torr
2026-02-08T21:38:08.300888,6182.492,2.5e-05,Torr
2026-02-08T21:38:15.457153,6189.648,2.55e-05,Torr
2026-02-08T21:38:20.471946,6194.663,2.6e-05,Torr
2026-02-08T21:38:27.628269,6201.819,2.6e-05,Torr
2026-02-08T21:38:32.643016,6206.834,2.6e-05,Torr
2026-02-08T21:38:39.799331,6213.990,2.6e-05,Torr
2026-02-08T21:38:44.814065,6219.005,2.6e-05,Torr
2026-02-08T21:38:51.970321,6226.161,2.65e-05,Torr
2026-02-08T21:38:56.985113,6231.176,2.6e-05,Torr
2026-02-08T21:39:04.141408,6238.333,2.65e-05,Torr
2026-02-08T21:39:09.156152,6243.347,2.6e-05,Torr
2026-02-08T21:39:16.312462,6250.504,2.7e-05,Torr
2026-02-08T21:39:21.327250,6255.518,2.7e-05,Torr
2026-02-08T21:39:28.483460,6262.675,2.7499999999999998e-05,Torr
2026-02-08T21:39:33.498266,6267.689,2.7e-05,Torr
2026-02-08T21:39:40.654498,6274.846,2.7499999999999998e-05,Torr
2026-02-08T21:39:45.669322,6279.860,2.8e-05,Torr
2026-02-08T21:39:52.825635,6287.017,2.8e-05,Torr
2026-02-08T21:39:57.840420,6292.032,2.8e-05,Torr
2026-02-08T21:40:04.996639,6299.188,2.8e-05,Torr
2026-02-08T21:40:10.011428,6304.203,2.8e-05,Torr
2026-02-08T21:40:17.167808,6311.359,2.8e-05,Torr
2026-02-08T21:40:22.182485,6316.374,2.8e-05,Torr
2026-02-08T21:40:29.338792,6323.530,2.9e-05,Torr
2026-02-08T21:40:34.353518,6328.545,2.9e-05,Torr
2026-02-08T21:40:41.509848,6335.701,2.9e-05,Torr
2026-02-08T21:40:46.524594,6340.716,3e-05,Torr
2026-02-08T21:40:53.681008,6347.872,2.9e-05,Torr
2026-02-08T21:40:58.695652,6352.887,2.9e-05,Torr
2026-02-08T21:41:05.851916,6360.043,2.95e-05,Torr
2026-02-08T21:41:10.866692,6365.058,3e-05,Torr
2026-02-08T21:41:18.022933,6372.214,3e-05,Torr
2026-02-08T21:41:23.037763,6377.229,3e-05,Torr
2026-02-08T21:41:30.194059,6384.385,3e-05,Torr
2026-02-08T21:41:35.208816,6389.400,3e-05,Torr
2026-02-08T21:41:42.365093,6396.556,3.1e-05,Torr
2026-02-08T21:41:47.379855,6401.571,3.1e-05,Torr
2026-02-08T21:41:54.536167,6408.727,3.1e-05,Torr
2026-02-08T21:41:59.550903,6413.742,3.1e-05,Torr
2026-02-08T21:42:06.707257,6420.898,3.1e-05,Torr
2026-02-08T21:42:11.721972,6425.913,3.2e-05,Torr
2026-02-08T21:42:18.878258,6433.069,3.2e-05,Torr
2026-02-08T21:42:23.893028,6438.084,3.2e-05,Torr
2026-02-08T21:42:31.049304,6445.240,3.2e-05,Torr
2026-02-08T21:42:36.064075,6450.255,3.2e-05,Torr
2026-02-08T21:42:43.220379,6457.412,3.3e-05,Torr
2026-02-08T21:42:48.235127,6462.426,3.3e-05,Torr
2026-02-08T21:42:55.391377,6469.583,3.3e-05,Torr
2026-02-08T21:43:00.406190,6474.597,3.3e-05,Torr
2026-02-08T21:43:07.562445,6481.754,3.3e-05,Torr
2026-02-08T21:43:12.577240,6486.768,3.4e-05,Torr
2026-02-08T21:43:19.733495,6493.925,3.4e-05,Torr
2026-02-08T21:43:24.748299,6498.939,3.4e-05,Torr
2026-02-08T21:43:31.904552,6506.096,3.4e-05,Torr
2026-02-08T21:43:36.919348,6511.110,3.4e-05,Torr
2026-02-08T21:43:44.075612,6518.267,3.5e-05,Torr
2026-02-08T21:43:49.090403,6523.282,3.5e-05,Torr
2026-02-08T21:43:56.246640,6530.438,3.5e-05,Torr
2026-02-08T21:44:01.261452,6535.453,3.6e-05,Torr
2026-02-08T21:44:08.417793,6542.609,3.6e-05,Torr
2026-02-08T21:44:13.432504,6547.624,3.6e-05,Torr
2026-02-08T21:44:20.588749,6554.780,3.6e-05,Torr
2026-02-08T21:44:25.603562,6559.795,3.6e-05,Torr
2026-02-08T21:44:32.759819,6566.951,3.6e-05,Torr
2026-02-08T21:44:37.774622,6571.966,3.6e-05,Torr
2026-02-08T21:44:44.930845,6579.122,3.7e-05,Torr
2026-02-08T21:44:49.945674,6584.137,3.7e-05,Torr
2026-02-08T21:44:57.101935,6591.293,3.7e-05,Torr
2026-02-08T21:45:02.116727,6596.308,3.7e-05,Torr
2026-02-08T21:45:09.273041,6603.464,3.8e-05,Torr
2026-02-08T21:45:14.287757,6608.479,3.8e-05,Torr
2026-02-08T21:45:21.444093,6615.635,3.8e-05,Torr
2026-02-08T21:45:26.458820,6620.650,3.8e-05,Torr
2026-02-08T21:45:33.615228,6627.806,3.85e-05,Torr
2026-02-08T21:45:38.629914,6632.821,3.9e-05,Torr
2026-02-08T21:45:45.786187,6639.977,3.85e-05,Torr
2026-02-08T21:45:50.800969,6644.992,3.9e-05,Torr
2026-02-08T21:45:57.957240,6652.148,4e-05,Torr
2026-02-08T21:46:02.971985,6657.163,4e-05,Torr
2026-02-08T21:46:10.128237,6664.319,4e-05,Torr
2026-02-08T21:46:15.143054,6669.334,4e-05,Torr
2026-02-08T21:46:22.299361,6676.491,4.1e-05,Torr
2026-02-08T21:46:27.314097,6681.505,4.1e-05,Torr
2026-02-08T21:46:34.470404,6688.662,4.1e-05,Torr
2026-02-08T21:46:39.485157,6693.676,4.1e-05,Torr
2026-02-08T21:46:46.641469,6700.833,4.15e-05,Torr
2026-02-08T21:46:51.656208,6705.847,4.2e-05,Torr
2026-02-08T21:46:58.812461,6713.004,4.2e-05,Torr
2026-02-08T21:47:03.827294,6718.018,4.3e-05,Torr
2026-02-08T21:47:10.983545,6725.175,4.25e-05,Torr
2026-02-08T21:47:15.998317,6730.189,4.3e-05,Torr
2026-02-08T21:47:23.154560,6737.346,4.3e-05,Torr
2026-02-08T21:47:28.169363,6742.361,4.3e-05,Torr
2026-02-08T21:47:35.325648,6749.517,4.35e-05,Torr
2026-02-08T21:47:40.340428,6754.532,4.4e-05,Torr
2026-02-08T21:47:47.496696,6761.688,4.45e-05,Torr
2026-02-08T21:47:52.511513,6766.703,4.4e-05,Torr
2026-02-08T21:47:59.667918,6773.859,4.45e-05,Torr
2026-02-08T21:48:04.682534,6778.874,4.5e-05,Torr
2026-02-08T21:48:11.838818,6786.030,4.55e-05,Torr
2026-02-08T21:48:16.853590,6791.045,4.6e-05,Torr
2026-02-08T21:48:24.009884,6798.201,4.6e-05,Torr
2026-02-08T21:48:29.024653,6803.216,4.6e-05,Torr
2026-02-08T21:48:36.181004,6810.372,4.65e-05,Torr
2026-02-08T21:48:41.195699,6815.387,4.8e-05,Torr
2026-02-08T21:48:48.352006,6822.543,4.75e-05,Torr
2026-02-08T21:48:53.366740,6827.558,4.8e-05,Torr
2026-02-08T21:49:00.522994,6834.714,4.8e-05,Torr
2026-02-08T21:49:05.537813,6839.729,4.8e-05,Torr
2026-02-08T21:49:12.694119,6846.885,4.8e-05,Torr
2026-02-08T21:49:17.708861,6851.900,4.8e-05,Torr
2026-02-08T21:49:24.865141,6859.056,4.9e-05,Torr
2026-02-08T21:49:29.879908,6864.071,4.9e-05,Torr
2026-02-08T21:49:37.036165,6871.227,5e-05,Torr
2026-02-08T21:49:42.050970,6876.242,5e-05,Torr
2026-02-08T21:49:49.207270,6883.398,5.05e-05,Torr
2026-02-08T21:49:54.222018,6888.413,5.1e-05,Torr
2026-02-08T21:50:01.378272,6895.569,5.1e-05,Torr
2026-02-08T21:50:06.393073,6900.584,5.1e-05,Torr
2026-02-08T21:50:13.549318,6907.740,5.1e-05,Torr
2026-02-08T21:50:18.564131,6912.755,5.2e-05,Torr
2026-02-08T21:50:25.720425,6919.912,5.15e-05,Torr
2026-02-08T21:50:30.735208,6924.926,5.2e-05,Torr
2026-02-08T21:50:37.891459,6932.083,5.2e-05,Torr
2026-02-08T21:50:42.906244,6937.097,5.3e-05,Torr
2026-02-08T21:50:50.062499,6944.254,5.3e-05,Torr
2026-02-08T21:50:55.077295,6949.268,5.3e-05,Torr
2026-02-08T21:51:02.233593,6956.425,5.35e-05,Torr
2026-02-08T21:51:07.248369,6961.440,5.4e-05,Torr
2026-02-08T21:51:14.404602,6968.596,5.4499999999999997e-05,Torr
2026-02-08T21:51:19.419402,6973.611,5.5e-05,Torr
2026-02-08T21:51:26.575653,6980.767,5.5e-05,Torr
2026-02-08T21:51:31.590451,6985.782,5.5e-05,Torr
2026-02-08T21:51:38.746743,6992.938,5.6e-05,Torr
2026-02-08T21:51:43.761508,6997.953,5.7e-05,Torr
2026-02-08T21:51:50.917799,7005.109,6.05e-05,Torr
2026-02-08T21:51:55.932571,7010.124,6.4e-05,Torr
2026-02-08T21:52:03.088900,7017.280,6.5e-05,Torr
2026-02-08T21:52:08.103618,7022.295,6.6e-05,Torr
2026-02-08T21:52:15.259915,7029.451,6.7e-05,Torr
2026-02-08T21:52:20.274680,7034.466,6.7e-05,Torr
2026-02-08T21:52:27.431007,7041.622,6.65e-05,Torr
2026-02-08T21:52:32.445705,7046.637,6.7e-05,Torr
2026-02-08T21:52:39.602015,7053.793,6.9e-05,Torr
2026-02-08T21:52:44.616778,7058.808,6.8e-05,Torr
2026-02-08T21:52:51.773059,7065.964,6.9e-05,Torr
2026-02-08T21:52:56.787833,7070.979,6.9e-05,Torr
2026-02-08T21:53:03.944087,7078.135,6.9e-05,Torr
2026-02-08T21:53:08.958880,7083.150,7.1e-05,Torr
2026-02-08T21:53:16.115185,7090.306,7.15e-05,Torr
2026-02-08T21:53:21.129952,7095.321,7.2e-05,Torr
2026-02-08T21:53:28.286238,7102.477,7.2e-05,Torr
2026-02-08T21:53:33.300992,7107.492,7.2e-05,Torr
2026-02-08T21:53:40.457246,7114.648,7.4e-05,Torr
2026-02-08T21:53:45.472047,7119.663,7.5e-05,Torr
2026-02-08T21:53:52.628338,7126.819,7.4e-05,Torr
2026-02-08T21:53:57.643116,7131.834,7.5e-05,Torr
2026-02-08T21:54:04.799434,7138.991,7.6e-05,Torr
2026-02-08T21:54:09.814211,7144.005,7.7e-05,Torr
2026-02-08T21:54:16.970468,7151.162,7.8e-05,Torr
2026-02-08T21:54:21.985214,7156.176,7.8e-05,Torr
2026-02-08T21:54:29.141535,7163.333,7.9e-05,Torr
2026-02-08T21:54:34.156257,7168.347,7.9e-05,Torr
2026-02-08T21:54:41.312536,7175.504,8e-05,Torr
2026-02-08T21:54:46.327334,7180.518,8e-05,Torr
2026-02-08T21:54:53.483557,7187.675,8.05e-05,Torr
2026-02-08T21:54:58.498407,7192.690,8.3e-05,Torr
2026-02-08T21:55:05.670426,7199.862,8.25e-05,Torr
2026-02-08T21:55:10.732353,7204.923,8.3e-05,Torr
2026-02-08T21:55:15.747211,7209.938,8.3e-05,Torr
2026-02-08T21:55:22.903517,7217.095,8.400000000000001e-05,Torr
2026-02-08T21:55:27.918249,7222.109,8.4e-05,Torr
2026-02-08T21:55:35.074586,7229.266,8.55e-05,Torr
2026-02-08T21:55:40.089304,7234.280,8.7e-05,Torr
2026-02-08T21:55:47.245628,7241.437,8.9e-05,Torr
2026-02-08T21:55:52.260377,7246.452,8.9e-05,Torr
2026-02-08T21:55:59.416677,7253.608,8.950000000000001e-05,Torr
2026-02-08T21:56:04.431423,7258.623,8.9e-05,Torr
2026-02-08T21:56:11.603341,7265.794,9.2e-05,Torr
2026-02-08T21:56:16.618134,7270.809,9.3e-05,Torr
2026-02-08T21:56:23.774412,7277.966,9.3e-05,Torr
2026-02-08T21:56:28.789165,7282.980,9.3e-05,Torr
2026-02-08T21:56:35.945386,7290.137,9.400000000000001e-05,Torr
2026-02-08T21:56:40.960209,7295.151,9.7e-05,Torr
2026-02-08T21:56:48.116443,7302.308,9.6e-05,Torr
2026-02-08T21:56:53.131275,7307.322,9.8e-05,Torr
2026-02-08T21:57:00.287547,7314.479,9.85e-05,Torr
2026-02-08T21:57:05.302337,7319.493,9.9e-05,Torr
2026-02-08T21:57:12.474207,7326.665,9.95e-05,Torr
2026-02-08T21:57:17.488980,7331.680,0.0001,Torr
2026-02-08T21:57:24.645261,7338.836,0.0001,Torr
2026-02-08T21:57:29.660052,7343.851,0.0001,Torr
2026-02-08T21:57:36.816303,7351.007,0.0001,Torr
2026-02-08T21:57:41.831115,7356.022,0.00011,Torr
2026-02-08T21:57:48.987405,7363.179,0.00011,Torr
2026-02-08T21:57:54.002150,7368.193,0.00011,Torr
2026-02-08T21:58:01.158514,7375.350,0.00011,Torr
2026-02-08T21:58:06.173208,7380.364,0.00011,Torr
2026-02-08T21:58:13.345136,7387.536,0.00011,Torr
2026-02-08T21:58:18.359879,7392.551,0.00011,Torr
2026-02-08T21:58:25.516171,7399.707,0.00011,Torr
2026-02-08T21:58:30.530951,7404.722,0.00011,Torr
2026-02-08T21:58:37.687301,7411.878,0.000115,Torr
2026-02-08T21:58:42.701997,7416.893,0.00011,Torr
2026-02-08T21:58:49.858256,7424.049,0.00012,Torr
2026-02-08T21:58:54.873049,7429.064,0.00012,Torr
2026-02-08T21:59:02.029332,7436.220,0.00012,Torr
2026-02-08T21:59:07.044127,7441.235,0.00012,Torr
2026-02-08T21:59:14.216013,7448.407,0.00012,Torr
2026-02-08T21:59:19.230801,7453.422,0.00012,Torr
2026-02-08T21:59:26.387032,7460.578,0.00012,Torr
2026-02-08T21:59:31.401826,7465.593,0.00012,Torr
2026-02-08T21:59:38.558125,7472.749,0.000125,Torr
2026-02-08T21:59:43.572887,7477.764,0.00013,Torr
2026-02-08T21:59:50.729143,7484.920,0.00013,Torr
2026-02-08T21:59:55.743945,7489.935,0.00013,Torr
2026-02-08T22:00:02.900222,7497.091,0.00013,Torr
2026-02-08T22:00:07.914981,7502.106,0.00013,Torr
2026-02-08T22:00:15.086917,7509.278,0.00013,Torr
2026-02-08T22:00:20.101671,7514.293,0.00013,Torr
2026-02-08T22:00:27.257919,7521.449,0.00013,Torr
2026-02-08T22:00:32.272769,7526.464,0.00013,Torr
2026-02-08T22:00:39.444658,7533.636,0.00013499999999999997,Torr
2026-02-08T22:00:44.459400,7538.651,0.00013,Torr
2026-02-08T22:00:51.615714,7545.807,0.00014,Torr
2026-02-08T22:00:56.630463,7550.822,0.00014,Torr
2026-02-08T22:01:03.786752,7557.978,0.00014,Torr
2026-02-08T22:01:08.801507,7562.993,0.00014,Torr
2026-02-08T22:01:15.973417,7570.165,0.00014,Torr
2026-02-08T22:01:20.988200,7575.179,0.00014,Torr
2026-02-08T22:01:28.144492,7582.336,0.00014,Torr
2026-02-08T22:01:33.159261,7587.350,0.00014,Torr
2026-02-08T22:01:40.315515,7594.507,0.00015,Torr
2026-02-08T22:01:45.330318,7599.521,0.00014,Torr
2026-02-08T22:01:52.486560,7606.678,0.000145,Torr
2026-02-08T22:01:57.501336,7611.692,0.00015,Torr
2026-02-08T22:02:04.657616,7618.849,0.00015,Torr
2026-02-08T22:02:09.672423,7623.864,0.00015,Torr
2026-02-08T22:02:16.844354,7631.035,0.00015,Torr
2026-02-08T22:02:21.859083,7636.050,0.00015,Torr
2026-02-08T22:02:29.015364,7643.207,0.00015,Torr
2026-02-08T22:02:34.030128,7648.221,0.00016,Torr
2026-02-08T22:02:41.186395,7655.378,0.00016,Torr
2026-02-08T22:02:46.201183,7660.392,0.00016,Torr
2026-02-08T22:02:53.357513,7667.549,0.00016,Torr
2026-02-08T22:02:58.372260,7672.563,0.00016,Torr
2026-02-08T22:03:05.528483,7679.720,0.00017,Torr
2026-02-08T22:03:10.543308,7684.734,0.00017,Torr
2026-02-08T22:03:17.715270,7691.906,0.00017,Torr
2026-02-08T22:03:22.729982,7696.921,0.00017,Torr
2026-02-08T22:03:29.886268,7704.077,0.00017,Torr
2026-02-08T22:03:34.901036,7709.092,0.00017,Torr
2026-02-08T22:03:42.057268,7716.248,0.00018,Torr
2026-02-08T22:03:47.072115,7721.263,0.00018,Torr
2026-02-08T22:03:54.228398,7728.420,0.00018,Torr
2026-02-08T22:03:59.243145,7733.434,0.00018,Torr
2026-02-08T22:04:06.399485,7740.591,0.00018,Torr
2026-02-08T22:04:11.414211,7745.605,0.00018,Torr
2026-02-08T22:04:18.586120,7752.777,0.000185,Torr
2026-02-08T22:04:23.600871,7757.792,0.00019,Torr
2026-02-08T22:04:30.757159,7764.948,0.00019,Torr
2026-02-08T22:04:35.771934,7769.963,0.00019,Torr
2026-02-08T22:04:42.928174,7777.119,0.00019,Torr
2026-02-08T22:04:47.942974,7782.134,0.00019,Torr
2026-02-08T22:04:55.099241,7789.290,0.00019500000000000002,Torr
2026-02-08T22:05:00.114038,7794.305,0.0002,Torr
2026-02-08T22:05:07.270345,7801.461,0.0002,Torr
2026-02-08T22:05:12.285089,7806.476,0.0002,Torr
2026-02-08T22:05:19.457039,7813.648,0.00021,Torr
2026-02-08T22:05:24.471755,7818.663,0.00021,Torr
2026-02-08T22:05:31.628064,7825.819,0.00021,Torr
2026-02-08T22:05:36.642824,7830.834,0.00021,Torr
2026-02-08T22:05:43.799123,7837.990,0.00021,Torr
2026-02-08T22:05:48.813887,7843.005,0.00022,Torr
2026-02-08T22:05:55.970145,7850.161,0.00022,Torr
2026-02-08T22:06:00.984922,7855.176,0.00022,Torr
2026-02-08T22:06:08.141187,7862.332,0.00022,Torr
2026-02-08T22:06:13.155978,7867.347,0.00022,Torr
2026-02-08T22:06:20.327830,7874.519,0.00022,Torr
2026-02-08T22:06:25.342664,7879.534,0.00022,Torr
2026-02-08T22:06:32.514543,7886.706,0.000225,Torr
2026-02-08T22:06:37.529356,7891.720,0.00023,Torr
2026-02-08T22:06:44.685575,7898.877,0.00023,Torr
2026-02-08T22:06:49.700424,7903.892,0.00023,Torr
2026-02-08T22:06:56.856652,7911.048,0.00023,Torr
2026-02-08T22:07:01.871464,7916.063,0.00023,Torr
2026-02-08T22:07:09.027739,7923.219,0.00023500000000000002,Torr
2026-02-08T22:07:14.042512,7928.234,0.00024,Torr
2026-02-08T22:07:21.214456,7935.406,0.00024,Torr
2026-02-08T22:07:26.229187,7940.420,0.00024,Torr
2026-02-08T22:07:33.385435,7947.577,0.00024,Torr
2026-02-08T22:07:38.400227,7952.591,0.00025,Torr
2026-02-08T22:07:45.556468,7959.748,0.000245,Torr
2026-02-08T22:07:50.571291,7964.762,0.00025,Torr
2026-02-08T22:07:57.727656,7971.919,0.00025,Torr
2026-02-08T22:08:02.742349,7976.933,0.00025,Torr
2026-02-08T22:08:09.898634,7984.090,0.000255,Torr
2026-02-08T22:08:14.913391,7989.105,0.00026,Torr
2026-02-08T22:08:22.085307,7996.276,0.00026,Torr
2026-02-08T22:08:27.100072,8001.291,0.00026,Torr
2026-02-08T22:08:34.271984,8008.463,0.00026,Torr
2026-02-08T22:08:39.286745,8013.478,0.00026,Torr
2026-02-08T22:08:46.458628,8020.650,0.00026,Torr
2026-02-08T22:08:51.473423,8025.665,0.00027,Torr
2026-02-08T22:08:58.645328,8032.836,0.00027,Torr
2026-02-08T22:09:03.660113,8037.851,0.00027,Torr
2026-02-08T22:09:10.832018,8045.023,0.00027,Torr
2026-02-08T22:09:15.846797,8050.038,0.00028,Torr
2026-02-08T22:09:23.018646,8057.210,0.00027499999999999996,Torr
2026-02-08T22:09:28.033479,8062.225,0.00028,Torr
2026-02-08T22:09:35.205390,8069.397,0.00028,Torr
2026-02-08T22:09:40.220140,8074.411,0.00028,Torr
2026-02-08T22:09:47.392068,8081.583,0.00029,Torr
2026-02-08T22:09:52.406816,8086.598,0.00029,Torr
2026-02-08T22:09:59.578750,8093.770,0.00029,Torr
2026-02-08T22:10:04.593512,8098.785,0.00029,Torr
2026-02-08T22:10:11.765434,8105.957,0.000295,Torr
2026-02-08T22:10:16.780172,8110.971,0.0003,Torr
2026-02-08T22:10:23.952061,8118.143,0.0003,Torr
2026-02-08T22:10:28.966850,8123.158,0.0003,Torr
2026-02-08T22:10:36.138742,8130.330,0.000305,Torr
2026-02-08T22:10:41.153519,8135.345,0.00031,Torr
2026-02-08T22:10:48.325470,8142.517,0.00031,Torr
2026-02-08T22:10:53.340214,8147.531,0.00031,Torr
2026-02-08T22:11:00.512126,8154.703,0.000315,Torr
2026-02-08T22:11:05.526888,8159.718,0.00032,Torr
2026-02-08T22:11:12.698757,8166.890,0.00032,Torr
2026-02-08T22:11:17.713553,8171.905,0.00033,Torr
2026-02-08T22:11:24.885834,8179.077,0.00033,Torr
2026-02-08T22:11:29.900249,8184.091,0.00033,Torr
2026-02-08T22:11:37.072183,8191.263,0.00033,Torr
2026-02-08T22:11:42.086932,8196.278,0.00034,Torr
2026-02-08T22:11:49.258850,8203.450,0.000335,Torr
2026-02-08T22:11:54.273603,8208.465,2.3e-05,Torr
2026-02-08T22:12:01.445529,8215.637,1.07e-05,Torr
2026-02-08T22:12:06.460271,8220.651,8.3e-06,Torr
2026-02-08T22:12:13.632275,8227.823,7.45e-06,Torr
2026-02-08T22:12:18.646960,8232.838,6.8e-06,Torr
2026-02-08T22:12:25.818894,8240.010,6.45e-06,Torr
2026-02-08T22:12:30.833639,8245.025,6.1e-06,Torr
2026-02-08T22:12:37.989933,8252.181,5.8e-06,Torr
2026-02-08T22:12:43.004690,8257.196,5.7e-06,Torr
2026-02-08T22:12:50.160969,8264.352,5.3e-06,Torr
2026-02-08T22:12:55.175754,8269.367,5.3e-06,Torr
2026-02-08T22:13:02.332007,8276.523,5.15e-06,Torr
2026-02-08T22:13:07.346789,8281.538,5e-06,Torr
2026-02-08T22:13:14.503085,8288.694,4.9e-06,Torr
2026-02-08T22:13:19.517861,8293.709,4.8e-06,Torr
2026-02-08T22:13:26.674227,8300.865,4.7e-06,Torr
2026-02-08T22:13:31.688919,8305.880,4.6e-06,Torr
2026-02-08T22:13:38.845155,8313.036,4.5e-06,Torr
2026-02-08T22:13:43.859952,8318.051,4.5e-06,Torr
2026-02-08T22:13:51.016271,8325.207,4.5e-06,Torr
2026-02-08T22:13:56.031024,8330.222,4.4e-06,Torr
2026-02-08T22:14:03.187285,8337.378,4.4e-06,Torr
2026-02-08T22:14:08.202067,8342.393,4.4e-06,Torr
2026-02-08T22:14:15.358357,8349.549,4.25e-06,Torr
2026-02-08T22:14:20.373121,8354.564,4.3e-06,Torr
2026-02-08T22:14:27.529399,8361.721,4.25e-06,Torr
2026-02-08T22:14:32.544171,8366.735,4.2e-06,Torr
2026-02-08T22:14:39.716054,8373.907,4.2e-06,Torr
2026-02-08T22:14:44.730852,8378.922,4.2e-06,Torr
2026-02-08T22:14:51.887164,8386.078,4.2e-06,Torr
2026-02-08T22:14:56.901900,8391.093,4.2e-06,Torr
2026-02-08T22:15:04.058153,8398.249,4.45e-06,Torr
2026-02-08T22:15:09.072949,8403.264,4.6e-06,Torr
2026-02-08T22:15:16.229218,8410.420,4.45e-06,Torr
2026-02-08T22:15:21.244012,8415.435,4.2e-06,Torr
2026-02-08T22:15:28.400323,8422.591,4.2e-06,Torr
2026-02-08T22:15:33.415069,8427.606,4.2e-06,Torr
2026-02-08T22:15:40.571381,8434.763,4.2e-06,Torr
2026-02-08T22:15:45.586130,8439.777,4.2e-06,Torr
2026-02-08T22:15:52.742398,8446.934,4.2e-06,Torr
2026-02-08T22:15:57.757221,8451.948,4.2e-06,Torr
2026-02-08T22:16:04.913498,8459.105,4.2e-06,Torr
2026-02-08T22:16:09.928229,8464.119,4.2e-06,Torr
2026-02-08T22:16:17.084488,8471.276,4.2e-06,Torr
2026-02-08T22:16:22.099283,8476.290,4.2e-06,Torr
2026-02-08T22:16:29.255533,8483.447,4.149999999999999e-06,Torr
2026-02-08T22:16:34.270338,8488.461,4.2e-06,Torr
2026-02-08T22:16:41.426638,8495.618,4.2e-06,Torr
2026-02-08T22:16:46.441397,8500.633,4.2e-06,Torr
2026-02-08T22:16:53.597698,8507.789,4.2e-06,Torr
2026-02-08T22:16:58.612448,8512.804,4.2e-06,Torr
2026-02-08T22:17:05.769634,8519.961,4.25e-06,Torr
2026-02-08T22:17:10.783507,8524.975,4.2e-06,Torr
2026-02-08T22:17:17.939740,8532.131,4.25e-06,Torr
2026-02-08T22:17:22.954574,8537.146,4.3e-06,Torr
2026-02-08T22:17:30.110823,8544.302,4.350000000000001e-06,Torr
2026-02-08T22:17:35.125613,8549.317,4.3e-06,Torr
2026-02-08T22:17:42.281900,8556.473,4.350000000000001e-06,Torr
2026-02-08T22:17:47.296673,8561.488,4.4e-06,Torr
2026-02-08T22:17:54.452893,8568.644,4.3e-06,Torr
2026-02-08T22:17:59.467717,8573.659,4.3e-06,Torr
2026-02-08T22:18:06.624039,8580.815,4.4e-06,Torr
2026-02-08T22:18:11.638775,8585.830,4.4e-06,Torr
2026-02-08T22:18:18.795035,8592.986,4.3e-06,Torr
2026-02-08T22:18:23.809831,8598.001,4.3e-06,Torr
2026-02-08T22:18:30.966084,8605.157,4.4e-06,Torr
2026-02-08T22:18:35.980878,8610.172,4.3e-06,Torr
2026-02-08T22:18:43.137179,8617.328,4.4e-06,Torr
2026-02-08T22:18:48.151922,8622.343,4.4e-06,Torr
2026-02-08T22:18:55.308172,8629.499,4.4e-06,Torr
2026-02-08T22:19:00.323023,8634.514,4.4e-06,Torr
2026-02-08T22:19:07.479213,8641.670,4.4e-06,Torr
2026-02-08T22:19:12.494035,8646.685,4.4e-06,Torr
2026-02-08T22:19:19.650319,8653.841,4.4e-06,Torr
2026-02-08T22:19:24.665093,8658.856,4.4e-06,Torr
2026-02-08T22:19:31.821404,8666.013,4.4e-06,Torr
2026-02-08T22:19:36.836156,8671.027,4.4e-06,Torr
2026-02-08T22:19:43.992364,8678.184,4.4e-06,Torr
2026-02-08T22:19:49.007197,8683.198,5e-06,Torr
2026-02-08T22:19:56.163494,8690.355,4.95e-06,Torr
2026-02-08T22:20:01.178353,8695.369,4.7e-06,Torr
2026-02-08T22:20:08.334557,8702.526,4.5500000000000005e-06,Torr
2026-02-08T22:20:13.349306,8707.540,4.5e-06,Torr
2026-02-08T22:20:20.505529,8714.697,4.5e-06,Torr
2026-02-08T22:20:25.522532,8719.714,4.5e-06,Torr
2026-02-08T22:20:32.678848,8726.870,4.5e-06,Torr
2026-02-08T22:20:37.693588,8731.885,4.5e-06,Torr
2026-02-08T22:20:44.849840,8739.041,4.5e-06,Torr
2026-02-08T22:20:49.864623,8744.056,4.5e-06,Torr
2026-02-08T22:20:57.020918,8751.212,4.5e-06,Torr
2026-02-08T22:21:02.035697,8756.227,4.5e-06,Torr
2026-02-08T22:21:09.191932,8763.383,4.5e-06,Torr
2026-02-08T22:21:14.206750,8768.398,4.5e-06,Torr
2026-02-08T22:21:21.363045,8775.554,4.5e-06,Torr
2026-02-08T22:21:26.377794,8780.569,4.5e-06,Torr
2026-02-08T22:21:33.534083,8787.725,4.5e-06,Torr
2026-02-08T22:21:38.548863,8792.740,4.5e-06,Torr
2026-02-08T22:21:45.705125,8799.896,4.5e-06,Torr
2026-02-08T22:21:50.719905,8804.911,4.5e-06,Torr
2026-02-08T22:21:57.876164,8812.067,4.5e-06,Torr
2026-02-08T22:22:02.890970,8817.082,4.5e-06,Torr
2026-02-08T22:22:10.047263,8824.238,4.5e-06,Torr
2026-02-08T22:22:15.062005,8829.253,4.5e-06,Torr
2026-02-08T22:22:22.218339,8836.409,4.5500000000000005e-06,Torr
2026-02-08T22:22:27.233075,8841.424,4.6e-06,Torr
2026-02-08T22:22:34.389305,8848.580,4.5500000000000005e-06,Torr
2026-02-08T22:22:39.404122,8853.595,4.6e-06,Torr
2026-02-08T22:22:46.560508,8860.752,4.5e-06,Torr
2026-02-08T22:22:51.575163,8865.766,4.6e-06,Torr
2026-02-08T22:22:58.731400,8872.923,4.6e-06,Torr
2026-02-08T22:23:03.746233,8877.937,4.6e-06,Torr
2026-02-08T22:23:10.902510,8885.094,4.6499999999999995e-06,Torr
2026-02-08T22:23:15.917279,8890.108,4.6e-06,Torr
2026-02-08T22:23:23.073550,8897.265,4.6e-06,Torr
2026-02-08T22:23:28.088345,8902.279,4.6e-06,Torr
2026-02-08T22:23:35.244555,8909.436,4.6e-06,Torr
2026-02-08T22:23:40.259387,8914.451,4.7e-06,Torr
2026-02-08T22:23:47.415641,8921.607,4.6499999999999995e-06,Torr
2026-02-08T22:23:52.430441,8926.622,4.6e-06,Torr
2026-02-08T22:23:59.586763,8933.778,4.6e-06,Torr
2026-02-08T22:24:04.601503,8938.793,4.7e-06,Torr
2026-02-08T22:24:11.773432,8945.965,4.7e-06,Torr
2026-02-08T22:24:16.788182,8950.979,4.7e-06,Torr
2026-02-08T22:24:23.944448,8958.136,4.6e-06,Torr
2026-02-08T22:24:28.959229,8963.150,4.6e-06,Torr
2026-02-08T22:24:36.115466,8970.307,4.7e-06,Torr
2026-02-08T22:24:41.130288,8975.321,4.7e-06,Torr
2026-02-08T22:24:48.286611,8982.478,4.7e-06,Torr
2026-02-08T22:24:53.301336,8987.492,4.7e-06,Torr
2026-02-08T22:25:00.457605,8994.649,4.7e-06,Torr
2026-02-08T22:25:05.472382,8999.664,4.7e-06,Torr
2026-02-08T22:25:12.628654,9006.820,4.6499999999999995e-06,Torr
2026-02-08T22:25:17.643467,9011.835,4.7e-06,Torr
2026-02-08T22:25:24.799740,9018.991,4.7e-06,Torr
2026-02-08T22:25:29.814504,9024.006,4.7e-06,Torr
2026-02-08T22:25:36.970764,9031.162,4.6499999999999995e-06,Torr
2026-02-08T22:25:41.985562,9036.177,4.7e-06,Torr
2026-02-08T22:25:49.141855,9043.333,4.7e-06,Torr
2026-02-08T22:25:54.156603,9048.348,5.1e-06,Torr
2026-02-08T22:26:01.312866,9055.504,4.9999999999999996e-06,Torr
2026-02-08T22:26:06.327693,9060.519,4.9e-06,Torr
2026-02-08T22:26:13.483962,9067.675,4.849999999999999e-06,Torr
2026-02-08T22:26:18.498719,9072.690,4.7e-06,Torr
2026-02-08T22:26:25.654999,9079.846,4.8e-06,Torr
2026-02-08T22:26:30.669779,9084.861,4.7e-06,Torr
2026-02-08T22:26:37.826020,9092.017,4.7e-06,Torr
2026-02-08T22:26:42.840832,9097.032,4.7e-06,Torr
2026-02-08T22:26:49.997056,9104.188,4.7e-06,Torr
2026-02-08T22:26:55.011884,9109.203,4.7e-06,Torr
2026-02-08T22:27:02.168285,9116.359,4.7e-06,Torr
2026-02-08T22:27:07.182929,9121.374,4.7e-06,Torr
2026-02-08T22:27:14.339238,9128.530,4.7e-06,Torr
2026-02-08T22:27:19.354010,9133.545,4.7e-06,Torr
2026-02-08T22:27:26.510285,9140.701,4.7e-06,Torr
2026-02-08T22:27:31.525038,9145.716,4.7e-06,Torr
2026-02-08T22:27:38.681379,9152.873,4.7e-06,Torr
2026-02-08T22:27:43.696082,9157.887,4.7e-06,Torr
2026-02-08T22:27:50.852365,9165.044,4.7e-06,Torr
2026-02-08T22:27:55.867136,9170.058,4.7e-06,Torr
2026-02-08T22:28:03.023363,9177.215,4.7e-06,Torr
2026-02-08T22:28:08.038209,9182.229,4.7e-06,Torr
2026-02-08T22:28:15.194464,9189.386,4.7e-06,Torr
2026-02-08T22:28:20.209290,9194.400,4.7e-06,Torr
2026-02-08T22:28:27.365514,9201.557,4.75e-06,Torr
2026-02-08T22:28:32.380321,9206.571,4.7e-06,Torr
2026-02-08T22:28:39.536550,9213.728,4.7e-06,Torr
2026-02-08T22:28:44.551363,9218.743,4.7e-06,Torr
2026-02-08T22:28:51.707654,9225.899,4.75e-06,Torr
2026-02-08T22:28:56.722429,9230.914,4.7e-06,Torr
2026-02-08T22:29:03.878725,9238.070,4.75e-06,Torr
2026-02-08T22:29:08.893476,9243.085,4.7e-06,Torr
2026-02-08T22:29:16.049754,9250.241,4.8e-06,Torr
2026-02-08T22:29:21.064526,9255.256,4.7e-06,Torr
2026-02-08T22:29:28.220770,9262.412,4.8e-06,Torr
2026-02-08T22:29:33.235572,9267.427,4.8e-06,Torr
2026-02-08T22:29:40.391843,9274.583,4.75e-06,Torr
2026-02-08T22:29:45.406664,9279.598,4.8e-06,Torr
2026-02-08T22:29:52.563011,9286.754,4.8e-06,Torr
2026-02-08T22:29:57.577685,9291.769,4.7e-06,Torr
2026-02-08T22:30:04.733970,9298.925,4.95e-06,Torr
2026-02-08T22:30:09.748735,9303.940,5e-06,Torr
2026-02-08T22:30:16.905019,9311.096,4.9e-06,Torr
2026-02-08T22:30:21.919812,9316.111,4.8e-06,Torr
2026-02-08T22:30:29.076099,9323.267,4.849999999999999e-06,Torr
2026-02-08T22:30:34.090856,9328.282,4.8e-06,Torr
2026-02-08T22:30:41.247314,9335.438,4.849999999999999e-06,Torr
2026-02-08T22:30:46.261910,9340.453,4.9e-06,Torr
2026-02-08T22:30:53.418126,9347.609,4.8e-06,Torr
2026-02-08T22:30:58.432965,9352.624,4.9e-06,Torr
2026-02-08T22:31:05.589226,9359.780,4.8e-06,Torr
2026-02-08T22:31:10.604016,9364.795,4.8e-06,Torr
2026-02-08T22:31:17.760294,9371.951,4.8e-06,Torr
2026-02-08T22:31:22.775066,9376.966,4.7e-06,Torr
2026-02-08T22:31:29.931318,9384.122,4.9e-06,Torr
2026-02-08T22:31:34.946117,9389.137,4.9e-06,Torr
2026-02-08T22:31:42.102419,9396.294,4.9e-06,Torr
2026-02-08T22:31:47.117172,9401.308,4.8e-06,Torr
2026-02-08T22:31:54.273377,9408.465,4.849999999999999e-06,Torr
2026-02-08T22:31:59.288239,9413.479,4.9e-06,Torr
2026-02-08T22:32:06.444572,9420.636,4.8e-06,Torr
2026-02-08T22:32:11.459275,9425.650,4.8e-06,Torr
2026-02-08T22:32:18.615573,9432.807,4.849999999999999e-06,Torr
2026-02-08T22:32:23.630343,9437.821,4.8e-06,Torr
2026-02-08T22:32:30.786644,9444.978,4.849999999999999e-06,Torr
2026-02-08T22:32:35.801398,9449.993,4.8e-06,Torr
2026-02-08T22:32:42.957638,9457.149,4.8e-06,Torr
2026-02-08T22:32:47.972454,9462.164,4.8e-06,Torr
2026-02-08T22:32:55.128712,9469.320,4.849999999999999e-06,Torr
2026-02-08T22:33:00.143524,9474.335,4.9e-06,Torr
2026-02-08T22:33:07.299771,9481.491,4.8e-06,Torr
2026-02-08T22:33:12.314537,9486.506,4.9e-06,Torr
2026-02-08T22:33:19.470872,9493.662,4.849999999999999e-06,Torr
2026-02-08T22:33:24.485605,9498.677,4.8e-06,Torr
2026-02-08T22:33:31.641837,9505.833,4.9e-06,Torr
2026-02-08T22:33:36.656679,9510.848,4.9e-06,Torr
2026-02-08T22:33:43.812954,9518.004,4.9e-06,Torr
2026-02-08T22:33:48.827754,9523.019,4.9e-06,Torr
2026-02-08T22:33:55.984044,9530.175,4.9e-06,Torr
2026-02-08T22:34:00.998780,9535.190,4.8e-06,Torr
2026-02-08T22:34:08.155087,9542.346,4.9e-06,Torr
2026-02-08T22:34:13.169816,9547.361,4.8e-06,Torr
2026-02-08T22:34:20.326153,9554.517,4.9e-06,Torr
2026-02-08T22:34:25.340881,9559.532,4.9e-06,Torr
2026-02-08T22:34:32.497119,9566.688,4.9e-06,Torr
2026-02-08T22:34:37.511922,9571.703,4.9e-06,Torr
2026-02-08T22:34:44.668208,9578.859,4.9e-06,Torr
2026-02-08T22:34:49.682980,9583.874,4.9e-06,Torr
2026-02-08T22:34:56.839204,9591.030,4.9e-06,Torr
2026-02-08T22:35:01.854038,9596.045,4.9e-06,Torr
2026-02-08T22:35:09.010276,9603.201,4.9e-06,Torr
2026-02-08T22:35:14.025106,9608.216,4.9e-06,Torr
2026-02-08T22:35:21.181460,9615.373,4.9e-06,Torr
2026-02-08T22:35:26.196172,9620.387,4.9e-06,Torr
2026-02-08T22:35:33.337390,9627.529,4.9e-06,Torr
2026-02-08T22:35:38.352131,9632.543,4.9e-06,Torr
2026-02-08T22:35:45.508390,9639.700,4.9e-06,Torr
2026-02-08T22:35:50.523190,9644.714,4.9e-06,Torr
2026-02-08T22:35:57.679615,9651.871,4.9e-06,Torr
2026-02-08T22:36:02.694247,9656.885,4.9e-06,Torr
2026-02-08T22:36:09.850528,9664.042,4.9e-06,Torr
2026-02-08T22:36:14.865306,9669.056,4.9e-06,Torr
2026-02-08T22:36:22.021565,9676.213,4.9e-06,Torr
2026-02-08T22:36:27.036364,9681.228,4.9e-06,Torr
2026-02-08T22:36:34.192638,9688.384,4.9e-06,Torr
2026-02-08T22:36:39.207404,9693.399,4.9e-06,Torr
2026-02-08T22:36:46.379333,9700.570,4.9e-06,Torr
2026-02-08T22:36:51.394091,9705.585,4.9e-06,Torr
2026-02-08T22:36:58.550349,9712.741,4.9e-06,Torr
2026-02-08T22:37:03.565145,9717.756,4.9e-06,Torr
2026-02-08T22:37:10.721420,9724.913,4.9e-06,Torr
2026-02-08T22:37:15.736193,9729.927,4.9e-06,Torr
2026-02-08T22:37:22.892468,9737.084,4.9e-06,Torr
2026-02-08T22:37:27.907254,9742.098,5e-06,Torr
2026-02-08T22:37:35.063523,9749.255,4.9e-06,Torr
2026-02-08T22:37:40.078385,9754.270,5e-06,Torr
2026-02-08T22:37:47.234602,9761.426,5e-06,Torr
2026-02-08T22:37:52.249361,9766.441,5e-06,Torr
2026-02-08T22:37:59.405652,9773.597,4.9e-06,Torr
2026-02-08T22:38:04.420415,9778.612,4.9e-06,Torr
2026-02-08T22:38:11.576663,9785.768,4.95e-06,Torr
2026-02-08T22:38:16.591450,9790.783,5e-06,Torr
2026-02-08T22:38:23.747759,9797.939,5e-06,Torr
2026-02-08T22:38:28.762519,9802.954,5e-06,Torr
2026-02-08T22:38:35.918801,9810.110,4.9999999999999996e-06,Torr
2026-02-08T22:38:40.933589,9815.125,5e-06,Torr
2026-02-08T22:38:48.089871,9822.281,5e-06,Torr
2026-02-08T22:38:53.104635,9827.296,5.1e-06,Torr
2026-02-08T22:39:00.260992,9834.452,5e-06,Torr
2026-02-08T22:39:05.275675,9839.467,5e-06,Torr
2026-02-08T22:39:12.431995,9846.623,5.050000000000001e-06,Torr
2026-02-08T22:39:17.446729,9851.638,5e-06,Torr
2026-02-08T22:39:24.603013,9858.794,5.050000000000001e-06,Torr
2026-02-08T22:39:29.617797,9863.809,5e-06,Torr
2026-02-08T22:39:36.774025,9870.965,4.9999999999999996e-06,Torr
2026-02-08T22:39:41.788846,9875.980,5.1e-06,Torr
2026-02-08T22:39:48.945069,9883.136,5e-06,Torr
2026-02-08T22:39:53.959894,9888.151,5e-06,Torr
2026-02-08T22:40:01.116142,9895.307,5.050000000000001e-06,Torr
2026-02-08T22:40:06.130953,9900.322,5.1e-06,Torr
2026-02-08T22:40:13.287210,9907.478,5.1e-06,Torr
2026-02-08T22:40:18.301999,9912.493,5.1e-06,Torr
2026-02-08T22:40:25.458309,9919.649,5.1e-06,Torr
2026-02-08T22:40:30.473074,9924.664,5.1e-06,Torr
2026-02-08T22:40:37.629318,9931.820,5.1e-06,Torr
2026-02-08T22:40:42.644096,9936.835,5e-06,Torr
2026-02-08T22:40:49.800377,9943.992,5.050000000000001e-06,Torr
2026-02-08T22:40:54.815167,9949.006,5.1e-06,Torr
2026-02-08T22:41:01.971428,9956.163,5.1e-06,Torr
2026-02-08T22:41:06.986217,9961.177,5e-06,Torr
2026-02-08T22:41:14.142519,9968.334,5.1e-06,Torr
2026-02-08T22:41:19.157270,9973.348,5.1e-06,Torr
2026-02-08T22:41:26.313541,9980.505,5.1e-06,Torr
2026-02-08T22:41:31.328346,9985.519,5.1e-06,Torr
2026-02-08T22:41:38.484612,9992.676,5.1e-06,Torr
2026-02-08T22:41:43.499379,9997.691,5.1e-06,Torr
2026-02-08T22:41:50.655611,10004.847,5.1e-06,Torr
2026-02-08T22:41:55.670460,10009.862,5.1e-06,Torr
2026-02-08T22:42:02.826753,10017.018,5.1e-06,Torr
2026-02-08T22:42:07.841505,10022.033,5.1e-06,Torr
2026-02-08T22:42:14.997823,10029.189,5.1e-06,Torr
2026-02-08T22:42:20.012532,10034.204,5.1e-06,Torr
2026-02-08T22:42:27.168844,10041.360,5.15e-06,Torr
2026-02-08T22:42:32.183588,10046.375,5.2e-06,Torr
2026-02-08T22:42:39.339886,10053.531,5.1e-06,Torr
2026-02-08T22:42:44.354676,10058.546,5.1e-06,Torr
2026-02-08T22:42:51.510953,10065.702,5.2e-06,Torr
2026-02-08T22:42:56.525689,10070.717,5.2e-06,Torr
2026-02-08T22:43:03.682055,10077.873,5.2e-06,Torr
2026-02-08T22:43:08.696740,10082.888,5.2e-06,Torr
2026-02-08T22:43:15.853033,10090.044,5.2e-06,Torr
2026-02-08T22:43:20.867829,10095.059,5.2e-06,Torr
2026-02-08T22:43:28.024048,10102.215,5.15e-06,Torr
2026-02-08T22:43:33.038875,10107.230,5.2e-06,Torr
2026-02-08T22:43:40.195098,10114.386,5.15e-06,Torr
2026-02-08T22:43:45.209924,10119.401,5.2e-06,Torr
2026-02-08T22:43:52.366201,10126.557,5.15e-06,Torr
2026-02-08T22:43:57.380524,10131.572,5.2e-06,Torr
2026-02-08T22:44:04.788269,10138.979,5.2e-06,Torr
2026-02-08T22:44:12.788369,10146.980,5.2e-06,Torr
2026-02-08T22:44:17.804167,10151.995,5.2e-06,Torr
2026-02-08T22:44:24.995699,10159.187,5.2500000000000006e-06,Torr
2026-02-08T22:44:30.006718,10164.198,5.1e-06,Torr
2026-02-08T22:44:37.100246,10171.291,5.2e-06,Torr
2026-02-08T22:44:42.115010,10176.306,5.2e-06,Torr
2026-02-08T22:44:49.271284,10183.462,5.3e-06,Torr
2026-02-08T22:44:54.286016,10188.477,5.3e-06,Torr
2026-02-08T22:45:01.442383,10195.634,5.2500000000000006e-06,Torr
2026-02-08T22:45:06.457053,10200.648,5.2e-06,Torr
2026-02-08T22:45:13.613399,10207.805,5.3e-06,Torr
2026-02-08T22:45:18.628302,10212.819,5.3e-06,Torr
2026-02-08T22:45:25.784421,10219.976,5.3e-06,Torr
2026-02-08T22:45:30.799168,10224.990,5.3e-06,Torr
2026-02-08T22:45:37.955481,10232.147,5.3e-06,Torr
2026-02-08T22:45:42.970363,10237.162,5.3e-06,Torr
2026-02-08T22:45:50.126566,10244.318,5.2500000000000006e-06,Torr
2026-02-08T22:45:55.141390,10249.333,5.3e-06,Torr
2026-02-08T22:46:02.297574,10256.489,5.3e-06,Torr
2026-02-08T22:46:07.312324,10261.503,5.3e-06,Torr
2026-02-08T22:46:14.468622,10268.660,5.3e-06,Torr
2026-02-08T22:46:19.483428,10273.675,5.3e-06,Torr
2026-02-08T22:46:26.639678,10280.831,5.35e-06,Torr
2026-02-08T22:46:31.654505,10285.846,5.3e-06,Torr
2026-02-08T22:46:38.810668,10293.002,5.3e-06,Torr
2026-02-08T22:46:43.825560,10298.017,5.4e-06,Torr
2026-02-08T22:46:50.981830,10305.173,5.3e-06,Torr
2026-02-08T22:46:55.996554,10310.188,5.4e-06,Torr
2026-02-08T22:47:03.152871,10317.344,5.35e-06,Torr
2026-02-08T22:47:08.167619,10322.359,5.4e-06,Torr
2026-02-08T22:47:15.339540,10329.531,5.4e-06,Torr
2026-02-08T22:47:20.354281,10334.545,5.4e-06,Torr
2026-02-08T22:47:27.510581,10341.702,5.4e-06,Torr
2026-02-08T22:47:32.525349,10346.716,5.4e-06,Torr
2026-02-08T22:47:39.681639,10353.873,5.4e-06,Torr
2026-02-08T22:47:44.696374,10358.888,5.4e-06,Torr
2026-02-08T22:47:51.852718,10366.044,5.4e-06,Torr
2026-02-08T22:47:56.867447,10371.059,5.4e-06,Torr
2026-02-08T22:48:04.023753,10378.215,5.4e-06,Torr
2026-02-08T22:48:09.038489,10383.230,5.4e-06,Torr
2026-02-08T22:48:16.194746,10390.386,5.35e-06,Torr
2026-02-08T22:48:21.209556,10395.401,5.4e-06,Torr
2026-02-08T22:48:28.365788,10402.557,5.45e-06,Torr
2026-02-08T22:48:33.380661,10407.572,5.4e-06,Torr
2026-02-08T22:48:40.536898,10414.728,5.4e-06,Torr
2026-02-08T22:48:45.551678,10419.743,5.4e-06,Torr
2026-02-08T22:48:52.707898,10426.899,5.5e-06,Torr
2026-02-08T22:48:57.722711,10431.914,5.4e-06,Torr
2026-02-08T22:49:04.879004,10439.070,5.5e-06,Torr
2026-02-08T22:49:09.893795,10444.085,5.5e-06,Torr
2026-02-08T22:49:17.050105,10451.241,5.45e-06,Torr
2026-02-08T22:49:22.064827,10456.256,5.5e-06,Torr
2026-02-08T22:49:29.221160,10463.412,5.5e-06,Torr
2026-02-08T22:49:34.235869,10468.427,5.5e-06,Torr
2026-02-08T22:49:41.392168,10475.583,5.5e-06,Torr
2026-02-08T22:49:46.407040,10480.598,5.5e-06,Torr
2026-02-08T22:49:53.563176,10487.754,5.5e-06,Torr
2026-02-08T22:49:58.577988,10492.769,5.4e-06,Torr
2026-02-08T22:50:05.734297,10499.925,5.5e-06,Torr
2026-02-08T22:50:10.749021,10504.940,5.6e-06,Torr
2026-02-08T22:50:17.905341,10512.096,5.549999999999999e-06,Torr
2026-02-08T22:50:22.920095,10517.111,5.5e-06,Torr
2026-02-08T22:50:30.076349,10524.267,5.549999999999999e-06,Torr
2026-02-08T22:50:35.091137,10529.282,5.5e-06,Torr
2026-02-08T22:50:42.247509,10536.439,5.549999999999999e-06,Torr
2026-02-08T22:50:47.262178,10541.453,5.6e-06,Torr
2026-02-08T22:50:54.418476,10548.610,5.6e-06,Torr
2026-02-08T22:50:59.433453,10553.625,5.6e-06,Torr
2026-02-08T22:51:06.589649,10560.781,5.65e-06,Torr
2026-02-08T22:51:11.604418,10565.796,5.6e-06,Torr
2026-02-08T22:51:18.776236,10572.967,5.65e-06,Torr
2026-02-08T22:51:23.790977,10577.982,5.6e-06,Torr
2026-02-08T22:51:30.947313,10585.138,5.6e-06,Torr
2026-02-08T22:51:35.962042,10590.153,5.6e-06,Torr
2026-02-08T22:51:43.118300,10597.309,5.65e-06,Torr
2026-02-08T22:51:48.133083,10602.324,5.6e-06,Torr
2026-02-08T22:51:55.289435,10609.481,5.7e-06,Torr
2026-02-08T22:52:00.304152,10614.495,5.7e-06,Torr
2026-02-08T22:52:07.460469,10621.652,5.7e-06,Torr
2026-02-08T22:52:12.475234,10626.666,5.8e-06,Torr
2026-02-08T22:52:19.647127,10633.838,6.05e-06,Torr
2026-02-08T22:52:24.661878,10638.853,5.9e-06,Torr
2026-02-08T22:52:31.818158,10646.009,5.8e-06,Torr
2026-02-08T22:52:36.832952,10651.024,5.7e-06,Torr
2026-02-08T22:52:43.989244,10658.180,5.75e-06,Torr
2026-02-08T22:52:49.004004,10663.195,5.7e-06,Torr
2026-02-08T22:52:56.160282,10670.351,5.7e-06,Torr
2026-02-08T22:53:01.175050,10675.366,5.7e-06,Torr
2026-02-08T22:53:08.331412,10682.523,5.7e-06,Torr
2026-02-08T22:53:13.346079,10687.537,5.7e-06,Torr
2026-02-08T22:53:20.518195,10694.709,5.75e-06,Torr
2026-02-08T22:53:25.532787,10699.724,5.7e-06,Torr
2026-02-08T22:53:32.689065,10706.880,5.7e-06,Torr
2026-02-08T22:53:37.703810,10711.895,5.8e-06,Torr
2026-02-08T22:53:44.875725,10719.067,5.8e-06,Torr
2026-02-08T22:53:49.890511,10724.082,5.7e-06,Torr
2026-02-08T22:53:57.046809,10731.238,5.8e-06,Torr
2026-02-08T22:54:02.061563,10736.253,5.7e-06,Torr
2026-02-08T22:54:09.217868,10743.409,5.8e-06,Torr
2026-02-08T22:54:14.232589,10748.424,5.9e-06,Torr
2026-02-08T22:54:21.404533,10755.596,5.85e-06,Torr
2026-02-08T22:54:26.419332,10760.610,5.9e-06,Torr
2026-02-08T22:54:33.575596,10767.767,5.9e-06,Torr
2026-02-08T22:54:38.590365,10772.782,5.8e-06,Torr
2026-02-08T22:54:45.746645,10779.938,5.9e-06,Torr
2026-02-08T22:54:50.761415,10784.953,5.9e-06,Torr
2026-02-08T22:54:57.917679,10792.109,5.9e-06,Torr
2026-02-08T22:55:02.932485,10797.124,5.9e-06,Torr
2026-02-08T22:55:11.104201,10805.295,5.9e-06,Torr
2026-02-08T22:55:16.119068,10810.310,5.9e-06,Torr
2026-02-08T22:55:23.260587,10817.452,5.85e-06,Torr
2026-02-08T22:55:28.275381,10822.467,5.9e-06,Torr
2026-02-08T22:55:35.431673,10829.623,5.9e-06,Torr
2026-02-08T22:55:40.446432,10834.638,5.9e-06,Torr
2026-02-08T22:55:47.618361,10841.810,5.9e-06,Torr
2026-02-08T22:55:52.633225,10846.824,5.9e-06,Torr
2026-02-08T22:55:59.789435,10853.981,5.9e-06,Torr
2026-02-08T22:56:04.804181,10858.995,5.9e-06,Torr
2026-02-08T22:56:11.960419,10866.152,6e-06,Torr
2026-02-08T22:56:16.975272,10871.166,5.9e-06,Torr
2026-02-08T22:56:24.131475,10878.323,6e-06,Torr
2026-02-08T22:56:29.146276,10883.337,6.1e-06,Torr
2026-02-08T22:56:36.302559,10890.494,5.950000000000001e-06,Torr
2026-02-08T22:56:41.317347,10895.508,6.1e-06,Torr
2026-02-08T22:56:48.489221,10902.680,6.05e-06,Torr
2026-02-08T22:56:53.504058,10907.695,6.1e-06,Torr
2026-02-08T22:57:00.660321,10914.851,6e-06,Torr
2026-02-08T22:57:05.675062,10919.866,6.1e-06,Torr
2026-02-08T22:57:12.831296,10927.022,6.05e-06,Torr
2026-02-08T22:57:17.846102,10932.037,6.1e-06,Torr
2026-02-08T22:57:25.002403,10939.194,6.1e-06,Torr
2026-02-08T22:57:30.017157,10944.208,6.1e-06,Torr
2026-02-08T22:57:37.173532,10951.365,6.1e-06,Torr
2026-02-08T22:57:42.188216,10956.379,6.1e-06,Torr
2026-02-08T22:57:49.360122,10963.551,6.1e-06,Torr
2026-02-08T22:57:54.374882,10968.566,6.1e-06,Torr
2026-02-08T22:58:01.531162,10975.722,6.1e-06,Torr
2026-02-08T22:58:06.545946,10980.737,6.2e-06,Torr
2026-02-08T22:58:13.702235,10987.893,6.15e-06,Torr
2026-02-08T22:58:18.717024,10992.908,6.2e-06,Torr
2026-02-08T22:58:25.873330,11000.064,6.2499999999999995e-06,Torr
2026-02-08T22:58:30.888072,11005.079,6.2e-06,Torr
2026-02-08T22:58:38.044321,11012.235,6.3e-06,Torr
2026-02-08T22:58:43.059175,11017.250,6.2e-06,Torr
2026-02-08T22:58:50.231007,11024.422,6.2499999999999995e-06,Torr
2026-02-08T22:58:55.245786,11029.437,6.3e-06,Torr
2026-02-08T22:59:02.402098,11036.593,6.2499999999999995e-06,Torr
2026-02-08T22:59:07.416858,11041.608,6.3e-06,Torr
2026-02-08T22:59:14.573117,11048.764,6.3e-06,Torr
2026-02-08T22:59:19.587914,11053.779,6.3e-06,Torr
2026-02-08T22:59:26.744226,11060.935,6.35e-06,Torr
2026-02-08T22:59:31.758960,11065.950,6.3e-06,Torr
2026-02-08T22:59:38.915274,11073.106,6.35e-06,Torr
2026-02-08T22:59:43.930052,11078.121,6.3e-06,Torr
2026-02-08T22:59:51.101927,11085.293,6.35e-06,Torr
2026-02-08T22:59:56.116704,11090.308,6.4e-06,Torr
2026-02-08T23:00:03.272986,11097.464,6.4e-06,Torr
2026-02-08T23:00:08.287735,11102.479,6.4e-06,Torr
2026-02-08T23:00:15.444029,11109.635,6.35e-06,Torr
2026-02-08T23:00:20.458816,11114.650,6.5e-06,Torr
2026-02-08T23:00:27.615047,11121.806,6.449999999999999e-06,Torr
2026-02-08T23:00:32.629895,11126.821,6.6e-06,Torr
2026-02-08T23:00:39.801766,11133.993,6.449999999999999e-06,Torr
2026-02-08T23:00:44.816520,11139.008,6.5e-06,Torr
2026-02-08T23:00:51.988427,11146.180,6.5e-06,Torr
2026-02-08T23:00:57.003194,11151.194,6.5e-06,Torr
2026-02-08T23:01:04.159541,11158.351,6.55e-06,Torr
2026-02-08T23:01:09.174234,11163.365,6.6e-06,Torr
2026-02-08T23:01:16.330533,11170.522,6.6e-06,Torr
2026-02-08T23:01:21.345293,11175.536,6.6e-06,Torr
2026-02-08T23:01:28.501579,11182.693,6.6e-06,Torr
2026-02-08T23:01:33.516566,11187.708,6.6e-06,Torr
2026-02-08T23:01:40.672801,11194.864,6.6e-06,Torr
2026-02-08T23:01:45.687451,11199.879,6.6e-06,Torr
2026-02-08T23:01:52.859311,11207.050,6.6e-06,Torr
2026-02-08T23:01:57.874097,11212.065,6.6e-06,Torr
2026-02-08T23:02:05.046023,11219.237,6.6e-06,Torr
2026-02-08T23:02:10.060767,11224.252,6.6e-06,Torr
2026-02-08T23:02:17.217103,11231.408,6.650000000000001e-06,Torr
2026-02-08T23:02:22.231832,11236.423,6.8e-06,Torr
2026-02-08T23:02:29.388143,11243.579,6.75e-06,Torr
2026-02-08T23:02:34.402923,11248.594,6.8e-06,Torr
2026-02-08T23:02:41.559227,11255.750,6.8e-06,Torr
2026-02-08T23:02:46.574149,11260.765,6.7e-06,Torr
2026-02-08T23:02:53.745877,11267.937,6.7e-06,Torr
2026-02-08T23:02:58.760608,11272.952,6.7e-06,Torr
2026-02-08T23:03:05.916943,11280.108,6.8e-06,Torr
2026-02-08T23:03:10.931714,11285.123,6.8e-06,Torr
2026-02-08T23:03:18.088213,11292.279,6.8e-06,Torr
2026-02-08T23:03:23.102752,11297.294,6.8e-06,Torr
2026-02-08T23:03:30.274610,11304.466,6.8e-06,Torr
2026-02-08T23:03:35.289408,11309.481,6.8e-06,Torr
2026-02-08T23:03:42.445829,11316.637,6.9e-06,Torr
2026-02-08T23:03:47.460509,11321.652,6.9e-06,Torr
2026-02-08T23:03:54.632415,11328.824,6.9499999999999995e-06,Torr
2026-02-08T23:03:59.647136,11333.838,6.9e-06,Torr
2026-02-08T23:04:06.803460,11340.995,6.9499999999999995e-06,Torr
2026-02-08T23:04:11.818179,11346.009,7.1e-06,Torr
2026-02-08T23:04:18.974424,11353.166,7.05e-06,Torr
2026-02-08T23:04:23.989226,11358.180,7e-06,Torr
2026-02-08T23:04:31.145514,11365.337,7.05e-06,Torr
2026-02-08T23:04:36.160300,11370.351,7.1e-06,Torr
2026-02-08T23:04:43.316598,11377.508,7.1e-06,Torr
2026-02-08T23:04:48.331403,11382.523,7.1e-06,Torr
2026-02-08T23:04:55.503193,11389.694,7.1e-06,Torr
2026-02-08T23:05:00.518049,11394.709,7.1e-06,Torr
2026-02-08T23:05:07.674390,11401.866,7.1e-06,Torr
2026-02-08T23:05:12.689136,11406.880,7.1e-06,Torr
2026-02-08T23:05:19.861025,11414.052,7.1e-06,Torr
2026-02-08T23:05:24.875838,11419.067,7.1e-06,Torr
2026-02-08T23:05:32.032005,11426.223,7.149999999999999e-06,Torr
2026-02-08T23:05:37.046833,11431.238,7.2e-06,Torr
2026-02-08T23:05:44.203131,11438.394,7.2000000000000005e-06,Torr
2026-02-08T23:05:49.218019,11443.409,7.2e-06,Torr
2026-02-08T23:05:56.389816,11450.581,7.25e-06,Torr
2026-02-08T23:06:01.404549,11455.596,7.3e-06,Torr
2026-02-08T23:06:08.560862,11462.752,7.3e-06,Torr
2026-02-08T23:06:13.575644,11467.767,7.3e-06,Torr
2026-02-08T23:06:20.731914,11474.923,7.350000000000001e-06,Torr
2026-02-08T23:06:25.746665,11479.938,7.3e-06,Torr
2026-02-08T23:06:32.902934,11487.094,7.350000000000001e-06,Torr
2026-02-08T23:06:37.917710,11492.109,7.3e-06,Torr
2026-02-08T23:06:45.074058,11499.265,7.3e-06,Torr
2026-02-08T23:06:50.088962,11504.280,7.3e-06,Torr
2026-02-08T23:06:57.260704,11511.452,7.4e-06,Torr
2026-02-08T23:07:02.275501,11516.467,7.4e-06,Torr
2026-02-08T23:07:09.431731,11523.623,7.45e-06,Torr
2026-02-08T23:07:14.446492,11528.638,7.4e-06,Torr
2026-02-08T23:07:21.602793,11535.794,7.5e-06,Torr
2026-02-08T23:07:26.617548,11540.809,7.5e-06,Torr
2026-02-08T23:07:33.773795,11547.965,7.5e-06,Torr
2026-02-08T23:07:38.788594,11552.980,7.6e-06,Torr
2026-02-08T23:07:45.944873,11560.136,7.5500000000000006e-06,Torr
2026-02-08T23:07:50.959702,11565.151,7.6e-06,Torr
2026-02-08T23:07:58.131548,11572.323,7.6e-06,Torr
2026-02-08T23:08:03.146610,11577.338,7.6e-06,Torr
2026-02-08T23:08:10.302623,11584.494,7.6e-06,Torr
2026-02-08T23:08:15.317456,11589.509,7.7e-06,Torr
2026-02-08T23:08:22.473672,11596.665,7.6e-06,Torr
2026-02-08T23:08:27.488499,11601.680,7.6e-06,Torr
2026-02-08T23:08:34.644760,11608.836,7.75e-06,Torr
2026-02-08T23:08:39.659675,11613.851,7.8e-06,Torr
2026-02-08T23:08:46.815797,11621.007,7.75e-06,Torr
2026-02-08T23:08:51.830555,11626.022,7.8e-06,Torr
2026-02-08T23:08:59.002471,11633.194,7.8e-06,Torr
2026-02-08T23:09:04.017262,11638.208,7.9e-06,Torr
2026-02-08T23:09:11.173630,11645.365,7.850000000000001e-06,Torr
2026-02-08T23:09:16.188314,11650.379,7.9e-06,Torr
2026-02-08T23:09:23.344564,11657.536,7.850000000000001e-06,Torr
2026-02-08T23:09:28.359323,11662.550,7.9e-06,Torr
2026-02-08T23:09:35.515606,11669.707,7.850000000000001e-06,Torr
2026-02-08T23:09:40.530452,11674.722,7.9e-06,Torr
2026-02-08T23:09:47.686672,11681.878,7.9e-06,Torr
2026-02-08T23:09:52.701470,11686.893,7.9e-06,Torr
2026-02-08T23:09:59.873387,11694.065,8.05e-06,Torr
2026-02-08T23:10:04.888123,11699.079,8.1e-06,Torr
2026-02-08T23:10:12.044438,11706.236,8.000000000000001e-06,Torr
2026-02-08T23:10:17.059211,11711.250,8.1e-06,Torr
2026-02-08T23:10:24.215622,11718.407,8.15e-06,Torr
2026-02-08T23:10:29.230269,11723.421,8.2e-06,Torr
2026-02-08T23:10:36.386529,11730.578,8.2e-06,Torr
2026-02-08T23:10:41.401439,11735.593,8.1e-06,Torr
2026-02-08T23:10:48.557606,11742.749,8.2e-06,Torr
2026-02-08T23:10:53.572338,11747.763,8.1e-06,Torr
2026-02-08T23:11:00.744258,11754.935,8.2e-06,Torr
2026-02-08T23:11:05.759129,11759.950,8.2e-06,Torr
2026-02-08T23:11:12.915273,11767.106,8.2e-06,Torr
2026-02-08T23:11:17.930125,11772.121,8.3e-06,Torr
2026-02-08T23:11:25.086338,11779.277,8.299999999999998e-06,Torr
2026-02-08T23:11:30.101136,11784.292,8.4e-06,Torr
2026-02-08T23:11:37.257447,11791.449,8.3e-06,Torr
2026-02-08T23:11:42.272355,11796.463,8.4e-06,Torr
2026-02-08T23:11:49.428497,11803.620,8.5e-06,Torr
2026-02-08T23:11:54.443276,11808.634,8.7e-06,Torr
2026-02-08T23:12:01.615112,11815.806,8.7e-06,Torr
2026-02-08T23:12:06.629918,11820.821,8.7e-06,Torr
2026-02-08T23:12:13.786139,11827.977,8.6e-06,Torr
2026-02-08T23:12:18.800966,11832.992,8.6e-06,Torr
2026-02-08T23:12:25.957249,11840.148,8.65e-06,Torr
2026-02-08T23:12:30.972006,11845.163,8.6e-06,Torr
2026-02-08T23:12:38.128278,11852.319,8.550000000000001e-06,Torr
2026-02-08T23:12:43.143073,11857.334,8.7e-06,Torr
2026-02-08T23:12:50.299349,11864.490,8.8e-06,Torr
2026-02-08T23:12:55.314124,11869.505,8.5e-06,Torr
2026-02-08T23:13:02.486024,11876.677,8.85e-06,Torr
2026-02-08T23:13:07.500807,11881.692,8.8e-06,Torr
2026-02-08T23:13:14.657160,11888.848,8.8e-06,Torr
2026-02-08T23:13:19.671873,11893.863,8.8e-06,Torr
2026-02-08T23:13:26.828148,11901.019,8.8e-06,Torr
2026-02-08T23:13:31.842968,11906.034,8.8e-06,Torr
2026-02-08T23:13:38.999227,11913.190,8.8e-06,Torr
2026-02-08T23:13:44.013956,11918.205,8.8e-06,Torr
2026-02-08T23:13:51.170351,11925.361,8.85e-06,Torr
2026-02-08T23:13:56.185091,11930.376,9.1e-06,Torr
2026-02-08T23:14:03.356936,11937.548,9.1e-06,Torr
2026-02-08T23:14:08.371710,11942.563,9e-06,Torr
2026-02-08T23:14:15.527992,11949.719,9.05e-06,Torr
2026-02-08T23:14:20.542738,11954.734,9e-06,Torr
2026-02-08T23:14:27.699005,11961.890,9.05e-06,Torr
2026-02-08T23:14:32.713800,11966.905,9.2e-06,Torr
2026-02-08T23:14:39.870049,11974.061,9.1e-06,Torr
2026-02-08T23:14:44.884854,11979.076,9.1e-06,Torr
2026-02-08T23:14:52.041118,11986.232,9.1e-06,Torr
2026-02-08T23:14:57.055914,11991.247,9.2e-06,Torr
2026-02-08T23:15:04.227814,11998.419,9.1e-06,Torr
2026-02-08T23:15:09.242576,12003.434,9.2e-06,Torr
2026-02-08T23:15:16.398857,12010.590,9.2e-06,Torr
2026-02-08T23:15:21.413674,12015.605,9.3e-06,Torr
2026-02-08T23:15:28.569935,12022.761,9.3e-06,Torr
2026-02-08T23:15:33.584703,12027.776,9.1e-06,Torr
2026-02-08T23:15:40.741014,12034.932,9.250000000000001e-06,Torr
2026-02-08T23:15:45.755767,12039.947,9.2e-06,Torr
2026-02-08T23:15:52.912083,12047.103,9.3e-06,Torr
2026-02-08T23:15:57.926818,12052.118,9.3e-06,Torr
2026-02-08T23:16:05.098702,12059.290,9.35e-06,Torr
2026-02-08T23:16:10.113453,12064.305,9.2e-06,Torr
2026-02-08T23:16:17.269801,12071.461,9.35e-06,Torr
2026-02-08T23:16:22.284526,12076.476,9.5e-06,Torr
2026-02-08T23:16:29.440853,12083.632,9.5e-06,Torr
2026-02-08T23:16:34.455656,12088.647,9.5e-06,Torr
2026-02-08T23:16:41.611940,12095.803,9.5e-06,Torr
2026-02-08T23:16:46.626678,12100.818,9.5e-06,Torr
2026-02-08T23:16:53.782924,12107.974,9.45e-06,Torr
2026-02-08T23:16:58.797702,12112.989,9.7e-06,Torr
2026-02-08T23:17:05.969637,12120.161,9.75e-06,Torr
2026-02-08T23:17:10.984382,12125.176,9.8e-06,Torr
2026-02-08T23:17:18.140701,12132.332,9.8e-06,Torr
2026-02-08T23:17:23.155494,12137.347,9.8e-06,Torr
2026-02-08T23:17:30.311760,12144.503,9.8e-06,Torr
2026-02-08T23:17:35.326504,12149.518,9.8e-06,Torr
2026-02-08T23:17:42.482766,12156.674,9.8e-06,Torr
2026-02-08T23:17:47.497569,12161.689,9.9e-06,Torr
2026-02-08T23:17:54.653804,12168.845,1e-05,Torr
2026-02-08T23:17:59.668590,12173.860,9.9e-06,Torr
2026-02-08T23:18:06.840483,12181.032,1e-05,Torr
2026-02-08T23:18:11.855286,12186.046,1e-05,Torr
2026-02-08T23:18:19.011590,12193.203,1e-05,Torr
2026-02-08T23:18:24.026335,12198.217,1e-05,Torr
2026-02-08T23:18:31.182594,12205.374,1e-05,Torr
2026-02-08T23:18:36.197391,12210.389,1e-05,Torr
2026-02-08T23:18:43.353653,12217.545,1e-05,Torr
2026-02-08T23:18:48.368446,12222.560,1e-05,Torr
2026-02-08T23:18:55.524738,12229.716,1e-05,Torr
2026-02-08T23:19:00.539488,12234.731,1e-05,Torr
2026-02-08T23:19:07.711407,12241.903,1e-05,Torr
2026-02-08T23:19:12.726227,12246.917,1e-05,Torr
2026-02-08T23:19:19.882580,12254.074,1e-05,Torr
2026-02-08T23:19:24.897211,12259.088,1.1e-05,Torr
2026-02-08T23:19:32.053518,12266.245,1.1e-05,Torr
2026-02-08T23:19:37.068307,12271.259,1.1e-05,Torr
2026-02-08T23:19:44.224592,12278.416,1.1e-05,Torr
2026-02-08T23:19:49.239511,12283.431,1.1e-05,Torr
2026-02-08T23:19:56.411251,12290.602,1.1e-05,Torr
2026-02-08T23:20:01.426004,12295.617,1.1e-05,Torr
2026-02-08T23:20:08.597879,12302.789,1.1e-05,Torr
2026-02-08T23:20:13.612728,12307.804,1.1e-05,Torr
2026-02-08T23:20:20.784592,12314.976,1.1e-05,Torr
2026-02-08T23:20:25.799367,12319.991,1.1e-05,Torr
2026-02-08T23:20:32.971317,12327.162,1.1e-05,Torr
2026-02-08T23:20:37.986017,12332.177,1.1e-05,Torr
2026-02-08T23:20:45.157935,12339.349,1.1e-05,Torr
2026-02-08T23:20:50.172724,12344.364,1.1e-05,Torr
2026-02-08T23:20:57.344591,12351.536,1.1e-05,Torr
2026-02-08T23:21:02.359399,12356.551,1.1e-05,Torr
2026-02-08T23:21:09.531288,12363.722,1.1e-05,Torr
2026-02-08T23:21:14.546120,12368.737,1.1e-05,Torr
2026-02-08T23:21:21.717975,12375.909,1.1e-05,Torr
2026-02-08T23:21:26.732761,12380.924,1.1e-05,Torr
2026-02-08T23:21:33.904632,12388.096,1.1e-05,Torr
2026-02-08T23:21:38.919437,12393.111,1.1e-05,Torr
2026-02-08T23:21:46.091336,12400.282,1.1e-05,Torr
2026-02-08T23:21:51.106095,12405.297,1.1e-05,Torr
2026-02-08T23:21:58.277986,12412.469,1.1e-05,Torr
2026-02-08T23:22:03.292768,12417.484,1.1e-05,Torr
2026-02-08T23:22:10.464734,12424.656,1.1e-05,Torr
2026-02-08T23:22:15.479467,12429.671,1.1e-05,Torr
2026-02-08T23:22:22.651371,12436.843,1.2e-05,Torr
2026-02-08T23:22:27.666128,12441.857,1.2e-05,Torr
2026-02-08T23:22:34.838006,12449.029,1.2e-05,Torr
2026-02-08T23:22:39.852806,12454.044,1.2e-05,Torr
2026-02-08T23:22:47.024718,12461.216,1.2e-05,Torr
2026-02-08T23:22:52.039511,12466.231,1.2e-05,Torr
2026-02-08T23:22:59.211388,12473.403,1.2e-05,Torr
2026-02-08T23:23:04.226217,12478.417,1.2e-05,Torr
2026-02-08T23:23:11.398059,12485.589,1.2e-05,Torr
2026-02-08T23:23:16.412924,12490.604,1.2e-05,Torr
2026-02-08T23:23:23.584770,12497.776,1.2e-05,Torr
2026-02-08T23:23:28.599669,12502.791,1.2e-05,Torr
2026-02-08T23:23:35.771442,12509.963,1.2e-05,Torr
2026-02-08T23:23:40.786450,12514.978,1.2e-05,Torr
2026-02-08T23:23:47.958108,12522.149,1.2e-05,Torr
2026-02-08T23:23:52.972883,12527.164,1.2e-05,Torr
2026-02-08T23:24:00.144789,12534.336,1.2e-05,Torr
2026-02-08T23:24:05.159674,12539.351,1.2e-05,Torr
2026-02-08T23:24:12.331481,12546.523,1.2e-05,Torr
2026-02-08T23:24:17.346243,12551.537,1.2e-05,Torr
2026-02-08T23:24:24.518173,12558.709,1.2499999999999999e-05,Torr
2026-02-08T23:24:29.532990,12563.724,1.3e-05,Torr
2026-02-08T23:24:36.704835,12570.896,1.2499999999999999e-05,Torr
2026-02-08T23:24:41.719578,12575.911,1.3e-05,Torr
2026-02-08T23:24:48.891496,12583.083,1.3e-05,Torr
2026-02-08T23:24:53.906284,12588.097,1.3e-05,Torr
2026-02-08T23:25:01.078218,12595.269,1.3e-05,Torr
2026-02-08T23:25:06.093072,12600.284,1.3e-05,Torr
2026-02-08T23:25:13.264895,12607.456,1.3e-05,Torr
2026-02-08T23:25:18.279625,12612.471,1.3e-05,Torr
2026-02-08T23:25:25.451566,12619.643,1.3e-05,Torr
2026-02-08T23:25:30.466316,12624.657,1.3e-05,Torr
2026-02-08T23:25:37.622597,12631.814,1.3e-05,Torr
2026-02-08T23:25:42.637417,12636.829,1.3e-05,Torr
2026-02-08T23:25:49.809321,12644.000,1.3e-05,Torr
2026-02-08T23:25:54.824055,12649.015,1.3e-05,Torr
2026-02-08T23:26:01.995956,12656.187,1.3e-05,Torr
2026-02-08T23:26:07.010756,12661.202,1.3e-05,Torr
2026-02-08T23:26:14.182673,12668.374,1.3e-05,Torr
2026-02-08T23:26:19.197397,12673.389,1.3e-05,Torr
2026-02-08T23:26:26.369364,12680.561,1.3e-05,Torr
2026-02-08T23:26:31.384116,12685.575,1.4e-05,Torr
2026-02-08T23:26:38.556021,12692.747,1.4e-05,Torr
2026-02-08T23:26:43.570766,12697.762,1.4e-05,Torr
2026-02-08T23:26:50.742641,12704.934,1.4e-05,Torr
2026-02-08T23:26:55.757479,12709.949,1.4e-05,Torr
2026-02-08T23:27:02.929317,12717.120,1.4e-05,Torr
2026-02-08T23:27:07.944327,12722.135,1.4e-05,Torr
2026-02-08T23:27:15.116005,12729.307,1.4e-05,Torr
2026-02-08T23:27:20.130834,12734.322,1.4e-05,Torr
2026-02-08T23:27:27.302748,12741.494,1.4e-05,Torr
2026-02-08T23:27:32.317504,12746.509,1.4e-05,Torr
2026-02-08T23:27:39.489398,12753.681,1.4e-05,Torr
2026-02-08T23:27:44.504195,12758.695,1.4e-05,Torr
2026-02-08T23:27:51.676014,12765.867,1.4e-05,Torr
2026-02-08T23:27:56.690826,12770.882,1.4e-05,Torr
2026-02-08T23:28:03.847085,12778.038,1.4e-05,Torr
2026-02-08T23:28:08.861900,12783.053,1.4e-05,Torr
2026-02-08T23:28:16.033801,12790.225,1.4e-05,Torr
2026-02-08T23:28:21.048564,12795.240,1.4e-05,Torr
2026-02-08T23:28:28.220582,12802.412,1.4e-05,Torr
2026-02-08T23:28:33.235225,12807.426,1.4e-05,Torr
2026-02-08T23:28:40.407122,12814.598,1.4e-05,Torr
2026-02-08T23:28:45.421904,12819.613,1.4e-05,Torr
2026-02-08T23:28:52.593850,12826.785,1.4e-05,Torr
2026-02-08T23:28:57.608593,12831.800,1.5e-05,Torr
2026-02-08T23:29:04.780513,12838.972,1.5e-05,Torr
2026-02-08T23:29:09.795305,12843.986,1.5e-05,Torr
2026-02-08T23:29:16.967168,12851.158,1.5e-05,Torr
2026-02-08T23:29:21.981949,12856.173,1.5e-05,Torr
2026-02-08T23:29:29.153957,12863.345,1.5e-05,Torr
2026-02-08T23:29:34.168611,12868.360,1.5e-05,Torr
2026-02-08T23:29:41.340559,12875.532,1.5e-05,Torr
2026-02-08T23:29:46.355283,12880.546,1.5e-05,Torr
2026-02-08T23:29:53.527179,12887.718,1.5e-05,Torr
2026-02-08T23:29:58.541987,12892.733,1.5e-05,Torr
2026-02-08T23:30:05.713889,12899.905,1.5e-05,Torr
2026-02-08T23:30:10.728686,12904.920,1.6e-05,Torr
2026-02-08T23:30:17.900555,12912.092,1.55e-05,Torr
2026-02-08T23:30:22.915364,12917.107,1.6e-05,Torr
2026-02-08T23:30:30.087227,12924.278,1.6e-05,Torr
2026-02-08T23:30:35.102043,12929.293,1.6e-05,Torr
2026-02-08T23:30:42.273931,12936.465,1.6e-05,Torr
2026-02-08T23:30:47.288699,12941.480,1.6e-05,Torr
2026-02-08T23:30:54.460557,12948.652,1.6e-05,Torr
2026-02-08T23:30:59.475379,12953.667,1.6e-05,Torr
2026-02-08T23:31:06.647240,12960.838,1.6e-05,Torr
2026-02-08T23:31:11.662035,12965.853,1.6e-05,Torr
2026-02-08T23:31:18.833975,12973.025,1.7e-05,Torr
2026-02-08T23:31:23.848729,12978.040,1.7e-05,Torr
2026-02-08T23:31:31.020692,12985.212,1.7e-05,Torr
2026-02-08T23:31:36.035406,12990.227,1.7e-05,Torr
2026-02-08T23:31:43.207299,12997.398,1.7e-05,Torr
2026-02-08T23:31:48.222083,13002.413,1.7e-05,Torr
2026-02-08T23:31:55.394019,13009.585,1.7e-05,Torr
2026-02-08T23:32:00.408819,13014.600,1.7e-05,Torr
2026-02-08T23:32:07.580693,13021.772,1.7e-05,Torr
2026-02-08T23:32:12.595451,13026.787,1.7e-05,Torr
2026-02-08T23:32:19.767356,13033.958,1.7e-05,Torr
2026-02-08T23:32:24.782175,13038.973,1.7e-05,Torr
2026-02-08T23:32:31.954063,13046.145,1.7e-05,Torr
2026-02-08T23:32:36.968797,13051.160,1.7e-05,Torr
2026-02-08T23:32:44.140729,13058.332,1.7e-05,Torr
2026-02-08T23:32:49.155470,13063.347,1.7e-05,Torr
2026-02-08T23:32:56.327423,13070.519,1.75e-05,Torr
2026-02-08T23:33:01.342150,13075.533,1.8e-05,Torr
2026-02-08T23:33:08.514022,13082.705,1.75e-05,Torr
2026-02-08T23:33:13.528877,13087.720,1.8e-05,Torr
2026-02-08T23:33:20.700682,13094.892,1.8e-05,Torr
2026-02-08T23:33:25.715492,13099.907,1.8e-05,Torr
2026-02-08T23:33:32.887429,13107.079,1.8e-05,Torr
2026-02-08T23:33:37.902170,13112.093,1.8e-05,Torr
2026-02-08T23:33:45.074109,13119.265,1.8e-05,Torr
2026-02-08T23:33:50.088883,13124.280,1.8e-05,Torr
2026-02-08T23:33:57.260808,13131.452,1.8e-05,Torr
2026-02-08T23:34:02.275539,13136.467,1.8e-05,Torr
2026-02-08T23:34:09.447484,13143.639,1.8e-05,Torr
2026-02-08T23:34:14.462268,13148.653,1.9e-05,Torr
2026-02-08T23:34:21.634113,13155.825,1.8e-05,Torr
2026-02-08T23:34:26.648899,13160.840,1.9e-05,Torr
2026-02-08T23:34:33.820807,13168.012,1.9e-05,Torr
2026-02-08T23:34:38.835576,13173.027,1.9e-05,Torr
2026-02-08T23:34:46.007507,13180.199,1.9e-05,Torr
2026-02-08T23:34:51.022229,13185.213,1.9e-05,Torr
2026-02-08T23:34:58.194167,13192.385,1.9e-05,Torr
2026-02-08T23:35:03.208914,13197.400,1.9e-05,Torr
2026-02-08T23:35:10.380842,13204.572,1.9e-05,Torr
2026-02-08T23:35:15.395633,13209.587,1.9e-05,Torr
2026-02-08T23:35:22.567529,13216.759,1.95e-05,Torr
2026-02-08T23:35:27.582318,13221.773,1.9e-05,Torr
2026-02-08T23:35:34.754175,13228.945,2e-05,Torr
2026-02-08T23:35:39.768980,13233.960,2e-05,Torr
2026-02-08T23:35:46.940920,13241.132,2e-05,Torr
2026-02-08T23:35:51.955679,13246.147,2e-05,Torr
2026-02-08T23:35:59.127570,13253.319,2e-05,Torr
2026-02-08T23:36:04.142323,13258.333,2e-05,Torr
2026-02-08T23:36:11.314224,13265.505,2e-05,Torr
2026-02-08T23:36:16.329046,13270.520,2e-05,Torr
2026-02-08T23:36:23.500878,13277.692,2e-05,Torr
2026-02-08T23:36:28.515678,13282.707,2e-05,Torr
2026-02-08T23:36:35.687564,13289.879,2.05e-05,Torr
2026-02-08T23:36:40.702322,13294.893,2.1e-05,Torr
2026-02-08T23:36:47.874240,13302.065,2.1e-05,Torr
2026-02-08T23:36:52.889065,13307.080,2.1e-05,Torr
2026-02-08T23:37:00.060997,13314.252,2.1e-05,Torr
2026-02-08T23:37:05.075742,13319.267,2.1e-05,Torr
2026-02-08T23:37:12.247647,13326.439,2.1e-05,Torr
2026-02-08T23:37:17.262404,13331.454,2.1e-05,Torr
2026-02-08T23:37:24.434324,13338.625,2.1e-05,Torr
2026-02-08T23:37:29.449068,13343.640,2.1e-05,Torr
2026-02-08T23:37:36.621025,13350.812,2.2e-05,Torr
2026-02-08T23:37:41.635746,13355.827,2.2e-05,Torr
2026-02-08T23:37:48.807662,13362.999,2.2e-05,Torr
2026-02-08T23:37:53.822464,13368.014,2.2e-05,Torr
2026-02-08T23:38:00.994361,13375.185,2.2e-05,Torr
2026-02-08T23:38:06.009065,13380.200,2.2e-05,Torr
2026-02-08T23:38:13.181095,13387.372,2.2499999999999998e-05,Torr
2026-02-08T23:38:18.195799,13392.387,2.3e-05,Torr
2026-02-08T23:38:25.367711,13399.559,2.3e-05,Torr
2026-02-08T23:38:30.382492,13404.574,2.3e-05,Torr
2026-02-08T23:38:37.554394,13411.746,2.3e-05,Torr
2026-02-08T23:38:42.569170,13416.760,2.3e-05,Torr
2026-02-08T23:38:49.741067,13423.932,2.3e-05,Torr
2026-02-08T23:38:54.755815,13428.947,2.3e-05,Torr
2026-02-08T23:39:01.927693,13436.119,2.3e-05,Torr
2026-02-08T23:39:06.942489,13441.134,2.3e-05,Torr
2026-02-08T23:39:14.114409,13448.306,2.3500000000000002e-05,Torr
2026-02-08T23:39:19.129174,13453.320,2.3e-05,Torr
2026-02-08T23:39:26.301109,13460.492,2.4e-05,Torr
2026-02-08T23:39:31.315823,13465.507,2.4e-05,Torr
2026-02-08T23:39:38.487755,13472.679,2.4e-05,Torr
2026-02-08T23:39:43.502525,13477.694,2.4e-05,Torr
2026-02-08T23:39:50.674515,13484.866,2.4e-05,Torr
2026-02-08T23:39:55.689231,13489.880,2.4e-05,Torr
2026-02-08T23:40:02.861149,13497.052,2.4e-05,Torr
2026-02-08T23:40:07.875912,13502.067,2.4e-05,Torr
2026-02-08T23:40:15.047797,13509.239,2.5e-05,Torr
2026-02-08T23:40:20.062580,13514.254,2.4e-05,Torr
2026-02-08T23:40:27.234472,13521.426,2.5e-05,Torr
2026-02-08T23:40:32.249224,13526.440,2.5e-05,Torr
2026-02-08T23:40:39.421161,13533.612,2.5e-05,Torr
2026-02-08T23:40:44.435934,13538.627,2.5e-05,Torr
2026-02-08T23:40:51.607823,13545.799,2.5e-05,Torr
2026-02-08T23:40:56.622590,13550.814,2.5e-05,Torr
2026-02-08T23:41:03.794550,13557.986,2.5e-05,Torr
2026-02-08T23:41:08.809238,13563.000,2.5e-05,Torr
2026-02-08T23:41:15.981162,13570.172,2.55e-05,Torr
2026-02-08T23:41:20.995946,13575.187,2.6e-05,Torr
2026-02-08T23:41:28.167958,13582.359,2.6e-05,Torr
2026-02-08T23:41:33.182657,13587.374,2.6e-05,Torr
2026-02-08T23:41:40.354564,13594.546,2.6e-05,Torr
2026-02-08T23:41:45.369313,13599.560,2.6e-05,Torr
2026-02-08T23:41:52.541215,13606.732,2.6e-05,Torr
2026-02-08T23:41:57.555964,13611.747,2.6e-05,Torr
2026-02-08T23:42:04.727934,13618.919,2.6e-05,Torr
2026-02-08T23:42:09.742673,13623.934,2.7e-05,Torr
2026-02-08T23:42:16.914623,13631.106,2.7e-05,Torr
2026-02-08T23:42:21.929370,13636.121,2.7e-05,Torr
2026-02-08T23:42:29.101289,13643.292,2.7499999999999998e-05,Torr
2026-02-08T23:42:34.116001,13648.307,2.7e-05,Torr
2026-02-08T23:42:41.287946,13655.479,2.8e-05,Torr
2026-02-08T23:42:46.302678,13660.494,2.8e-05,Torr
2026-02-08T23:42:53.474671,13667.666,2.8e-05,Torr
2026-02-08T23:42:58.489402,13672.681,2.8e-05,Torr
2026-02-08T23:43:05.661295,13679.852,2.8e-05,Torr
2026-02-08T23:43:10.676045,13684.867,2.8e-05,Torr
2026-02-08T23:43:17.847939,13692.039,2.85e-05,Torr
2026-02-08T23:43:22.862759,13697.054,2.8e-05,Torr
2026-02-08T23:43:30.034600,13704.226,2.9e-05,Torr
2026-02-08T23:43:35.049369,13709.241,2.9e-05,Torr
2026-02-08T23:43:42.221270,13716.412,2.9e-05,Torr
2026-02-08T23:43:47.236109,13721.427,2.9e-05,Torr
2026-02-08T23:43:54.407990,13728.599,3e-05,Torr
2026-02-08T23:43:59.422771,13733.614,3e-05,Torr
2026-02-08T23:44:06.594640,13740.786,3e-05,Torr
2026-02-08T23:44:11.609455,13745.801,3e-05,Torr
2026-02-08T23:44:18.781347,13752.972,3.0500000000000003e-05,Torr
2026-02-08T23:44:23.796104,13757.987,3e-05,Torr
2026-02-08T23:44:30.968020,13765.159,3.1e-05,Torr
2026-02-08T23:44:35.982794,13770.174,3.1e-05,Torr
2026-02-08T23:44:43.154725,13777.346,3.1e-05,Torr
2026-02-08T23:44:48.169458,13782.361,3.1e-05,Torr
2026-02-08T23:44:55.341353,13789.532,3.1e-05,Torr
2026-02-08T23:45:00.356181,13794.547,3.1e-05,Torr
2026-02-08T23:45:07.528076,13801.719,3.15e-05,Torr
2026-02-08T23:45:12.542800,13806.734,3.2e-05,Torr
2026-02-08T23:45:19.714727,13813.906,3.15e-05,Torr
2026-02-08T23:45:24.729542,13818.921,3.2e-05,Torr
2026-02-08T23:45:31.901377,13826.093,3.2e-05,Torr
2026-02-08T23:45:36.916200,13831.107,3.2e-05,Torr
2026-02-08T23:45:44.088088,13838.279,3.2e-05,Torr
2026-02-08T23:45:49.102889,13843.294,3.3e-05,Torr
2026-02-08T23:45:56.274766,13850.466,3.3e-05,Torr
2026-02-08T23:46:01.289526,13855.481,3.3e-05,Torr
2026-02-08T23:46:08.461476,13862.653,3.3e-05,Torr
2026-02-08T23:46:13.476204,13867.667,3.3e-05,Torr
2026-02-08T23:46:20.648091,13874.839,3.3e-05,Torr
2026-02-08T23:46:25.662883,13879.854,3.3e-05,Torr
2026-02-08T23:46:32.834777,13887.026,3.35e-05,Torr
2026-02-08T23:46:37.849601,13892.041,3.4e-05,Torr
2026-02-08T23:46:45.021550,13899.213,3.4e-05,Torr
2026-02-08T23:46:50.036306,13904.227,3.4e-05,Torr
2026-02-08T23:46:57.208201,13911.399,3.4e-05,Torr
2026-02-08T23:47:02.222948,13916.414,3.5e-05,Torr
2026-02-08T23:47:09.394836,13923.586,3.5e-05,Torr
2026-02-08T23:47:14.409665,13928.601,3.5e-05,Torr
2026-02-08T23:47:21.581520,13935.773,3.5e-05,Torr
2026-02-08T23:47:26.596292,13940.787,3.5e-05,Torr
2026-02-08T23:47:33.768218,13947.959,3.6e-05,Torr
2026-02-08T23:47:38.782940,13952.974,3.6e-05,Torr
2026-02-08T23:47:45.954874,13960.146,3.6e-05,Torr
2026-02-08T23:47:50.969646,13965.161,3.7e-05,Torr
2026-02-08T23:47:58.141557,13972.333,3.7e-05,Torr
2026-02-08T23:48:03.156378,13977.348,3.7e-05,Torr
2026-02-08T23:48:10.328261,13984.519,3.7500000000000003e-05,Torr
2026-02-08T23:48:15.342988,13989.534,3.8e-05,Torr
2026-02-08T23:48:22.514937,13996.706,3.8e-05,Torr
2026-02-08T23:48:27.529733,14001.721,3.8e-05,Torr
2026-02-08T23:48:34.701536,14008.893,3.8e-05,Torr
2026-02-08T23:48:39.716410,14013.908,3.9e-05,Torr
2026-02-08T23:48:46.888242,14021.079,3.85e-05,Torr
2026-02-08T23:48:51.903084,14026.094,4e-05,Torr
2026-02-08T23:48:59.074970,14033.266,4e-05,Torr
2026-02-08T23:49:04.089732,14038.281,3.9e-05,Torr
2026-02-08T23:49:11.261635,14045.453,4e-05,Torr
2026-02-08T23:49:16.276366,14050.468,4e-05,Torr
2026-02-08T23:49:23.448323,14057.639,4.05e-05,Torr
2026-02-08T23:49:28.463052,14062.654,4.1e-05,Torr
2026-02-08T23:49:35.634995,14069.826,4.05e-05,Torr
2026-02-08T23:49:40.649743,14074.841,4.2e-05,Torr
2026-02-08T23:49:47.821668,14082.013,4.1e-05,Torr
2026-02-08T23:49:52.836418,14087.028,4.1e-05,Torr
2026-02-08T23:50:00.008394,14094.200,4.2e-05,Torr
2026-02-08T23:50:05.023090,14099.214,4.2e-05,Torr
2026-02-08T23:50:12.194978,14106.386,4.25e-05,Torr
2026-02-08T23:50:17.209837,14111.401,4.3e-05,Torr
2026-02-08T23:50:24.381699,14118.573,4.3e-05,Torr
2026-02-08T23:50:29.396449,14123.588,4.3e-05,Torr
2026-02-08T23:50:36.568397,14130.760,4.3e-05,Torr
2026-02-08T23:50:41.583128,14135.774,4.4e-05,Torr
2026-02-08T23:50:48.755039,14142.946,4.45e-05,Torr
2026-02-08T23:50:53.769830,14147.961,4.4e-05,Torr
2026-02-08T23:51:00.941742,14155.133,4.4e-05,Torr
2026-02-08T23:51:05.956486,14160.148,4.5e-05,Torr
2026-02-08T23:51:13.128450,14167.320,4.55e-05,Torr
2026-02-08T23:51:18.143150,14172.334,4.6e-05,Torr
2026-02-08T23:51:25.315058,14179.506,4.6e-05,Torr
2026-02-08T23:51:30.329843,14184.521,4.6e-05,Torr
2026-02-08T23:51:37.501727,14191.693,4.6e-05,Torr
2026-02-08T23:51:42.516506,14196.708,4.8e-05,Torr
2026-02-08T23:51:49.688395,14203.880,4.8e-05,Torr
2026-02-08T23:51:54.703234,14208.894,4.8e-05,Torr
2026-02-08T23:52:01.875131,14216.066,4.75e-05,Torr
2026-02-08T23:52:06.889890,14221.081,4.8e-05,Torr
2026-02-08T23:52:14.061798,14228.253,4.8e-05,Torr
2026-02-08T23:52:19.076584,14233.268,4.9e-05,Torr
2026-02-08T23:52:26.248433,14240.440,4.9e-05,Torr
2026-02-08T23:52:31.263259,14245.454,5e-05,Torr
2026-02-08T23:52:38.435162,14252.626,4.9e-05,Torr
2026-02-08T23:52:43.449899,14257.641,5e-05,Torr
2026-02-08T23:52:50.621869,14264.813,5.05e-05,Torr
2026-02-08T23:52:55.636617,14269.828,5.1e-05,Torr
2026-02-08T23:53:02.808522,14277.000,5.05e-05,Torr
2026-02-08T23:53:07.823303,14282.014,5.2e-05,Torr
2026-02-08T23:53:14.995189,14289.186,5.1e-05,Torr
2026-02-08T23:53:20.009930,14294.201,5.2e-05,Torr
2026-02-08T23:53:27.181901,14301.373,5.2000000000000004e-05,Torr
2026-02-08T23:53:32.196645,14306.388,5.2e-05,Torr
2026-02-08T23:53:39.368555,14313.560,5.3e-05,Torr
2026-02-08T23:53:44.383340,14318.574,5.3e-05,Torr
2026-02-08T23:53:51.555282,14325.746,5.3e-05,Torr
2026-02-08T23:53:56.570032,14330.761,5.4e-05,Torr
2026-02-08T23:54:03.741908,14337.933,5.4499999999999997e-05,Torr
2026-02-08T23:54:08.756636,14342.948,5.5e-05,Torr
2026-02-08T23:54:15.928584,14350.120,5.55e-05,Torr
2026-02-08T23:54:20.943314,14355.134,5.5e-05,Torr
2026-02-08T23:54:28.115243,14362.306,5.5e-05,Torr
2026-02-08T23:54:33.130013,14367.321,5.6e-05,Torr
2026-02-08T23:54:40.301944,14374.493,6.4e-05,Torr
2026-02-08T23:54:45.316687,14379.508,6.5e-05,Torr
2026-02-08T23:54:52.488621,14386.680,6.549999999999999e-05,Torr
2026-02-08T23:54:57.503396,14391.695,6.6e-05,Torr
2026-02-08T23:55:04.675423,14398.867,6.7e-05,Torr
2026-02-08T23:55:09.690011,14403.881,6.8e-05,Torr
2026-02-08T23:55:14.705386,14408.897,6.8e-05,Torr
2026-02-08T23:55:21.926149,14416.117,6.85e-05,Torr
2026-02-08T23:55:26.940858,14421.132,6.9e-05,Torr
2026-02-08T23:55:34.112818,14428.304,7e-05,Torr
2026-02-08T23:55:39.127542,14433.319,7.1e-05,Torr
2026-02-08T23:55:46.299500,14440.491,7.2e-05,Torr
2026-02-08T23:55:51.314270,14445.505,7.1e-05,Torr
2026-02-08T23:55:58.486138,14452.677,7.3e-05,Torr
2026-02-08T23:56:03.500906,14457.692,7.4e-05,Torr
2026-02-08T23:56:10.672909,14464.864,7.45e-05,Torr
2026-02-08T23:56:15.687587,14469.879,7.5e-05,Torr
2026-02-08T23:56:22.859479,14477.051,7.549999999999999e-05,Torr
2026-02-08T23:56:27.874322,14482.065,7.7e-05,Torr
2026-02-08T23:56:35.046170,14489.237,7.75e-05,Torr
2026-02-08T23:56:40.060963,14494.252,7.7e-05,Torr
2026-02-08T23:56:47.232831,14501.424,7.8e-05,Torr
2026-02-08T23:56:52.247598,14506.439,8e-05,Torr
2026-02-08T23:56:59.419553,14513.611,8e-05,Torr
2026-02-08T23:57:04.434296,14518.625,8e-05,Torr
2026-02-08T23:57:11.606191,14525.797,7.950000000000001e-05,Torr
2026-02-08T23:57:16.620999,14530.812,8.1e-05,Torr
2026-02-08T23:57:23.792919,14537.984,8.2e-05,Torr
2026-02-08T23:57:28.807683,14542.999,8.3e-05,Torr
2026-02-08T23:57:35.979552,14550.171,8.3e-05,Torr
2026-02-08T23:57:40.994358,14555.185,8.3e-05,Torr
2026-02-08T23:57:48.166230,14562.357,8.35e-05,Torr
2026-02-08T23:57:53.180993,14567.372,8.5e-05,Torr
2026-02-08T23:58:00.352942,14574.544,8.5e-05,Torr
2026-02-08T23:58:05.367678,14579.559,8.5e-05,Torr
2026-02-08T23:58:12.539574,14586.731,8.6e-05,Torr
2026-02-08T23:58:17.554400,14591.746,8.8e-05,Torr
2026-02-08T23:58:24.726322,14598.917,8.950000000000001e-05,Torr
2026-02-08T23:58:29.741030,14603.932,8.9e-05,Torr
2026-02-08T23:58:36.912922,14611.104,9.1e-05,Torr
2026-02-08T23:58:41.927706,14616.119,9.2e-05,Torr
2026-02-08T23:58:49.099665,14623.291,9.15e-05,Torr
2026-02-08T23:58:54.114432,14628.306,9.3e-05,Torr
2026-02-08T23:59:01.286321,14635.477,9.35e-05,Torr
2026-02-08T23:59:06.301062,14640.492,9.5e-05,Torr
2026-02-08T23:59:13.473009,14647.664,9.55e-05,Torr
2026-02-08T23:59:18.487782,14652.679,9.5e-05,Torr
2026-02-08T23:59:25.659682,14659.851,9.6e-05,Torr
2026-02-08T23:59:30.674452,14664.866,9.8e-05,Torr
2026-02-08T23:59:37.846356,14672.037,9.95e-05,Torr
2026-02-08T23:59:42.861143,14677.052,0.0001,Torr
2026-02-08T23:59:50.033036,14684.224,0.0001,Torr
2026-02-08T23:59:55.047771,14689.239,0.0001,Torr
2026-02-09T00:00:02.219732,14696.411,0.0001,Torr
2026-02-09T00:00:07.234498,14701.426,0.0001,Torr
2026-02-09T00:00:14.406369,14708.598,0.0001,Torr
2026-02-09T00:00:19.421130,14713.612,0.00011,Torr
2026-02-09T00:00:26.593104,14720.784,0.00011,Torr
2026-02-09T00:00:31.607849,14725.799,0.00011,Torr
2026-02-09T00:00:38.779760,14732.971,0.00011,Torr
2026-02-09T00:00:43.794504,14737.986,0.00011,Torr
2026-02-09T00:00:50.966436,14745.158,0.00011,Torr
2026-02-09T00:00:55.981185,14750.172,0.00011,Torr
2026-02-09T00:01:03.153124,14757.344,0.00011,Torr
2026-02-09T00:01:08.167843,14762.359,0.00011,Torr
2026-02-09T00:01:15.339741,14769.531,0.000115,Torr
2026-02-09T00:01:20.354558,14774.546,0.00011,Torr
2026-02-09T00:01:27.526467,14781.718,0.00012,Torr
2026-02-09T00:01:32.541211,14786.732,0.00012,Torr
2026-02-09T00:01:39.713119,14793.904,0.00012,Torr
2026-02-09T00:01:44.727875,14798.919,0.00012,Torr
2026-02-09T00:01:51.899821,14806.091,0.00012,Torr
2026-02-09T00:01:56.914565,14811.106,0.00012,Torr
2026-02-09T00:02:04.086498,14818.278,0.00012,Torr
2026-02-09T00:02:09.101245,14823.292,0.00012,Torr
2026-02-09T00:02:16.273181,14830.464,0.00012,Torr
2026-02-09T00:02:21.287924,14835.479,0.00012,Torr
2026-02-09T00:02:28.459854,14842.651,0.000125,Torr
2026-02-09T00:02:33.474638,14847.666,0.00012,Torr
2026-02-09T00:02:40.646510,14854.838,0.00013,Torr
2026-02-09T00:02:45.661309,14859.852,0.00013,Torr
2026-02-09T00:02:52.833230,14867.024,0.00013,Torr
2026-02-09T00:02:57.847954,14872.039,0.00013,Torr
2026-02-09T00:03:05.019865,14879.211,0.00013,Torr
2026-02-09T00:03:10.034670,14884.226,0.00013,Torr
2026-02-09T00:03:17.206502,14891.398,0.00013,Torr
2026-02-09T00:03:22.221303,14896.412,0.00013,Torr
2026-02-09T00:03:29.393357,14903.584,0.00013,Torr
2026-02-09T00:03:34.408014,14908.599,0.00013,Torr
2026-02-09T00:03:41.579844,14915.771,0.00014,Torr
2026-02-09T00:03:46.594670,14920.786,0.00014,Torr
2026-02-09T00:03:53.766599,14927.958,0.00014,Torr
2026-02-09T00:03:58.781334,14932.972,0.00014,Torr
2026-02-09T00:04:05.953369,14940.145,0.00014,Torr
2026-02-09T00:04:10.968048,14945.159,0.00014,Torr
2026-02-09T00:04:18.139961,14952.331,0.00014,Torr
2026-02-09T00:04:23.154701,14957.346,0.00014,Torr
2026-02-09T00:04:30.326621,14964.518,0.00014,Torr
2026-02-09T00:04:35.341388,14969.533,0.00014,Torr
2026-02-09T00:04:42.513258,14976.704,0.00014,Torr
2026-02-09T00:04:47.528088,14981.719,0.00015,Torr
2026-02-09T00:04:54.699979,14988.891,0.00015,Torr
2026-02-09T00:04:59.714723,14993.906,0.00015,Torr
2026-02-09T00:05:06.886660,15001.078,0.00015,Torr
2026-02-09T00:05:11.901444,15006.093,0.00015,Torr
2026-02-09T00:05:19.073278,15013.264,0.00015,Torr
2026-02-09T00:05:24.088122,15018.279,0.00015,Torr
2026-02-09T00:05:31.259953,15025.451,0.00015,Torr
2026-02-09T00:05:36.274804,15030.466,0.00016,Torr
2026-02-09T00:05:43.446641,15037.638,0.00016,Torr
2026-02-09T00:05:48.461431,15042.653,0.00016,Torr
2026-02-09T00:05:55.633328,15049.824,0.00016,Torr
2026-02-09T00:06:00.648115,15054.839,0.00016,Torr
2026-02-09T00:06:07.820032,15062.011,0.000165,Torr
2026-02-09T00:06:12.834808,15067.026,0.00017,Torr
2026-02-09T00:06:20.006706,15074.198,0.00017,Torr
2026-02-09T00:06:25.021460,15079.213,0.00017,Torr
2026-02-09T00:06:32.193342,15086.384,0.00017,Torr
2026-02-09T00:06:37.208180,15091.399,0.00017,Torr
2026-02-09T00:06:44.380045,15098.571,0.00017,Torr
2026-02-09T00:06:49.394826,15103.586,0.00017,Torr
2026-02-09T00:06:56.566744,15110.758,0.00017500000000000003,Torr
2026-02-09T00:07:01.581539,15115.773,0.00018,Torr
2026-02-09T00:07:08.753402,15122.945,0.00018,Torr
2026-02-09T00:07:13.768214,15127.959,0.00018,Torr
2026-02-09T00:07:20.940106,15135.131,0.00018,Torr
2026-02-09T00:07:25.954902,15140.146,0.00018,Torr
2026-02-09T00:07:33.126784,15147.318,0.00019,Torr
2026-02-09T00:07:38.141573,15152.333,0.00019,Torr
2026-02-09T00:07:45.313433,15159.505,0.00019,Torr
2026-02-09T00:07:50.328240,15164.519,0.00019,Torr
2026-02-09T00:07:57.500121,15171.691,0.00019,Torr
2026-02-09T00:08:02.514932,15176.706,0.00019,Torr
2026-02-09T00:08:09.686838,15183.878,0.00019500000000000002,Torr
2026-02-09T00:08:14.701583,15188.893,0.0002,Torr
2026-02-09T00:08:21.873446,15196.065,0.0002,Torr
2026-02-09T00:08:26.888297,15201.079,0.0002,Torr
2026-02-09T00:08:34.060169,15208.251,0.0002,Torr
2026-02-09T00:08:39.074959,15213.266,0.0002,Torr
2026-02-09T00:08:46.246869,15220.438,0.000205,Torr
2026-02-09T00:08:51.261602,15225.453,0.00021,Torr
2026-02-09T00:08:58.433557,15232.625,0.00021,Torr
2026-02-09T00:09:03.448328,15237.639,0.00021,Torr
2026-02-09T00:09:10.620178,15244.811,0.00021,Torr
2026-02-09T00:09:15.635006,15249.826,0.00022,Torr
2026-02-09T00:09:22.806933,15256.998,0.00022,Torr
2026-02-09T00:09:27.821652,15262.013,0.00022,Torr
2026-02-09T00:09:34.993586,15269.185,0.00022,Torr
2026-02-09T00:09:40.008328,15274.199,0.00022,Torr
2026-02-09T00:09:47.180282,15281.371,0.000225,Torr
2026-02-09T00:09:52.195005,15286.386,0.00023,Torr
2026-02-09T00:09:59.366941,15293.558,0.00023,Torr
2026-02-09T00:10:04.381708,15298.573,0.00023,Torr
2026-02-09T00:10:11.553631,15305.745,0.00023,Torr
2026-02-09T00:10:16.568352,15310.759,0.00024,Torr
2026-02-09T00:10:23.740294,15317.931,0.00024,Torr
2026-02-09T00:10:28.755070,15322.946,0.00024,Torr
2026-02-09T00:10:35.926942,15330.118,0.00024,Torr
2026-02-09T00:10:40.941742,15335.133,0.00024,Torr
2026-02-09T00:10:48.113607,15342.305,0.00025,Torr
2026-02-09T00:10:53.128382,15347.320,0.00025,Torr
2026-02-09T00:11:00.300363,15354.492,0.00025,Torr
2026-02-09T00:11:05.315051,15359.506,0.00025,Torr
2026-02-09T00:11:12.486963,15366.678,0.00025,Torr
2026-02-09T00:11:17.501748,15371.693,0.00026,Torr
2026-02-09T00:11:24.673738,15378.865,0.00026,Torr
2026-02-09T00:11:29.688409,15383.880,0.00026,Torr
2026-02-09T00:11:36.860363,15391.052,0.00026,Torr
2026-02-09T00:11:41.875092,15396.066,0.00026,Torr
2026-02-09T00:11:49.047009,15403.238,0.00026,Torr
2026-02-09T00:11:54.061816,15408.253,0.00027,Torr
2026-02-09T00:12:01.233682,15415.425,0.00027,Torr
2026-02-09T00:12:06.248429,15420.440,0.00027,Torr
2026-02-09T00:12:13.420369,15427.612,0.00027,Torr
2026-02-09T00:12:18.435143,15432.626,0.00027,Torr
2026-02-09T00:12:25.607018,15439.798,0.00027,Torr
2026-02-09T00:12:30.621806,15444.813,0.00028,Torr
2026-02-09T00:12:37.793701,15451.985,0.00028,Torr
2026-02-09T00:12:42.808470,15457.000,0.00028,Torr
2026-02-09T00:12:49.980397,15464.172,0.00028,Torr
2026-02-09T00:12:54.995162,15469.186,0.00029,Torr
2026-02-09T00:13:02.167111,15476.358,0.00029,Torr
2026-02-09T00:13:07.181882,15481.373,0.00029,Torr
2026-02-09T00:13:14.353714,15488.545,0.000295,Torr
2026-02-09T00:13:19.368553,15493.560,0.0003,Torr
2026-02-09T00:13:26.540437,15500.732,0.0003,Torr
2026-02-09T00:13:31.555209,15505.746,0.0003,Torr
2026-02-09T00:13:38.727082,15512.918,0.0003,Torr
2026-02-09T00:13:43.741908,15517.933,0.00031,Torr
2026-02-09T00:13:50.913868,15525.105,0.000305,Torr
2026-02-09T00:13:55.928587,15530.120,0.00031,Torr
2026-02-09T00:14:03.100461,15537.292,0.00031,Torr
2026-02-09T00:14:08.115237,15542.306,0.00032,Torr
2026-02-09T00:14:15.287124,15549.478,0.00032,Torr
2026-02-09T00:14:20.301937,15554.493,0.00033,Torr
2026-02-09T00:14:27.473879,15561.665,0.00032,Torr
2026-02-09T00:14:32.488587,15566.680,0.00032,Torr
2026-02-09T00:14:39.660542,15573.852,0.000325,Torr
2026-02-09T00:14:44.675321,15578.866,0.00033,Torr
2026-02-09T00:14:51.847216,15586.038,0.00033,Torr
2026-02-09T00:14:56.861953,15591.053,0.00034,Torr
2026-02-09T00:15:04.033895,15598.225,0.000335,Torr
2026-02-09T00:15:09.048618,15603.240,0.00034,Torr
2026-02-09T00:15:16.220570,15610.412,0.00034500000000000004,Torr
2026-02-09T00:15:21.235310,15615.426,0.00035,Torr
2026-02-09T00:15:28.407229,15622.598,0.00035,Torr
2026-02-09T00:15:33.421990,15627.613,0.00035,Torr
2026-02-09T00:15:40.593924,15634.785,6.25e-05,Torr
2026-02-09T00:15:45.608671,15639.800,1.1e-05,Torr
2026-02-09T00:15:52.780601,15646.972,8.599999999999999e-06,Torr
2026-02-09T00:15:57.795368,15651.987,7.6e-06,Torr
2026-02-09T00:16:04.967278,15659.158,7e-06,Torr
2026-02-09T00:16:09.982227,15664.173,6.6e-06,Torr
2026-02-09T00:16:17.153928,15671.345,6.2499999999999995e-06,Torr
2026-02-09T00:16:22.168770,15676.360,5.9e-06,Torr
2026-02-09T00:16:29.340575,15683.532,5.75e-06,Torr
2026-02-09T00:16:34.355376,15688.547,5.5e-06,Torr
2026-02-09T00:16:41.527345,15695.718,5.3e-06,Torr
2026-02-09T00:16:46.542107,15700.733,5.3e-06,Torr
2026-02-09T00:16:53.713938,15707.905,5.1e-06,Torr
2026-02-09T00:16:58.728789,15712.920,4.9e-06,Torr
2026-02-09T00:17:05.900602,15720.092,4.9e-06,Torr
2026-02-09T00:17:10.915431,15725.107,4.7e-06,Torr
2026-02-09T00:17:18.087323,15732.278,4.7e-06,Torr
2026-02-09T00:17:23.102145,15737.293,4.5e-06,Torr
2026-02-09T00:17:30.273995,15744.465,4.5500000000000005e-06,Torr
2026-02-09T00:17:35.288767,15749.480,4.5e-06,Torr
2026-02-09T00:17:42.460668,15756.652,4.45e-06,Torr
2026-02-09T00:17:47.475492,15761.667,4.5e-06,Torr
2026-02-09T00:17:54.647346,15768.838,4.4e-06,Torr
2026-02-09T00:17:59.662122,15773.853,4.4e-06,Torr
2026-02-09T00:18:06.834058,15781.025,4.4e-06,Torr
2026-02-09T00:18:11.848819,15786.040,4.3e-06,Torr
2026-02-09T00:18:19.020691,15793.212,4.3e-06,Torr
2026-02-09T00:18:24.035466,15798.227,4.3e-06,Torr
2026-02-09T00:18:31.207422,15805.399,4.3e-06,Torr
2026-02-09T00:18:36.222159,15810.413,4.2e-06,Torr
2026-02-09T00:18:43.394040,15817.585,4.2e-06,Torr
2026-02-09T00:18:48.408834,15822.600,4.2e-06,Torr
2026-02-09T00:18:55.580728,15829.772,4.2e-06,Torr
2026-02-09T00:19:00.595511,15834.787,4.2e-06,Torr
2026-02-09T00:19:07.767445,15841.959,4.2e-06,Torr
2026-02-09T00:19:12.782185,15846.973,4.2e-06,Torr
2026-02-09T00:19:19.954136,15854.145,4.2e-06,Torr
2026-02-09T00:19:24.968874,15859.160,4.2e-06,Torr
2026-02-09T00:19:32.140777,15866.332,4.2e-06,Torr
2026-02-09T00:19:37.155532,15871.347,4.2e-06,Torr
2026-02-09T00:19:44.327412,15878.519,4.2e-06,Torr
2026-02-09T00:19:49.342251,15883.533,4.2e-06,Torr
2026-02-09T00:19:56.514160,15890.705,4.2e-06,Torr
2026-02-09T00:20:01.528932,15895.720,4.2e-06,Torr
2026-02-09T00:20:08.700799,15902.892,4.2e-06,Torr
2026-02-09T00:20:13.715583,15907.907,4.2e-06,Torr
2026-02-09T00:20:20.887453,15915.079,4.2e-06,Torr
2026-02-09T00:20:25.902257,15920.093,4.2e-06,Torr
2026-02-09T00:20:33.074167,15927.265,4.2e-06,Torr
2026-02-09T00:20:38.088938,15932.280,4.2e-06,Torr
2026-02-09T00:20:45.260844,15939.452,4.3e-06,Torr
2026-02-09T00:20:50.275579,15944.467,4.3e-06,Torr
2026-02-09T00:20:57.447526,15951.639,4.25e-06,Torr
2026-02-09T00:21:02.462298,15956.653,4.4e-06,Torr
2026-02-09T00:21:09.634233,15963.825,4.4e-06,Torr
2026-02-09T00:21:14.648969,15968.840,4.4e-06,Torr
2026-02-09T00:21:21.820868,15976.012,4.4e-06,Torr
2026-02-09T00:21:26.835681,15981.027,4.4e-06,Torr
2026-02-09T00:21:34.007576,15988.199,4.4e-06,Torr
2026-02-09T00:21:39.022312,15993.213,4.4e-06,Torr
2026-02-09T00:21:46.194211,16000.385,4.350000000000001e-06,Torr
2026-02-09T00:21:51.209006,16005.400,4.4e-06,Torr
2026-02-09T00:21:58.380934,16012.572,4.350000000000001e-06,Torr
2026-02-09T00:22:03.395666,16017.587,4.4e-06,Torr
2026-02-09T00:22:10.567591,16024.759,4.4e-06,Torr
2026-02-09T00:22:15.582346,16029.773,4.4e-06,Torr
2026-02-09T00:22:22.754283,16036.945,4.4e-06,Torr
2026-02-09T00:22:27.769047,16041.960,4.4e-06,Torr
2026-02-09T00:22:34.940937,16049.132,4.4e-06,Torr
2026-02-09T00:22:39.955715,16054.147,4.4e-06,Torr
2026-02-09T00:22:47.127621,16061.319,4.4e-06,Torr
2026-02-09T00:22:52.142427,16066.334,4.4e-06,Torr
2026-02-09T00:22:59.314308,16073.505,4.4e-06,Torr
2026-02-09T00:23:04.329099,16078.520,4.5e-06,Torr
2026-02-09T00:23:11.500968,16085.692,4.5e-06,Torr
2026-02-09T00:23:16.515722,16090.707,4.4e-06,Torr
2026-02-09T00:23:23.687701,16097.879,4.45e-06,Torr
2026-02-09T00:23:28.702458,16102.894,4.5e-06,Torr
2026-02-09T00:23:35.874386,16110.066,4.4e-06,Torr
2026-02-09T00:23:40.889119,16115.080,4.5e-06,Torr
2026-02-09T00:23:48.061041,16122.252,4.5e-06,Torr
2026-02-09T00:23:53.075813,16127.267,4.5e-06,Torr
2026-02-09T00:24:00.247689,16134.439,4.5e-06,Torr
2026-02-09T00:24:05.262486,16139.454,4.5e-06,Torr
2026-02-09T00:24:12.434427,16146.626,4.5e-06,Torr
2026-02-09T00:24:17.449126,16151.640,4.5e-06,Torr
2026-02-09T00:24:24.621071,16158.812,4.5e-06,Torr
2026-02-09T00:24:29.635811,16163.827,4.5e-06,Torr
2026-02-09T00:24:36.807762,16170.999,4.5e-06,Torr
2026-02-09T00:24:41.822545,16176.014,4.5e-06,Torr
2026-02-09T00:24:48.994375,16183.186,4.5e-06,Torr
2026-02-09T00:24:54.009197,16188.200,4.5e-06,Torr
2026-02-09T00:25:01.181211,16195.372,4.5e-06,Torr
2026-02-09T00:25:06.195859,16200.387,4.5e-06,Torr
2026-02-09T00:25:13.367821,16207.559,4.5e-06,Torr
2026-02-09T00:25:18.382564,16212.574,4.5e-06,Torr
2026-02-09T00:25:25.554446,16219.746,4.5500000000000005e-06,Torr
2026-02-09T00:25:30.569237,16224.760,4.5e-06,Torr
2026-02-09T00:25:37.741122,16231.932,4.5500000000000005e-06,Torr
2026-02-09T00:25:42.755908,16236.947,4.5e-06,Torr
2026-02-09T00:25:49.927835,16244.119,4.6e-06,Torr
2026-02-09T00:25:54.942555,16249.134,4.5e-06,Torr
2026-02-09T00:26:02.114504,16256.306,4.6e-06,Torr
2026-02-09T00:26:07.129246,16261.320,4.6e-06,Torr
2026-02-09T00:26:14.301174,16268.492,4.6e-06,Torr
2026-02-09T00:26:19.315944,16273.507,4.6e-06,Torr
2026-02-09T00:26:26.487813,16280.679,4.6499999999999995e-06,Torr
2026-02-09T00:26:31.502636,16285.694,4.6e-06,Torr
2026-02-09T00:26:38.674593,16292.866,4.7e-06,Torr
2026-02-09T00:26:43.689275,16297.880,4.7e-06,Torr
2026-02-09T00:26:50.861169,16305.052,4.6499999999999995e-06,Torr
2026-02-09T00:26:55.875995,16310.067,4.7e-06,Torr
2026-02-09T00:27:03.047921,16317.239,4.7e-06,Torr
2026-02-09T00:27:08.062666,16322.254,4.7e-06,Torr
2026-02-09T00:27:15.234483,16329.426,4.5500000000000005e-06,Torr
2026-02-09T00:27:20.249318,16334.440,4.7e-06,Torr
2026-02-09T00:27:27.421208,16341.612,4.7e-06,Torr
2026-02-09T00:27:32.435986,16346.627,4.6e-06,Torr
2026-02-09T00:27:39.607880,16353.799,4.6e-06,Torr
2026-02-09T00:27:44.622697,16358.814,4.6e-06,Torr
2026-02-09T00:27:51.794594,16365.986,4.6499999999999995e-06,Torr
2026-02-09T00:27:56.809364,16371.001,4.7e-06,Torr
2026-02-09T00:28:03.965606,16378.157,4.7e-06,Torr
2026-02-09T00:28:08.980379,16383.172,4.7e-06,Torr
2026-02-09T00:28:16.152286,16390.343,4.7e-06,Torr
2026-02-09T00:28:21.167179,16395.358,4.7e-06,Torr
2026-02-09T00:28:28.323367,16402.515,4.7e-06,Torr
2026-02-09T00:28:33.338135,16407.529,4.7e-06,Torr
2026-02-09T00:28:40.494413,16414.686,4.7e-06,Torr
2026-02-09T00:28:45.509194,16419.700,4.7e-06,Torr
2026-02-09T00:28:52.665455,16426.857,4.7e-06,Torr
2026-02-09T00:28:57.680264,16431.871,4.7e-06,Torr
2026-02-09T00:29:04.836555,16439.028,4.7e-06,Torr
2026-02-09T00:29:09.851347,16444.042,4.7e-06,Torr
2026-02-09T00:29:17.023218,16451.214,4.7e-06,Torr
2026-02-09T00:29:22.037966,16456.229,4.7e-06,Torr
2026-02-09T00:29:29.194292,16463.385,4.7e-06,Torr
2026-02-09T00:29:34.209029,16468.400,4.7e-06,Torr
2026-02-09T00:29:41.365345,16475.556,4.7e-06,Torr
2026-02-09T00:29:46.380069,16480.571,4.7e-06,Torr
2026-02-09T00:29:53.536371,16487.728,4.7e-06,Torr
2026-02-09T00:29:58.551129,16492.742,4.7e-06,Torr
2026-02-09T00:30:05.707392,16499.899,4.7e-06,Torr
2026-02-09T00:30:10.722183,16504.913,4.7e-06,Torr
2026-02-09T00:30:17.894099,16512.085,4.7e-06,Torr
2026-02-09T00:30:22.908868,16517.100,4.7e-06,Torr
2026-02-09T00:30:30.065132,16524.256,4.75e-06,Torr
2026-02-09T00:30:35.079915,16529.271,4.7e-06,Torr
2026-02-09T00:30:42.236252,16536.427,4.7e-06,Torr
2026-02-09T00:30:47.251040,16541.442,4.8e-06,Torr
2026-02-09T00:30:54.407255,16548.598,4.849999999999999e-06,Torr
2026-02-09T00:30:59.422011,16553.613,5e-06,Torr
2026-02-09T00:31:06.578302,16560.769,4.9e-06,Torr
2026-02-09T00:31:11.593096,16565.784,4.8e-06,Torr
2026-02-09T00:31:18.764981,16572.956,4.8e-06,Torr
2026-02-09T00:31:23.779792,16577.971,4.8e-06,Torr
2026-02-09T00:31:30.936046,16585.127,4.75e-06,Torr
2026-02-09T00:31:35.950918,16590.142,4.8e-06,Torr
2026-02-09T00:31:43.107052,16597.298,4.7e-06,Torr
2026-02-09T00:31:48.121892,16602.313,4.8e-06,Torr
2026-02-09T00:31:55.278173,16609.469,4.8e-06,Torr
2026-02-09T00:32:00.292915,16614.484,4.7e-06,Torr
2026-02-09T00:32:07.449174,16621.640,4.7e-06,Torr
2026-02-09T00:32:12.463995,16626.655,4.8e-06,Torr
2026-02-09T00:32:19.635888,16633.827,4.8e-06,Torr
2026-02-09T00:32:24.650697,16638.842,4.7e-06,Torr
2026-02-09T00:32:31.806955,16645.998,4.75e-06,Torr
2026-02-09T00:32:36.821746,16651.013,4.7e-06,Torr
2026-02-09T00:32:43.978137,16658.169,4.8e-06,Torr
2026-02-09T00:32:48.992783,16663.184,4.8e-06,Torr
2026-02-09T00:32:56.149044,16670.340,4.8e-06,Torr
2026-02-09T00:33:01.163993,16675.355,4.8e-06,Torr
2026-02-09T00:33:08.320092,16682.511,4.8e-06,Torr
2026-02-09T00:33:13.334860,16687.526,4.8e-06,Torr
2026-02-09T00:33:20.506761,16694.698,4.75e-06,Torr
2026-02-09T00:33:25.521549,16699.713,4.8e-06,Torr
2026-02-09T00:33:32.677898,16706.869,4.8e-06,Torr
2026-02-09T00:33:37.692634,16711.884,4.9e-06,Torr
2026-02-09T00:33:44.848899,16719.040,4.849999999999999e-06,Torr
2026-02-09T00:33:49.863712,16724.055,4.8e-06,Torr
2026-02-09T00:33:57.019917,16731.211,4.8e-06,Torr
2026-02-09T00:34:02.034748,16736.226,4.8e-06,Torr
2026-02-09T00:34:09.191041,16743.382,4.8e-06,Torr
2026-02-09T00:34:14.205769,16748.397,4.8e-06,Torr
2026-02-09T00:34:21.377680,16755.569,4.849999999999999e-06,Torr
2026-02-09T00:34:26.392473,16760.584,4.8e-06,Torr
2026-02-09T00:34:33.548810,16767.740,4.849999999999999e-06,Torr
2026-02-09T00:34:38.563523,16772.755,4.9e-06,Torr
2026-02-09T00:34:45.719760,16779.911,4.849999999999999e-06,Torr
2026-02-09T00:34:50.734545,16784.926,4.8e-06,Torr
2026-02-09T00:34:57.890841,16792.082,4.8e-06,Torr
2026-02-09T00:35:02.905629,16797.097,4.9e-06,Torr
2026-02-09T00:35:10.061939,16804.253,4.849999999999999e-06,Torr
2026-02-09T00:35:15.076758,16809.268,4.9e-06,Torr
2026-02-09T00:35:22.248567,16816.440,4.9e-06,Torr
2026-02-09T00:35:27.263315,16821.454,4.8e-06,Torr
2026-02-09T00:35:34.419590,16828.611,4.849999999999999e-06,Torr
2026-02-09T00:35:39.434383,16833.626,4.9e-06,Torr
2026-02-09T00:35:46.590726,16840.782,4.9e-06,Torr
2026-02-09T00:35:51.605438,16845.797,4.8e-06,Torr
2026-02-09T00:35:58.761733,16852.953,4.849999999999999e-06,Torr
2026-02-09T00:36:03.776524,16857.968,4.8e-06,Torr
2026-02-09T00:36:10.948391,16865.140,4.849999999999999e-06,Torr
2026-02-09T00:36:15.963197,16870.154,4.9e-06,Torr
2026-02-09T00:36:23.135022,16877.326,4.849999999999999e-06,Torr
2026-02-09T00:36:28.149879,16882.341,4.9e-06,Torr
2026-02-09T00:36:35.306161,16889.497,4.9e-06,Torr
2026-02-09T00:36:40.320903,16894.512,4.9e-06,Torr
2026-02-09T00:36:47.477208,16901.668,4.849999999999999e-06,Torr
2026-02-09T00:36:52.492006,16906.683,4.9e-06,Torr
2026-02-09T00:36:59.648233,16913.839,4.9e-06,Torr
2026-02-09T00:37:04.663008,16918.854,4.9e-06,Torr
2026-02-09T00:37:11.819308,16926.010,4.9e-06,Torr
2026-02-09T00:37:16.834106,16931.025,4.9e-06,Torr
2026-02-09T00:37:24.006012,16938.197,4.9e-06,Torr
2026-02-09T00:37:29.020912,16943.212,4.9e-06,Torr
2026-02-09T00:37:36.177127,16950.368,4.9e-06,Torr
2026-02-09T00:37:41.191831,16955.383,4.9e-06,Torr
2026-02-09T00:37:48.348111,16962.539,5.2500000000000006e-06,Torr
2026-02-09T00:37:53.362859,16967.554,5.2e-06,Torr
2026-02-09T00:38:00.519138,16974.710,5e-06,Torr
2026-02-09T00:38:05.533901,16979.725,5e-06,Torr
2026-02-09T00:38:12.690173,16986.881,4.9e-06,Torr
2026-02-09T00:38:17.704945,16991.896,4.9e-06,Torr
2026-02-09T00:38:24.876831,16999.068,4.9e-06,Torr
2026-02-09T00:38:29.891674,17004.083,4.9e-06,Torr
2026-02-09T00:38:37.047905,17011.239,4.9e-06,Torr
2026-02-09T00:38:42.062675,17016.254,4.9e-06,Torr
2026-02-09T00:38:49.218938,17023.410,4.9e-06,Torr
2026-02-09T00:38:54.233817,17028.425,4.9e-06,Torr
2026-02-09T00:39:01.390059,17035.581,4.9e-06,Torr
2026-02-09T00:39:06.404831,17040.596,4.9e-06,Torr
2026-02-09T00:39:13.561079,17047.752,4.9e-06,Torr
2026-02-09T00:39:18.575845,17052.767,4.9e-06,Torr
2026-02-09T00:39:25.747752,17059.939,4.9e-06,Torr
2026-02-09T00:39:30.762528,17064.954,4.9e-06,Torr
2026-02-09T00:39:37.918813,17072.110,4.9e-06,Torr
2026-02-09T00:39:42.933617,17077.125,4.9e-06,Torr
2026-02-09T00:39:50.089918,17084.281,4.9e-06,Torr
2026-02-09T00:39:55.104873,17089.296,4.9e-06,Torr
2026-02-09T00:40:02.260957,17096.452,4.9e-06,Torr
2026-02-09T00:40:07.275692,17101.467,4.9e-06,Torr
2026-02-09T00:40:14.431970,17108.623,4.9e-06,Torr
2026-02-09T00:40:19.446787,17113.638,4.9e-06,Torr
2026-02-09T00:40:26.618654,17120.810,4.9e-06,Torr
2026-02-09T00:40:31.633455,17125.825,4.9e-06,Torr
2026-02-09T00:40:38.789693,17132.981,4.9e-06,Torr
2026-02-09T00:40:43.804480,17137.996,4.9e-06,Torr
2026-02-09T00:40:50.960780,17145.152,4.95e-06,Torr
2026-02-09T00:40:55.975708,17150.167,4.9e-06,Torr
2026-02-09T00:41:03.131792,17157.323,4.9e-06,Torr
2026-02-09T00:41:08.146616,17162.338,4.9e-06,Torr
2026-02-09T00:41:15.302911,17169.494,4.95e-06,Torr
2026-02-09T00:41:20.317663,17174.509,4.9e-06,Torr
2026-02-09T00:41:27.489592,17181.681,4.95e-06,Torr
2026-02-09T00:41:32.504571,17186.696,4.9e-06,Torr
2026-02-09T00:41:39.660606,17193.852,4.95e-06,Torr
2026-02-09T00:41:44.675431,17198.867,4.9e-06,Torr
2026-02-09T00:41:51.831631,17206.023,5.050000000000001e-06,Torr
2026-02-09T00:41:56.846418,17211.038,5e-06,Torr
2026-02-09T00:42:04.002712,17218.194,4.95e-06,Torr
2026-02-09T00:42:09.017514,17223.209,4.9e-06,Torr
2026-02-09T00:42:16.173850,17230.365,4.9e-06,Torr
2026-02-09T00:42:21.188526,17235.380,5e-06,Torr
2026-02-09T00:42:28.360408,17242.552,5e-06,Torr
2026-02-09T00:42:33.375321,17247.566,5e-06,Torr
2026-02-09T00:42:40.531486,17254.723,5e-06,Torr
2026-02-09T00:42:45.546274,17259.737,5e-06,Torr
2026-02-09T00:42:52.702550,17266.894,4.95e-06,Torr
2026-02-09T00:42:57.717345,17271.908,5e-06,Torr
2026-02-09T00:43:04.873614,17279.065,4.95e-06,Torr
2026-02-09T00:43:09.888359,17284.079,5e-06,Torr
2026-02-09T00:43:17.044611,17291.236,5.050000000000001e-06,Torr
2026-02-09T00:43:22.059411,17296.251,5e-06,Torr
2026-02-09T00:43:29.231312,17303.422,5.050000000000001e-06,Torr
2026-02-09T00:43:34.246113,17308.437,4.9e-06,Torr
2026-02-09T00:43:41.402395,17315.594,5.1e-06,Torr
2026-02-09T00:43:46.417371,17320.609,5e-06,Torr
2026-02-09T00:43:53.573486,17327.765,5.050000000000001e-06,Torr
2026-02-09T00:43:58.588198,17332.779,5.1e-06,Torr
2026-02-09T00:44:05.744540,17339.936,5.050000000000001e-06,Torr
2026-02-09T00:44:10.759292,17344.950,5.1e-06,Torr
2026-02-09T00:44:17.915516,17352.107,5.1e-06,Torr
2026-02-09T00:44:22.930309,17357.121,5e-06,Torr
2026-02-09T00:44:30.102211,17364.293,5.1e-06,Torr
2026-02-09T00:44:35.116988,17369.308,5e-06,Torr
2026-02-09T00:44:42.273279,17376.464,5.050000000000001e-06,Torr
2026-02-09T00:44:47.288055,17381.479,5.1e-06,Torr
2026-02-09T00:44:54.444341,17388.635,5.1e-06,Torr
2026-02-09T00:44:59.459114,17393.650,5.1e-06,Torr
2026-02-09T00:45:06.615406,17400.807,5e-06,Torr
2026-02-09T00:45:11.630190,17405.821,5.1e-06,Torr
2026-02-09T00:45:18.786463,17412.978,5.1e-06,Torr
2026-02-09T00:45:23.801213,17417.992,5.1e-06,Torr
2026-02-09T00:45:30.973078,17425.164,5.1e-06,Torr
2026-02-09T00:45:35.987961,17430.179,5.1e-06,Torr
2026-02-09T00:45:43.159824,17437.351,5.1e-06,Torr
2026-02-09T00:45:48.174610,17442.366,5.1e-06,Torr
2026-02-09T00:45:55.346485,17449.538,5.1e-06,Torr
2026-02-09T00:46:00.361248,17454.552,5.1e-06,Torr
2026-02-09T00:46:07.533200,17461.724,5.1e-06,Torr
2026-02-09T00:46:12.547927,17466.739,5.1e-06,Torr
2026-02-09T00:46:19.719842,17473.911,5.1e-06,Torr
2026-02-09T00:46:24.734803,17478.926,5.1e-06,Torr
2026-02-09T00:46:31.906539,17486.098,5.15e-06,Torr
2026-02-09T00:46:36.921535,17491.113,5.2e-06,Torr
2026-02-09T00:46:44.093251,17498.284,5.1e-06,Torr
2026-02-09T00:46:49.108170,17503.299,5.2e-06,Torr
2026-02-09T00:46:56.279886,17510.471,5.15e-06,Torr
2026-02-09T00:47:01.294674,17515.486,5.1e-06,Torr
2026-02-09T00:47:08.466547,17522.658,5.15e-06,Torr
2026-02-09T00:47:13.481505,17527.673,5.2e-06,Torr
2026-02-09T00:47:20.653248,17534.844,5.1e-06,Torr
2026-02-09T00:47:25.668012,17539.859,5.1e-06,Torr
2026-02-09T00:47:32.839916,17547.031,5.2e-06,Torr
2026-02-09T00:47:37.854671,17552.046,5.2e-06,Torr
2026-02-09T00:47:45.026551,17559.218,5.2e-06,Torr
2026-02-09T00:47:50.041349,17564.232,5.2e-06,Torr
2026-02-09T00:47:57.213266,17571.404,5.2500000000000006e-06,Torr
2026-02-09T00:48:02.228007,17576.419,5.2e-06,Torr
2026-02-09T00:48:09.399905,17583.591,5.15e-06,Torr
2026-02-09T00:48:14.414789,17588.606,5.2e-06,Torr
2026-02-09T00:48:21.586644,17595.778,5.2500000000000006e-06,Torr
2026-02-09T00:48:26.601375,17600.793,5.2e-06,Torr
2026-02-09T00:48:33.773302,17607.964,5.2e-06,Torr
2026-02-09T00:48:38.788074,17612.979,5.2e-06,Torr
2026-02-09T00:48:45.959967,17620.151,5.2500000000000006e-06,Torr
2026-02-09T00:48:50.974813,17625.166,5.3e-06,Torr
2026-02-09T00:48:58.146659,17632.338,5.2500000000000006e-06,Torr
2026-02-09T00:49:03.161426,17637.353,5.3e-06,Torr
2026-02-09T00:49:10.333388,17644.525,5.2500000000000006e-06,Torr
2026-02-09T00:49:15.348095,17649.539,5.2e-06,Torr
2026-02-09T00:49:22.519982,17656.711,5.3e-06,Torr
2026-02-09T00:49:27.534774,17661.726,5.2e-06,Torr
2026-02-09T00:49:34.706683,17668.898,5.3e-06,Torr
2026-02-09T00:49:39.721473,17673.913,5.3e-06,Torr
2026-02-09T00:49:46.893344,17681.084,5.2500000000000006e-06,Torr
2026-02-09T00:49:51.908170,17686.099,5.3e-06,Torr
2026-02-09T00:49:59.080082,17693.271,5.3e-06,Torr
2026-02-09T00:50:04.094771,17698.286,5.2e-06,Torr
2026-02-09T00:50:11.266729,17705.458,5.2500000000000006e-06,Torr
2026-02-09T00:50:16.281482,17710.473,5.3e-06,Torr
2026-02-09T00:50:23.453432,17717.645,5.3e-06,Torr
2026-02-09T00:50:28.468148,17722.659,5.4e-06,Torr
2026-02-09T00:50:35.640015,17729.831,5.35e-06,Torr
2026-02-09T00:50:40.654880,17734.846,5.3e-06,Torr
2026-02-09T00:50:47.826761,17742.018,5.4e-06,Torr
2026-02-09T00:50:52.841555,17747.033,5.3e-06,Torr
2026-02-09T00:51:00.013439,17754.205,5.4e-06,Torr
2026-02-09T00:51:05.028243,17759.219,5.3e-06,Torr
2026-02-09T00:51:12.200128,17766.391,5.45e-06,Torr
2026-02-09T00:51:17.214873,17771.406,5.4e-06,Torr
2026-02-09T00:51:24.386799,17778.578,5.4e-06,Torr
2026-02-09T00:51:29.401555,17783.593,5.4e-06,Torr
2026-02-09T00:51:36.573463,17790.765,5.45e-06,Torr
2026-02-09T00:51:41.588240,17795.779,5.5e-06,Torr
2026-02-09T00:51:48.760128,17802.951,5.899999999999999e-06,Torr
2026-02-09T00:51:53.774941,17807.966,5.9e-06,Torr
2026-02-09T00:52:00.946829,17815.138,5.65e-06,Torr
2026-02-09T00:52:05.961738,17820.153,5.5e-06,Torr
2026-02-09T00:52:13.133500,17827.325,5.5e-06,Torr
2026-02-09T00:52:18.148265,17832.339,5.5e-06,Torr
2026-02-09T00:52:25.320168,17839.511,5.5e-06,Torr
2026-02-09T00:52:30.334969,17844.526,5.5e-06,Torr
2026-02-09T00:52:37.506836,17851.698,5.5e-06,Torr
2026-02-09T00:52:42.521656,17856.713,5.5e-06,Torr
2026-02-09T00:52:49.693542,17863.885,5.45e-06,Torr
2026-02-09T00:52:54.708318,17868.899,5.5e-06,Torr
2026-02-09T00:53:01.880242,17876.071,5.45e-06,Torr
2026-02-09T00:53:06.895023,17881.086,5.5e-06,Torr
2026-02-09T00:53:14.066914,17888.258,5.5e-06,Torr
2026-02-09T00:53:19.081634,17893.273,5.5e-06,Torr
2026-02-09T00:53:26.253592,17900.445,5.45e-06,Torr
2026-02-09T00:53:31.268332,17905.459,5.5e-06,Torr
2026-02-09T00:53:38.440256,17912.631,5.45e-06,Torr
2026-02-09T00:53:43.454998,17917.646,5.5e-06,Torr
2026-02-09T00:53:50.626943,17924.818,5.5e-06,Torr
2026-02-09T00:53:55.641738,17929.833,5.5e-06,Torr
2026-02-09T00:54:02.813574,17937.005,5.5e-06,Torr
2026-02-09T00:54:07.828409,17942.020,5.5e-06,Torr
2026-02-09T00:54:15.000261,17949.191,5.549999999999999e-06,Torr
2026-02-09T00:54:20.015027,17954.206,5.6e-06,Torr
2026-02-09T00:54:27.186937,17961.378,5.549999999999999e-06,Torr
2026-02-09T00:54:32.201720,17966.393,5.5e-06,Torr
2026-02-09T00:54:39.373642,17973.565,5.549999999999999e-06,Torr
2026-02-09T00:54:44.388393,17978.580,5.5e-06,Torr
2026-02-09T00:54:51.560357,17985.751,5.549999999999999e-06,Torr
2026-02-09T00:54:56.575115,17990.766,5.6e-06,Torr
2026-02-09T00:55:03.747028,17997.938,5.6e-06,Torr
2026-02-09T00:55:08.761753,18002.953,5.7e-06,Torr
2026-02-09T00:55:16.949104,18011.140,5.7e-06,Torr
2026-02-09T00:55:21.965793,18016.157,5.6e-06,Torr
2026-02-09T00:55:29.137655,18023.329,5.6e-06,Torr
2026-02-09T00:55:34.152475,18028.344,5.7e-06,Torr
2026-02-09T00:55:41.324335,18035.515,5.65e-06,Torr
2026-02-09T00:55:46.339158,18040.530,5.7e-06,Torr
2026-02-09T00:55:53.511047,18047.702,5.7e-06,Torr
2026-02-09T00:55:58.525807,18052.717,5.7e-06,Torr
2026-02-09T00:56:05.697697,18059.889,5.7e-06,Torr
2026-02-09T00:56:10.712463,18064.904,5.7e-06,Torr
2026-02-09T00:56:17.884408,18072.076,5.7e-06,Torr
2026-02-09T00:56:22.899167,18077.090,5.6e-06,Torr
2026-02-09T00:56:30.071041,18084.262,5.65e-06,Torr
2026-02-09T00:56:35.085849,18089.277,5.7e-06,Torr
2026-02-09T00:56:42.257770,18096.449,5.8e-06,Torr
2026-02-09T00:56:47.272580,18101.464,5.8e-06,Torr
2026-02-09T00:56:54.444473,18108.636,5.75e-06,Torr
2026-02-09T00:56:59.459227,18113.650,5.8e-06,Torr
2026-02-09T00:57:06.631149,18120.822,5.85e-06,Torr
2026-02-09T00:57:11.645862,18125.837,5.9e-06,Torr
2026-02-09T00:57:18.817806,18133.009,5.8e-06,Torr
2026-02-09T00:57:23.832603,18138.024,5.8e-06,Torr
2026-02-09T00:57:31.004475,18145.196,5.9e-06,Torr
2026-02-09T00:57:36.019233,18150.210,5.9e-06,Torr
2026-02-09T00:57:43.191102,18157.382,5.8e-06,Torr
2026-02-09T00:57:48.205909,18162.397,5.7e-06,Torr
2026-02-09T00:57:55.377850,18169.569,5.85e-06,Torr
2026-02-09T00:58:00.392629,18174.584,5.7e-06,Torr
2026-02-09T00:58:07.564532,18181.756,5.85e-06,Torr
2026-02-09T00:58:12.579336,18186.770,5.9e-06,Torr
2026-02-09T00:58:19.751191,18193.942,5.9e-06,Torr
2026-02-09T00:58:24.766013,18198.957,5.9e-06,Torr
2026-02-09T00:58:31.937862,18206.129,5.85e-06,Torr
2026-02-09T00:58:36.952608,18211.144,5.9e-06,Torr
2026-02-09T00:58:44.124547,18218.316,5.9e-06,Torr
2026-02-09T00:58:49.139273,18223.330,5.9e-06,Torr
2026-02-09T00:58:56.311205,18230.502,5.9e-06,Torr
2026-02-09T00:59:01.325989,18235.517,5.9e-06,Torr
2026-02-09T00:59:08.497831,18242.689,5.9e-06,Torr
2026-02-09T00:59:13.512712,18247.704,5.9e-06,Torr
2026-02-09T00:59:20.684596,18254.876,5.9e-06,Torr
2026-02-09T00:59:25.699370,18259.891,6.6e-06,Torr
2026-02-09T00:59:32.871247,18267.062,6.35e-06,Torr
2026-02-09T00:59:37.886012,18272.077,6e-06,Torr
2026-02-09T00:59:45.057969,18279.249,6.05e-06,Torr
2026-02-09T00:59:50.072813,18284.264,6e-06,Torr
2026-02-09T00:59:57.244623,18291.436,6e-06,Torr
2026-02-09T01:00:02.259353,18296.450,5.9e-06,Torr
2026-02-09T01:00:09.431294,18303.622,6e-06,Torr
2026-02-09T01:00:14.446084,18308.637,6e-06,Torr
2026-02-09T01:00:21.617978,18315.809,6e-06,Torr
2026-02-09T01:00:26.632756,18320.824,6e-06,Torr
2026-02-09T01:00:33.804639,18327.996,6.05e-06,Torr
2026-02-09T01:00:38.819406,18333.011,6e-06,Torr
2026-02-09T01:00:45.991318,18340.182,6.1e-06,Torr
2026-02-09T01:00:51.006080,18345.197,6.1e-06,Torr
2026-02-09T01:00:58.178091,18352.369,6.05e-06,Torr
2026-02-09T01:01:03.192755,18357.384,6.1e-06,Torr
2026-02-09T01:01:10.364810,18364.556,6e-06,Torr
2026-02-09T01:01:15.379435,18369.571,6e-06,Torr
2026-02-09T01:01:22.551367,18376.743,6.05e-06,Torr
2026-02-09T01:01:27.566123,18381.757,6.1e-06,Torr
2026-02-09T01:01:34.738070,18388.929,6.1e-06,Torr
2026-02-09T01:01:39.752796,18393.944,6.1e-06,Torr
2026-02-09T01:01:46.924701,18401.116,6.1e-06,Torr
2026-02-09T01:01:51.939478,18406.131,6.1e-06,Torr
2026-02-09T01:01:59.111359,18413.302,6.1e-06,Torr
2026-02-09T01:02:04.126153,18418.317,6.1e-06,Torr
2026-02-09T01:02:11.297995,18425.489,6.1e-06,Torr
2026-02-09T01:02:16.312852,18430.504,6.1e-06,Torr
2026-02-09T01:02:23.484780,18437.676,6.1e-06,Torr
2026-02-09T01:02:28.499682,18442.691,6e-06,Torr
2026-02-09T01:02:35.671524,18449.863,6.15e-06,Torr
2026-02-09T01:02:40.686170,18454.877,6.2e-06,Torr
2026-02-09T01:02:47.858076,18462.049,6.2499999999999995e-06,Torr
2026-02-09T01:02:52.872831,18467.064,6.2e-06,Torr
2026-02-09T01:03:00.044831,18474.236,6.2499999999999995e-06,Torr
2026-02-09T01:03:05.059520,18479.251,6.2e-06,Torr
2026-02-09T01:03:12.231423,18486.423,6.3e-06,Torr
2026-02-09T01:03:17.246231,18491.437,6.3e-06,Torr
2026-02-09T01:03:24.418149,18498.609,6.3e-06,Torr
2026-02-09T01:03:29.432899,18503.624,6.3e-06,Torr
2026-02-09T01:03:36.604825,18510.796,6.35e-06,Torr
2026-02-09T01:03:41.619550,18515.811,6.3e-06,Torr
2026-02-09T01:03:48.791484,18522.983,6.3e-06,Torr
2026-02-09T01:03:53.806256,18527.997,6.4e-06,Torr
2026-02-09T01:04:00.978135,18535.169,6.4e-06,Torr
2026-02-09T01:04:05.992919,18540.184,6.4e-06,Torr
2026-02-09T01:04:13.164835,18547.356,6.4e-06,Torr
2026-02-09T01:04:18.179609,18552.371,6.4e-06,Torr
2026-02-09T01:04:25.351492,18559.543,6.449999999999999e-06,Torr
2026-02-09T01:04:30.366256,18564.557,6.4e-06,Torr
2026-02-09T01:04:37.538218,18571.729,6.5000000000000004e-06,Torr
2026-02-09T01:04:42.552958,18576.744,6.6e-06,Torr
2026-02-09T01:04:49.724832,18583.916,6.5e-06,Torr
2026-02-09T01:04:54.739694,18588.931,6.5e-06,Torr
2026-02-09T01:05:01.911577,18596.103,6.6e-06,Torr
2026-02-09T01:05:06.926419,18601.118,6.5e-06,Torr
2026-02-09T01:05:14.098258,18608.289,6.6e-06,Torr
2026-02-09T01:05:19.113257,18613.304,6.6e-06,Torr
2026-02-09T01:05:26.284919,18620.476,6.6e-06,Torr
2026-02-09T01:05:31.299670,18625.491,6.6e-06,Torr
2026-02-09T01:05:38.471609,18632.663,6.6e-06,Torr
2026-02-09T01:05:43.486532,18637.678,6.6e-06,Torr
2026-02-09T01:05:50.658306,18644.849,6.6e-06,Torr
2026-02-09T01:05:55.673102,18649.864,6.6e-06,Torr
2026-02-09T01:06:02.844922,18657.036,6.650000000000001e-06,Torr
2026-02-09T01:06:07.859703,18662.051,6.6e-06,Torr
2026-02-09T01:06:15.031656,18669.223,6.75e-06,Torr
2026-02-09T01:06:20.046419,18674.238,6.8e-06,Torr
2026-02-09T01:06:27.218321,18681.409,6.75e-06,Torr
2026-02-09T01:06:32.233067,18686.424,6.8e-06,Torr
2026-02-09T01:06:39.404966,18693.596,6.75e-06,Torr
2026-02-09T01:06:44.419777,18698.611,6.8e-06,Torr
2026-02-09T01:06:51.591670,18705.783,6.75e-06,Torr
2026-02-09T01:06:56.606584,18710.798,6.8e-06,Torr
2026-02-09T01:07:03.778315,18717.969,6.8500000000000005e-06,Torr
2026-02-09T01:07:08.793382,18722.985,6.8e-06,Torr
2026-02-09T01:07:15.965038,18730.156,6.8e-06,Torr
2026-02-09T01:07:20.979859,18735.171,6.8e-06,Torr
2026-02-09T01:07:28.151665,18742.343,6.8e-06,Torr
2026-02-09T01:07:33.166439,18747.358,6.8e-06,Torr
2026-02-09T01:07:40.338376,18754.530,6.8e-06,Torr
2026-02-09T01:07:45.353340,18759.544,6.8e-06,Torr
2026-02-09T01:07:52.525030,18766.716,6.8500000000000005e-06,Torr
2026-02-09T01:07:57.539968,18771.731,6.9e-06,Torr
2026-02-09T01:08:04.711698,18778.903,6.8500000000000005e-06,Torr
2026-02-09T01:08:09.726549,18783.918,6.9e-06,Torr
2026-02-09T01:08:16.898410,18791.090,6.9499999999999995e-06,Torr
2026-02-09T01:08:21.913170,18796.104,7e-06,Torr
2026-02-09T01:08:29.085086,18803.276,7e-06,Torr
2026-02-09T01:08:34.100061,18808.291,7.1e-06,Torr
2026-02-09T01:08:41.271743,18815.463,7e-06,Torr
2026-02-09T01:08:46.286533,18820.478,7e-06,Torr
2026-02-09T01:08:53.458453,18827.650,7.05e-06,Torr
2026-02-09T01:08:58.473204,18832.664,7.1e-06,Torr
2026-02-09T01:09:05.645143,18839.836,7.05e-06,Torr
2026-02-09T01:09:10.659910,18844.851,7.1e-06,Torr
2026-02-09T01:09:17.831779,18852.023,7.1e-06,Torr
2026-02-09T01:09:22.846603,18857.038,7e-06,Torr
2026-02-09T01:09:30.018466,18864.210,7.149999999999999e-06,Torr
2026-02-09T01:09:35.033239,18869.224,7.1e-06,Torr
2026-02-09T01:09:42.205175,18876.396,7.2e-06,Torr
2026-02-09T01:09:47.219879,18881.411,7.1e-06,Torr
2026-02-09T01:09:54.391878,18888.583,7.149999999999999e-06,Torr
2026-02-09T01:09:59.406593,18893.598,7.3e-06,Torr
2026-02-09T01:10:06.578484,18900.770,7.149999999999999e-06,Torr
2026-02-09T01:10:11.593283,18905.784,7.3e-06,Torr
2026-02-09T01:10:18.765209,18912.956,7.25e-06,Torr
2026-02-09T01:10:23.779943,18917.971,7.3e-06,Torr
2026-02-09T01:10:30.951928,18925.143,7.3e-06,Torr
2026-02-09T01:10:35.966661,18930.158,7.3e-06,Torr
2026-02-09T01:10:43.138519,18937.330,7.3e-06,Torr
2026-02-09T01:10:48.153394,18942.345,7.3e-06,Torr
2026-02-09T01:10:55.325223,18949.516,7.350000000000001e-06,Torr
2026-02-09T01:11:00.339989,18954.531,7.3e-06,Torr
2026-02-09T01:11:07.511864,18961.703,7.4e-06,Torr
2026-02-09T01:11:12.526788,18966.718,7.5e-06,Torr
2026-02-09T01:11:19.698572,18973.890,7.45e-06,Torr
2026-02-09T01:11:24.713344,18978.904,7.5e-06,Torr
2026-02-09T01:11:31.885249,18986.076,7.5e-06,Torr
2026-02-09T01:11:36.899994,18991.091,7.4e-06,Torr
2026-02-09T01:11:44.071959,18998.263,7.5500000000000006e-06,Torr
2026-02-09T01:11:49.086688,19003.278,7.6e-06,Torr
2026-02-09T01:11:56.258576,19010.450,7.5e-06,Torr
2026-02-09T01:12:01.273346,19015.464,7.6e-06,Torr
2026-02-09T01:12:08.445333,19022.636,7.6e-06,Torr
2026-02-09T01:12:13.460074,19027.651,7.6e-06,Torr
2026-02-09T01:12:20.631962,19034.823,7.6e-06,Torr
2026-02-09T01:12:25.646883,19039.838,7.6e-06,Torr
2026-02-09T01:12:32.818597,19047.010,7.65e-06,Torr
2026-02-09T01:12:37.833395,19052.025,7.7e-06,Torr
2026-02-09T01:12:45.005288,19059.196,7.8e-06,Torr
2026-02-09T01:12:50.020069,19064.211,7.7e-06,Torr
2026-02-09T01:12:57.192101,19071.383,7.8e-06,Torr
2026-02-09T01:13:02.206930,19076.398,7.9e-06,Torr
2026-02-09T01:13:09.378691,19083.570,7.8e-06,Torr
2026-02-09T01:13:14.393428,19088.585,7.9e-06,Torr
2026-02-09T01:13:21.565332,19095.756,7.9e-06,Torr
2026-02-09T01:13:26.580225,19100.771,7.9e-06,Torr
2026-02-09T01:13:33.752042,19107.943,7.9e-06,Torr
2026-02-09T01:13:38.766788,19112.958,7.9e-06,Torr
2026-02-09T01:13:45.938704,19120.130,7.9e-06,Torr
2026-02-09T01:13:50.953467,19125.145,8e-06,Torr
2026-02-09T01:13:58.125419,19132.317,8e-06,Torr
2026-02-09T01:14:03.140145,19137.331,7.9e-06,Torr
2026-02-09T01:14:10.312009,19144.503,8.1e-06,Torr
2026-02-09T01:14:15.326816,19149.518,8e-06,Torr
2026-02-09T01:14:22.498774,19156.690,8.2e-06,Torr
2026-02-09T01:14:27.513631,19161.705,8.2e-06,Torr
2026-02-09T01:14:34.685387,19168.877,8.15e-06,Torr
2026-02-09T01:14:39.700206,19173.891,8.2e-06,Torr
2026-02-09T01:14:46.872095,19181.063,8.2e-06,Torr
2026-02-09T01:14:51.886916,19186.078,8.2e-06,Torr
2026-02-09T01:14:59.058774,19193.250,8.2e-06,Torr
2026-02-09T01:15:04.073583,19198.265,8.2e-06,Torr
2026-02-09T01:15:11.245442,19205.437,8.2e-06,Torr
2026-02-09T01:15:16.260237,19210.451,8.2e-06,Torr
2026-02-09T01:15:23.432138,19217.623,8.35e-06,Torr
2026-02-09T01:15:28.446896,19222.638,8.4e-06,Torr
2026-02-09T01:15:35.618797,19229.810,8.4e-06,Torr
2026-02-09T01:15:40.633618,19234.825,8.5e-06,Torr
2026-02-09T01:15:47.805439,19241.997,8.449999999999999e-06,Torr
2026-02-09T01:15:52.820304,19247.011,8.5e-06,Torr
2026-02-09T01:15:59.992182,19254.183,8.5e-06,Torr
2026-02-09T01:16:05.006952,19259.198,8.5e-06,Torr
2026-02-09T01:16:12.178926,19266.370,8.5e-06,Torr
2026-02-09T01:16:17.193627,19271.385,8.5e-06,Torr
2026-02-09T01:16:24.365566,19278.557,8.65e-06,Torr
2026-02-09T01:16:29.380348,19283.571,8.8e-06,Torr
2026-02-09T01:16:36.552196,19290.743,8.6e-06,Torr
2026-02-09T01:16:41.566957,19295.758,8.7e-06,Torr
2026-02-09T01:16:48.738857,19302.930,8.7e-06,Torr
2026-02-09T01:16:53.753813,19307.945,8.8e-06,Torr
2026-02-09T01:17:00.925549,19315.117,8.8e-06,Torr
2026-02-09T01:17:05.940414,19320.132,8.8e-06,Torr
2026-02-09T01:17:13.112224,19327.303,8.8e-06,Torr
2026-02-09T01:17:18.127152,19332.318,8.8e-06,Torr
2026-02-09T01:17:25.298926,19339.490,8.8e-06,Torr
2026-02-09T01:17:30.313900,19344.505,8.8e-06,Torr
2026-02-09T01:17:37.485597,19351.677,8.85e-06,Torr
2026-02-09T01:17:42.500353,19356.691,8.9e-06,Torr
2026-02-09T01:17:49.672362,19363.864,8.95e-06,Torr
2026-02-09T01:17:54.687006,19368.878,9.1e-06,Torr
2026-02-09T01:18:01.858885,19376.050,9.1e-06,Torr
2026-02-09T01:18:06.873705,19381.065,8.9e-06,Torr
2026-02-09T01:18:14.045605,19388.237,9.05e-06,Torr
2026-02-09T01:18:19.060377,19393.252,8.9e-06,Torr
2026-02-09T01:18:26.232294,19400.423,9e-06,Torr
2026-02-09T01:18:31.247227,19405.438,9.1e-06,Torr
2026-02-09T01:18:38.419021,19412.610,9.2e-06,Torr
2026-02-09T01:18:43.433735,19417.625,9.1e-06,Torr
2026-02-09T01:18:50.605678,19424.797,9.149999999999999e-06,Torr
2026-02-09T01:18:55.620413,19429.812,9.1e-06,Torr
2026-02-09T01:19:02.792318,19436.983,9.3e-06,Torr
2026-02-09T01:19:07.807116,19441.998,9.4e-06,Torr
2026-02-09T01:19:14.979038,19449.170,9.35e-06,Torr
2026-02-09T01:19:19.993873,19454.185,9.3e-06,Torr
2026-02-09T01:19:27.165678,19461.357,9.400000000000001e-06,Torr
2026-02-09T01:19:32.180441,19466.372,9.4e-06,Torr
2026-02-09T01:19:39.352366,19473.544,9.45e-06,Torr
2026-02-09T01:19:44.367126,19478.558,9.5e-06,Torr
2026-02-09T01:19:51.539020,19485.730,9.45e-06,Torr
2026-02-09T01:19:56.553802,19490.745,9.5e-06,Torr
2026-02-09T01:20:03.725756,19497.917,9.45e-06,Torr
2026-02-09T01:20:08.740510,19502.932,9.5e-06,Torr
2026-02-09T01:20:15.912321,19510.103,9.55e-06,Torr
2026-02-09T01:20:20.927273,19515.118,9.5e-06,Torr
2026-02-09T01:20:28.099142,19522.290,9.6e-06,Torr
2026-02-09T01:20:33.113878,19527.305,9.7e-06,Torr
2026-02-09T01:20:40.285746,19534.477,9.7e-06,Torr
2026-02-09T01:20:45.300533,19539.492,9.8e-06,Torr
2026-02-09T01:20:52.472455,19546.664,9.75e-06,Torr
2026-02-09T01:20:57.487249,19551.678,9.9e-06,Torr
2026-02-09T01:21:04.659135,19558.850,9.849999999999999e-06,Torr
2026-02-09T01:21:09.673885,19563.865,9.8e-06,Torr
2026-02-09T01:21:16.845810,19571.037,9.8e-06,Torr
2026-02-09T01:21:21.860549,19576.052,9.8e-06,Torr
2026-02-09T01:21:29.032446,19583.224,9.8e-06,Torr
2026-02-09T01:21:34.047419,19588.239,1e-05,Torr
2026-02-09T01:21:41.219148,19595.410,9.849999999999999e-06,Torr
2026-02-09T01:21:46.233905,19600.425,1e-05,Torr
2026-02-09T01:21:53.405857,19607.597,1e-05,Torr
2026-02-09T01:21:58.420559,19612.612,1e-05,Torr
2026-02-09T01:22:05.592556,19619.784,1e-05,Torr
2026-02-09T01:22:10.607269,19624.798,1e-05,Torr
2026-02-09T01:22:17.779165,19631.970,1e-05,Torr
2026-02-09T01:22:22.793949,19636.985,1e-05,Torr
2026-02-09T01:22:29.965819,19644.157,1e-05,Torr
2026-02-09T01:22:34.980582,19649.172,1e-05,Torr
2026-02-09T01:22:42.152530,19656.344,1e-05,Torr
2026-02-09T01:22:47.167307,19661.358,1e-05,Torr
2026-02-09T01:22:54.339212,19668.530,1e-05,Torr
2026-02-09T01:22:59.354153,19673.545,1e-05,Torr
2026-02-09T01:23:06.525969,19680.717,1.0500000000000001e-05,Torr
2026-02-09T01:23:11.540660,19685.732,1e-05,Torr
2026-02-09T01:23:18.712647,19692.904,1.0500000000000001e-05,Torr
2026-02-09T01:23:23.727347,19697.918,1e-05,Torr
2026-02-09T01:23:30.899271,19705.090,1.1e-05,Torr
2026-02-09T01:23:35.914015,19710.105,1.1e-05,Torr
2026-02-09T01:23:43.085944,19717.277,1.1e-05,Torr
2026-02-09T01:23:48.100677,19722.292,1.1e-05,Torr
2026-02-09T01:23:55.272582,19729.464,1.1e-05,Torr
2026-02-09T01:24:00.287363,19734.479,1.1e-05,Torr
2026-02-09T01:24:07.459255,19741.650,1.1e-05,Torr
2026-02-09T01:24:12.474097,19746.665,1.1e-05,Torr
2026-02-09T01:24:19.645949,19753.837,1.1e-05,Torr
2026-02-09T01:24:24.660765,19758.852,1.1e-05,Torr
2026-02-09T01:24:31.832592,19766.024,1.1e-05,Torr
2026-02-09T01:24:36.847398,19771.039,1.1e-05,Torr
2026-02-09T01:24:44.019368,19778.211,1.1e-05,Torr
2026-02-09T01:24:49.034082,19783.225,1.1e-05,Torr
2026-02-09T01:24:56.206023,19790.397,1.1e-05,Torr
2026-02-09T01:25:01.220755,19795.412,1.1e-05,Torr
2026-02-09T01:25:08.392682,19802.584,1.1e-05,Torr
2026-02-09T01:25:13.407539,19807.599,1.1e-05,Torr
2026-02-09T01:25:20.579357,19814.770,1.1e-05,Torr
2026-02-09T01:25:25.594108,19819.785,1.1e-05,Torr
2026-02-09T01:25:32.766085,19826.957,1.1e-05,Torr
2026-02-09T01:25:37.780844,19831.972,1.1e-05,Torr
2026-02-09T01:25:44.952698,19839.144,1.1e-05,Torr
2026-02-09T01:25:49.967471,19844.159,1.2e-05,Torr
2026-02-09T01:25:57.139342,19851.330,1.2e-05,Torr
2026-02-09T01:26:02.154174,19856.345,1.1e-05,Torr
2026-02-09T01:26:09.326101,19863.517,1.15e-05,Torr
2026-02-09T01:26:14.340845,19868.532,1.1e-05,Torr
2026-02-09T01:26:21.512739,19875.704,1.1e-05,Torr
2026-02-09T01:26:26.527474,19880.719,1.2e-05,Torr
2026-02-09T01:26:33.699431,19887.891,1.2e-05,Torr
2026-02-09T01:26:38.714205,19892.905,1.2e-05,Torr
2026-02-09T01:26:45.886045,19900.077,1.2e-05,Torr
2026-02-09T01:26:50.900851,19905.092,1.2e-05,Torr
2026-02-09T01:26:58.072773,19912.264,1.2e-05,Torr
2026-02-09T01:27:03.087512,19917.279,1.2e-05,Torr
2026-02-09T01:27:10.259464,19924.451,1.2e-05,Torr
2026-02-09T01:27:15.274193,19929.465,1.2e-05,Torr
2026-02-09T01:27:22.446098,19936.637,1.2e-05,Torr
2026-02-09T01:27:27.460899,19941.652,1.2e-05,Torr
2026-02-09T01:27:34.632816,19948.824,1.2e-05,Torr
2026-02-09T01:27:39.647566,19953.839,1.2e-05,Torr
2026-02-09T01:27:46.819478,19961.011,1.2e-05,Torr
2026-02-09T01:27:51.834280,19966.025,1.2e-05,Torr
2026-02-09T01:27:59.006196,19973.197,1.2e-05,Torr
2026-02-09T01:28:04.020957,19978.212,1.2e-05,Torr
2026-02-09T01:28:11.192800,19985.384,1.2e-05,Torr
2026-02-09T01:28:16.207639,19990.399,1.2e-05,Torr
2026-02-09T01:28:23.379483,19997.571,1.2e-05,Torr
2026-02-09T01:28:28.394312,20002.585,1.2e-05,Torr
2026-02-09T01:28:35.566162,20009.757,1.2e-05,Torr
2026-02-09T01:28:40.580978,20014.772,1.3e-05,Torr
2026-02-09T01:28:47.752856,20021.944,1.3e-05,Torr
2026-02-09T01:28:52.767620,20026.959,1.3e-05,Torr
2026-02-09T01:28:59.939517,20034.131,1.3e-05,Torr
2026-02-09T01:29:04.954329,20039.145,1.3e-05,Torr
2026-02-09T01:29:12.126236,20046.317,1.3e-05,Torr
2026-02-09T01:29:17.141033,20051.332,1.3e-05,Torr
2026-02-09T01:29:24.312885,20058.504,1.3e-05,Torr
2026-02-09T01:29:29.327700,20063.519,1.3e-05,Torr
2026-02-09T01:29:36.499645,20070.691,1.3e-05,Torr
2026-02-09T01:29:41.514523,20075.706,1.3e-05,Torr
2026-02-09T01:29:48.686231,20082.877,1.3e-05,Torr
2026-02-09T01:29:53.701017,20087.892,1.3e-05,Torr
2026-02-09T01:30:00.872952,20095.064,1.3e-05,Torr
2026-02-09T01:30:05.887701,20100.079,1.3e-05,Torr
2026-02-09T01:30:13.059595,20107.251,1.3e-05,Torr
2026-02-09T01:30:18.074372,20112.266,1.3e-05,Torr
2026-02-09T01:30:25.246272,20119.437,1.3e-05,Torr
2026-02-09T01:30:30.261056,20124.452,1.3e-05,Torr
2026-02-09T01:30:37.432908,20131.624,1.35e-05,Torr
2026-02-09T01:30:42.447783,20136.639,1.4e-05,Torr
2026-02-09T01:30:49.619661,20143.811,1.4e-05,Torr
2026-02-09T01:30:54.634442,20148.826,1.4e-05,Torr
2026-02-09T01:31:01.806288,20155.997,1.4e-05,Torr
2026-02-09T01:31:06.821122,20161.012,1.4e-05,Torr
2026-02-09T01:31:13.992944,20168.184,1.4e-05,Torr
2026-02-09T01:31:19.007993,20173.199,1.4e-05,Torr
2026-02-09T01:31:26.179737,20180.371,1.4e-05,Torr
2026-02-09T01:31:31.194438,20185.386,1.4e-05,Torr
2026-02-09T01:31:38.366458,20192.558,1.4e-05,Torr
2026-02-09T01:31:43.381305,20197.572,1.4e-05,Torr
2026-02-09T01:31:50.552988,20204.744,1.4e-05,Torr
2026-02-09T01:31:55.567809,20209.759,1.4e-05,Torr
2026-02-09T01:32:02.739720,20216.931,1.4e-05,Torr
2026-02-09T01:32:07.754541,20221.946,1.4e-05,Torr
2026-02-09T01:32:14.926442,20229.118,1.4e-05,Torr
2026-02-09T01:32:19.941141,20234.132,1.4e-05,Torr
2026-02-09T01:32:27.113091,20241.304,1.4e-05,Torr
2026-02-09T01:32:32.127820,20246.319,1.4e-05,Torr
2026-02-09T01:32:39.299762,20253.491,1.4e-05,Torr
2026-02-09T01:32:44.314590,20258.506,1.5e-05,Torr
2026-02-09T01:32:51.486448,20265.678,1.45e-05,Torr
2026-02-09T01:32:56.501201,20270.692,1.5e-05,Torr
2026-02-09T01:33:03.673234,20277.864,1.5e-05,Torr
2026-02-09T01:33:08.687870,20282.879,1.5e-05,Torr
2026-02-09T01:33:15.859769,20290.051,1.5e-05,Torr
2026-02-09T01:33:20.874580,20295.066,1.5e-05,Torr
2026-02-09T01:33:28.046438,20302.238,1.5e-05,Torr
2026-02-09T01:33:33.061259,20307.252,1.5e-05,Torr
2026-02-09T01:33:40.233129,20314.424,1.5e-05,Torr
2026-02-09T01:33:45.247897,20319.439,1.5e-05,Torr
2026-02-09T01:33:52.419817,20326.611,1.5e-05,Torr
2026-02-09T01:33:57.434574,20331.626,1.5e-05,Torr
2026-02-09T01:34:04.606488,20338.798,1.5e-05,Torr
2026-02-09T01:34:09.621273,20343.812,1.5e-05,Torr
2026-02-09T01:34:16.793181,20350.984,1.5e-05,Torr
2026-02-09T01:34:21.807976,20355.999,1.5e-05,Torr
2026-02-09T01:34:28.979869,20363.171,1.5e-05,Torr
2026-02-09T01:34:33.994651,20368.186,1.6e-05,Torr
2026-02-09T01:34:41.166513,20375.358,1.55e-05,Torr
2026-02-09T01:34:46.181291,20380.372,1.6e-05,Torr
2026-02-09T01:34:53.353211,20387.544,1.6e-05,Torr
2026-02-09T01:34:58.367985,20392.559,1.6e-05,Torr
2026-02-09T01:35:05.539850,20399.731,1.6e-05,Torr
2026-02-09T01:35:10.554688,20404.746,1.6e-05,Torr
2026-02-09T01:35:17.726521,20411.918,1.6e-05,Torr
2026-02-09T01:35:22.741337,20416.932,1.6e-05,Torr
2026-02-09T01:35:29.913269,20424.104,1.6e-05,Torr
2026-02-09T01:35:34.927991,20429.119,1.6e-05,Torr
2026-02-09T01:35:42.099913,20436.291,1.65e-05,Torr
2026-02-09T01:35:47.114703,20441.306,1.6e-05,Torr
2026-02-09T01:35:54.286602,20448.478,1.6e-05,Torr
2026-02-09T01:35:59.301419,20453.493,1.6e-05,Torr
2026-02-09T01:36:06.473288,20460.664,1.65e-05,Torr
2026-02-09T01:36:11.488046,20465.679,1.6e-05,Torr
2026-02-09T01:36:18.660197,20472.851,1.7e-05,Torr
2026-02-09T01:36:23.675748,20477.867,1.7e-05,Torr
2026-02-09T01:36:30.846616,20485.038,1.7e-05,Torr
2026-02-09T01:36:35.861396,20490.053,1.7e-05,Torr
2026-02-09T01:36:43.033493,20497.225,1.7e-05,Torr
2026-02-09T01:36:48.048238,20502.239,1.7e-05,Torr
2026-02-09T01:36:55.219993,20509.411,1.7e-05,Torr
2026-02-09T01:37:00.234780,20514.426,1.7e-05,Torr
2026-02-09T01:37:07.406714,20521.598,1.7e-05,Torr
2026-02-09T01:37:12.421438,20526.613,1.7e-05,Torr
2026-02-09T01:37:19.593360,20533.784,1.7e-05,Torr
2026-02-09T01:37:24.608141,20538.799,1.7e-05,Torr
2026-02-09T01:37:31.780030,20545.971,1.7e-05,Torr
2026-02-09T01:37:36.794757,20550.986,1.7e-05,Torr
2026-02-09T01:37:43.966712,20558.158,1.75e-05,Torr
2026-02-09T01:37:48.981447,20563.173,1.8e-05,Torr
2026-02-09T01:37:56.153371,20570.345,1.8e-05,Torr
2026-02-09T01:38:01.168180,20575.359,1.8e-05,Torr
2026-02-09T01:38:08.340055,20582.531,1.8e-05,Torr
2026-02-09T01:38:13.354806,20587.546,1.8e-05,Torr
2026-02-09T01:38:20.526740,20594.718,1.8e-05,Torr
2026-02-09T01:38:25.541988,20599.733,1.8e-05,Torr
2026-02-09T01:38:32.713466,20606.905,1.8e-05,Torr
2026-02-09T01:38:37.728416,20611.920,1.8e-05,Torr
2026-02-09T01:38:44.900094,20619.091,1.8e-05,Torr
2026-02-09T01:38:49.914865,20624.106,1.8e-05,Torr
2026-02-09T01:38:57.087090,20631.278,1.8e-05,Torr
2026-02-09T01:39:02.117166,20636.308,1.8e-05,Torr
2026-02-09T01:39:09.289099,20643.480,1.8500000000000002e-05,Torr
2026-02-09T01:39:14.303807,20648.495,1.9e-05,Torr
2026-02-09T01:39:21.475768,20655.667,1.8500000000000002e-05,Torr
2026-02-09T01:39:26.490562,20660.682,1.9e-05,Torr
2026-02-09T01:39:33.662442,20667.854,1.9e-05,Torr
2026-02-09T01:39:38.677720,20672.869,1.9e-05,Torr
2026-02-09T01:39:45.849096,20680.040,1.9e-05,Torr
2026-02-09T01:39:50.864190,20685.055,1.9e-05,Torr
2026-02-09T01:39:58.035763,20692.227,1.9e-05,Torr
2026-02-09T01:40:03.050551,20697.242,1.9e-05,Torr
2026-02-09T01:40:10.222475,20704.414,1.9e-05,Torr
2026-02-09T01:40:15.237222,20709.428,1.9e-05,Torr
2026-02-09T01:40:22.409156,20716.600,2e-05,Torr
2026-02-09T01:40:27.423961,20721.615,2e-05,Torr
2026-02-09T01:40:34.595798,20728.787,2e-05,Torr
2026-02-09T01:40:39.610779,20733.802,2e-05,Torr
2026-02-09T01:40:46.782459,20740.974,2e-05,Torr
2026-02-09T01:40:51.797410,20745.989,2e-05,Torr
2026-02-09T01:40:58.969167,20753.160,2e-05,Torr
2026-02-09T01:41:03.983919,20758.175,2e-05,Torr
2026-02-09T01:41:11.155867,20765.347,2.05e-05,Torr
2026-02-09T01:41:16.186217,20770.377,2e-05,Torr
2026-02-09T01:41:23.358110,20777.549,2e-05,Torr
2026-02-09T01:41:28.372938,20782.564,2e-05,Torr
2026-02-09T01:41:35.544811,20789.736,2.05e-05,Torr
2026-02-09T01:41:40.559577,20794.751,2e-05,Torr
2026-02-09T01:41:47.731577,20801.923,2.1e-05,Torr
2026-02-09T01:41:52.746311,20806.937,2.1e-05,Torr
2026-02-09T01:41:59.918160,20814.109,2.1e-05,Torr
2026-02-09T01:42:04.932975,20819.124,2.1e-05,Torr
2026-02-09T01:42:12.104829,20826.296,2.1e-05,Torr
2026-02-09T01:42:17.119610,20831.311,2.1e-05,Torr
2026-02-09T01:42:24.291566,20838.483,2.1e-05,Torr
2026-02-09T01:42:29.306305,20843.497,2.1e-05,Torr
2026-02-09T01:42:36.478183,20850.669,2.15e-05,Torr
2026-02-09T01:42:41.493226,20855.684,2.2e-05,Torr
2026-02-09T01:42:48.664912,20862.856,2.2e-05,Torr
2026-02-09T01:42:53.679873,20867.871,2.2e-05,Torr
2026-02-09T01:43:00.851527,20875.043,2.2e-05,Torr
2026-02-09T01:43:05.866805,20880.058,2.2e-05,Torr
2026-02-09T01:43:13.038229,20887.229,2.2e-05,Torr
2026-02-09T01:43:18.053231,20892.244,2.2e-05,Torr
2026-02-09T01:43:25.224888,20899.416,2.2499999999999998e-05,Torr
2026-02-09T01:43:30.239695,20904.431,2.3e-05,Torr
2026-02-09T01:43:37.411631,20911.603,2.3e-05,Torr
2026-02-09T01:43:42.426657,20916.618,2.3e-05,Torr
2026-02-09T01:43:49.598246,20923.789,2.3e-05,Torr
2026-02-09T01:43:54.613122,20928.804,2.3e-05,Torr
2026-02-09T01:44:01.784945,20935.976,2.3e-05,Torr
2026-02-09T01:44:06.799887,20940.991,2.3e-05,Torr
2026-02-09T01:44:13.971652,20948.163,2.3e-05,Torr
2026-02-09T01:44:18.986458,20953.178,2.3e-05,Torr
2026-02-09T01:44:26.158320,20960.349,2.3500000000000002e-05,Torr
2026-02-09T01:44:31.173249,20965.364,2.4e-05,Torr
2026-02-09T01:44:38.345026,20972.536,2.3500000000000002e-05,Torr
2026-02-09T01:44:43.360206,20977.551,2.4e-05,Torr
2026-02-09T01:44:50.531667,20984.723,2.4e-05,Torr
2026-02-09T01:44:55.547091,20989.738,2.4e-05,Torr
2026-02-09T01:45:02.718356,20996.909,2.4e-05,Torr
2026-02-09T01:45:07.733609,21001.925,2.4e-05,Torr
2026-02-09T01:45:14.905023,21009.096,2.4e-05,Torr
2026-02-09T01:45:19.919915,21014.111,2.5e-05,Torr
2026-02-09T01:45:27.091734,21021.283,2.5e-05,Torr
2026-02-09T01:45:32.106943,21026.298,2.5e-05,Torr
2026-02-09T01:45:39.278422,21033.470,2.5e-05,Torr
2026-02-09T01:45:44.293308,21038.484,2.5e-05,Torr
2026-02-09T01:45:51.465092,21045.656,2.5e-05,Torr
2026-02-09T01:45:56.479941,21050.671,2.5e-05,Torr
2026-02-09T01:46:03.651729,21057.843,2.5e-05,Torr
2026-02-09T01:46:08.666825,21062.858,2.5e-05,Torr
2026-02-09T01:46:15.838389,21070.030,2.55e-05,Torr
2026-02-09T01:46:20.853569,21075.045,2.5e-05,Torr
2026-02-09T01:46:28.025097,21082.216,2.5e-05,Torr
2026-02-09T01:46:33.039931,21087.231,2.6e-05,Torr
2026-02-09T01:46:40.211791,21094.403,2.6e-05,Torr
2026-02-09T01:46:45.226614,21099.418,2.6e-05,Torr
2026-02-09T01:46:52.398487,21106.590,2.6e-05,Torr
2026-02-09T01:46:57.413416,21111.605,2.6e-05,Torr
2026-02-09T01:47:04.585119,21118.776,2.6e-05,Torr
2026-02-09T01:47:09.600149,21123.791,2.6e-05,Torr
2026-02-09T01:47:16.771830,21130.963,2.7e-05,Torr
2026-02-09T01:47:21.786648,21135.978,2.7e-05,Torr
2026-02-09T01:47:28.958494,21143.150,2.7e-05,Torr
2026-02-09T01:47:33.973251,21148.164,2.7e-05,Torr
2026-02-09T01:47:41.145176,21155.336,2.7499999999999998e-05,Torr
2026-02-09T01:47:46.160110,21160.351,2.7e-05,Torr
2026-02-09T01:47:53.331867,21167.523,2.8e-05,Torr
2026-02-09T01:47:58.346692,21172.538,2.8e-05,Torr
2026-02-09T01:48:05.518523,21179.710,2.8e-05,Torr
2026-02-09T01:48:10.533634,21184.725,2.8e-05,Torr
2026-02-09T01:48:17.705210,21191.896,2.8e-05,Torr
2026-02-09T01:48:22.720228,21196.911,2.8e-05,Torr
2026-02-09T01:48:29.891905,21204.083,2.85e-05,Torr
2026-02-09T01:48:34.922236,21209.113,2.9e-05,Torr
2026-02-09T01:48:42.094147,21216.285,2.85e-05,Torr
2026-02-09T01:48:47.109189,21221.300,2.9e-05,Torr
2026-02-09T01:48:54.280882,21228.472,2.9e-05,Torr
2026-02-09T01:48:59.295819,21233.487,2.9e-05,Torr
2026-02-09T01:49:06.467517,21240.659,2.95e-05,Torr
2026-02-09T01:49:11.482975,21245.674,2.9e-05,Torr
2026-02-09T01:49:18.654209,21252.845,2.95e-05,Torr
2026-02-09T01:49:23.669430,21257.861,3e-05,Torr
2026-02-09T01:49:30.840909,21265.032,3e-05,Torr
2026-02-09T01:49:35.856314,21270.047,3e-05,Torr
2026-02-09T01:49:43.027562,21277.219,3e-05,Torr
2026-02-09T01:49:48.042818,21282.234,3.1e-05,Torr
2026-02-09T01:49:55.214262,21289.405,3.1e-05,Torr
2026-02-09T01:50:00.229457,21294.421,3e-05,Torr
2026-02-09T01:50:07.400888,21301.592,3.1e-05,Torr
2026-02-09T01:50:12.416134,21306.607,3.1e-05,Torr
2026-02-09T01:50:19.587605,21313.779,3.15e-05,Torr
2026-02-09T01:50:24.602852,21318.794,3.1e-05,Torr
2026-02-09T01:50:31.774267,21325.965,3.15e-05,Torr
2026-02-09T01:50:36.789397,21330.981,3.2e-05,Torr
2026-02-09T01:50:43.960990,21338.152,3.2e-05,Torr
2026-02-09T01:50:48.976323,21343.167,3.2e-05,Torr
2026-02-09T01:50:56.147641,21350.339,3.2500000000000004e-05,Torr
2026-02-09T01:51:01.162986,21355.354,3.3e-05,Torr
2026-02-09T01:51:08.334367,21362.526,3.3e-05,Torr
2026-02-09T01:51:13.349379,21367.541,3.3e-05,Torr
2026-02-09T01:51:20.520989,21374.712,3.3e-05,Torr
2026-02-09T01:51:25.536495,21379.728,3.3e-05,Torr
2026-02-09T01:51:32.707696,21386.899,3.3e-05,Torr
2026-02-09T01:51:37.723244,21391.914,3.4e-05,Torr
2026-02-09T01:51:44.894393,21399.086,3.4e-05,Torr
2026-02-09T01:51:49.909624,21404.101,3.4e-05,Torr
2026-02-09T01:51:57.080979,21411.272,3.4e-05,Torr
2026-02-09T01:52:02.096416,21416.288,3.4e-05,Torr
2026-02-09T01:52:09.267693,21423.459,3.4e-05,Torr
2026-02-09T01:52:14.282696,21428.474,3.4e-05,Torr
2026-02-09T01:52:21.454419,21435.646,3.5e-05,Torr
2026-02-09T01:52:26.469163,21440.660,3.5e-05,Torr
2026-02-09T01:52:33.641063,21447.832,3.5e-05,Torr
2026-02-09T01:52:38.656307,21452.847,3.5e-05,Torr
2026-02-09T01:52:45.827785,21460.019,3.6e-05,Torr
2026-02-09T01:52:50.843060,21465.034,3.6e-05,Torr
2026-02-09T01:52:58.014452,21472.206,3.6e-05,Torr
2026-02-09T01:53:03.029654,21477.221,3.6e-05,Torr
2026-02-09T01:53:10.201054,21484.392,3.7e-05,Torr
2026-02-09T01:53:15.215919,21489.407,3.7e-05,Torr
2026-02-09T01:53:22.387807,21496.579,3.7e-05,Torr
2026-02-09T01:53:27.402662,21501.594,3.7e-05,Torr
2026-02-09T01:53:34.574488,21508.766,3.7e-05,Torr
2026-02-09T01:53:39.589288,21513.780,3.7e-05,Torr
2026-02-09T01:53:46.761149,21520.952,3.8e-05,Torr
2026-02-09T01:53:51.776140,21525.967,3.8e-05,Torr
2026-02-09T01:53:58.947812,21533.139,3.8e-05,Torr
2026-02-09T01:54:03.962713,21538.154,3.8e-05,Torr
2026-02-09T01:54:11.134512,21545.326,3.8e-05,Torr
2026-02-09T01:54:16.149445,21550.341,3.9e-05,Torr
2026-02-09T01:54:23.321197,21557.512,3.95e-05,Torr
2026-02-09T01:54:28.336118,21562.527,3.9e-05,Torr
2026-02-09T01:54:35.507885,21569.699,3.9e-05,Torr
2026-02-09T01:54:40.522669,21574.714,4e-05,Torr
2026-02-09T01:54:47.694491,21581.886,4e-05,Torr
2026-02-09T01:54:52.709707,21586.901,4e-05,Torr
2026-02-09T01:54:59.881222,21594.072,4.1e-05,Torr
2026-02-09T01:55:04.896617,21599.088,4.1e-05,Torr
2026-02-09T01:55:12.067883,21606.259,4.1e-05,Torr
2026-02-09T01:55:17.129892,21611.321,4.1e-05,Torr
2026-02-09T01:55:22.146905,21616.338,4.1e-05,Torr
2026-02-09T01:55:29.256213,21623.447,4.15e-05,Torr
2026-02-09T01:55:34.271359,21628.462,4.2e-05,Torr
2026-02-09T01:55:41.442856,21635.634,4.2e-05,Torr
2026-02-09T01:55:46.457893,21640.649,4.2e-05,Torr
2026-02-09T01:55:53.629515,21647.821,4.25e-05,Torr
2026-02-09T01:55:58.644653,21652.836,4.3e-05,Torr
2026-02-09T01:56:05.816201,21660.007,4.3e-05,Torr
2026-02-09T01:56:10.831556,21665.023,4.4e-05,Torr
2026-02-09T01:56:18.002912,21672.194,4.4e-05,Torr
2026-02-09T01:56:23.018589,21677.210,4.4e-05,Torr
2026-02-09T01:56:30.189559,21684.381,4.45e-05,Torr
2026-02-09T01:56:35.204794,21689.396,4.5e-05,Torr
2026-02-09T01:56:42.376275,21696.567,4.45e-05,Torr
2026-02-09T01:56:47.391693,21701.583,4.6e-05,Torr
2026-02-09T01:56:54.562901,21708.754,4.55e-05,Torr
2026-02-09T01:56:59.578411,21713.770,4.6e-05,Torr
2026-02-09T01:57:06.749704,21720.941,4.6e-05,Torr
2026-02-09T01:57:11.779997,21725.971,4.6e-05,Torr
2026-02-09T01:57:18.951941,21733.143,4.7e-05,Torr
2026-02-09T01:57:23.967216,21738.158,4.7e-05,Torr
2026-02-09T01:57:31.138618,21745.330,4.7e-05,Torr
2026-02-09T01:57:36.154120,21750.345,4.8e-05,Torr
2026-02-09T01:57:43.325305,21757.516,4.8e-05,Torr
2026-02-09T01:57:48.340535,21762.532,4.9e-05,Torr
2026-02-09T01:57:55.511930,21769.703,4.9e-05,Torr
2026-02-09T01:58:00.527132,21774.718,4.9e-05,Torr
2026-02-09T01:58:07.698619,21781.890,4.95e-05,Torr
2026-02-09T01:58:12.713623,21786.905,5e-05,Torr
2026-02-09T01:58:19.885357,21794.076,5.05e-05,Torr
2026-02-09T01:58:24.900749,21799.092,5.1e-05,Torr
2026-02-09T01:58:32.072037,21806.263,5.1e-05,Torr
2026-02-09T01:58:37.102420,21811.294,5.1e-05,Torr
2026-02-09T01:58:44.274288,21818.465,5.1e-05,Torr
2026-02-09T01:58:49.289815,21823.481,5.2e-05,Torr
2026-02-09T01:58:56.460975,21830.652,5.25e-05,Torr
2026-02-09T01:59:01.476486,21835.668,5.2e-05,Torr
2026-02-09T01:59:08.647682,21842.839,5.2e-05,Torr
2026-02-09T01:59:13.662970,21847.854,5.3e-05,Torr
2026-02-09T01:59:20.834327,21855.025,5.3e-05,Torr
2026-02-09T01:59:25.849737,21860.041,5.3e-05,Torr
2026-02-09T01:59:33.021105,21867.212,5.35e-05,Torr
2026-02-09T01:59:38.051377,21872.243,5.5e-05,Torr
2026-02-09T01:59:45.223259,21879.414,5.5e-05,Torr
2026-02-09T01:59:50.238154,21884.429,5.5e-05,Torr
2026-02-09T01:59:57.409954,21891.601,5.5e-05,Torr
2026-02-09T02:00:02.425314,21896.616,5.6e-05,Torr
2026-02-09T02:00:09.596659,21903.788,5.6500000000000005e-05,Torr
2026-02-09T02:00:14.612017,21908.803,5.5e-05,Torr
2026-02-09T02:00:21.783319,21915.974,6.4e-05,Torr
2026-02-09T02:00:26.798574,21920.990,6.5e-05,Torr
2026-02-09T02:00:33.970011,21928.161,6.500000000000001e-05,Torr
2026-02-09T02:00:38.985320,21933.176,6.7e-05,Torr
2026-02-09T02:00:46.156749,21940.348,6.65e-05,Torr
2026-02-09T02:00:51.172064,21945.363,6.7e-05,Torr
2026-02-09T02:00:58.343394,21952.535,6.8e-05,Torr
2026-02-09T02:01:03.358677,21957.550,6.9e-05,Torr
2026-02-09T02:01:10.530039,21964.721,6.9e-05,Torr
2026-02-09T02:01:15.545554,21969.737,7.1e-05,Torr
2026-02-09T02:01:22.716736,21976.908,7.1e-05,Torr
2026-02-09T02:01:27.732463,21981.924,7.2e-05,Torr
2026-02-09T02:01:34.903363,21989.095,7.2e-05,Torr
2026-02-09T02:01:39.918786,21994.110,7.2e-05,Torr
2026-02-09T02:01:47.090107,22001.281,7.4e-05,Torr
2026-02-09T02:01:52.104885,22006.296,7.4e-05,Torr
2026-02-09T02:01:59.276719,22013.468,7.5e-05,Torr
2026-02-09T02:02:04.291536,22018.483,7.4e-05,Torr
2026-02-09T02:02:11.463466,22025.655,7.549999999999999e-05,Torr
2026-02-09T02:02:16.478752,22030.670,7.7e-05,Torr
2026-02-09T02:02:23.650149,22037.841,7.8e-05,Torr
2026-02-09T02:02:28.680497,22042.872,7.7e-05,Torr
2026-02-09T02:02:35.852333,22050.043,7.850000000000001e-05,Torr
2026-02-09T02:02:40.867368,22055.059,7.9e-05,Torr
2026-02-09T02:02:48.039093,22062.230,7.9e-05,Torr
2026-02-09T02:02:53.069474,22067.261,8e-05,Torr
2026-02-09T02:03:00.178933,22074.370,8.05e-05,Torr
2026-02-09T02:03:05.194360,22079.385,8.2e-05,Torr
2026-02-09T02:03:12.365590,22086.557,8.25e-05,Torr
2026-02-09T02:03:17.395954,22091.587,8.2e-05,Torr
2026-02-09T02:03:24.567904,22098.759,8.3e-05,Torr
2026-02-09T02:03:29.583247,22103.774,8.3e-05,Torr
2026-02-09T02:03:36.754673,22110.946,8.35e-05,Torr
2026-02-09T02:03:41.784964,22115.976,8.4e-05,Torr
2026-02-09T02:03:48.956837,22123.148,8.55e-05,Torr
2026-02-09T02:03:53.971926,22128.163,8.6e-05,Torr
2026-02-09T02:04:01.143507,22135.335,8.8e-05,Torr
2026-02-09T02:04:06.159148,22140.350,8.9e-05,Torr
2026-02-09T02:04:13.330268,22147.521,8.950000000000001e-05,Torr
2026-02-09T02:04:18.360603,22152.552,8.9e-05,Torr
2026-02-09T02:04:25.532556,22159.724,9.05e-05,Torr
2026-02-09T02:04:30.548298,22164.739,9.1e-05,Torr
2026-02-09T02:04:37.719170,22171.910,9.25e-05,Torr
2026-02-09T02:04:42.734951,22176.926,9.3e-05,Torr
2026-02-09T02:04:49.905898,22184.097,9.4e-05,Torr
2026-02-09T02:04:54.921417,22189.113,9.5e-05,Torr
2026-02-09T02:05:02.092582,22196.284,9.6e-05,Torr
2026-02-09T02:05:07.108328,22201.299,9.5e-05,Torr
2026-02-09T02:05:14.279265,22208.470,9.6e-05,Torr
2026-02-09T02:05:19.294212,22213.485,9.8e-05,Torr
2026-02-09T02:05:26.465883,22220.657,9.75e-05,Torr
2026-02-09T02:05:31.481438,22225.673,9.9e-05,Torr
2026-02-09T02:05:38.652585,22232.844,9.95e-05,Torr
2026-02-09T02:05:43.683034,22237.874,9.9e-05,Torr
2026-02-09T02:05:50.792389,22244.984,9.95e-05,Torr
2026-02-09T02:05:55.808094,22249.999,0.0001,Torr
2026-02-09T02:06:02.979081,22257.170,9.95e-05,Torr
2026-02-09T02:06:07.995000,22262.186,0.0001,Torr
2026-02-09T02:06:15.165782,22269.357,0.0001,Torr
2026-02-09T02:06:20.196164,22274.387,0.0001,Torr
2026-02-09T02:06:27.368062,22281.559,0.0001,Torr
2026-02-09T02:06:32.383601,22286.575,0.00011,Torr
2026-02-09T02:06:39.554733,22293.746,0.00011,Torr
2026-02-09T02:06:44.570131,22298.761,0.00011,Torr
2026-02-09T02:06:51.741544,22305.933,0.00011,Torr
2026-02-09T02:06:56.771771,22310.963,0.00011,Torr
2026-02-09T02:07:03.943679,22318.135,0.00011,Torr
2026-02-09T02:07:08.959341,22323.150,0.00011,Torr
2026-02-09T02:07:16.130395,22330.322,0.00011,Torr
2026-02-09T02:07:21.146132,22335.337,0.00011,Torr
2026-02-09T02:07:28.317050,22342.508,0.00011,Torr
2026-02-09T02:07:33.347513,22347.539,0.00011,Torr
2026-02-09T02:07:40.519326,22354.710,0.00012,Torr
2026-02-09T02:07:45.534840,22359.726,0.00012,Torr
2026-02-09T02:07:52.706086,22366.897,0.00012,Torr
2026-02-09T02:07:57.721833,22371.913,0.00012,Torr
2026-02-09T02:08:04.892722,22379.084,0.00012,Torr
2026-02-09T02:08:09.908128,22384.099,0.00012,Torr
2026-02-09T02:08:17.079355,22391.270,0.00012,Torr
2026-02-09T02:08:22.094839,22396.286,0.00012,Torr
2026-02-09T02:08:29.266034,22403.457,0.00012,Torr
2026-02-09T02:08:34.281384,22408.473,0.00012,Torr
2026-02-09T02:08:41.452703,22415.644,0.00012,Torr
2026-02-09T02:08:46.468283,22420.659,0.00012,Torr
2026-02-09T02:08:53.639525,22427.831,0.00012,Torr
2026-02-09T02:08:58.655184,22432.846,0.00013,Torr
2026-02-09T02:09:05.826086,22440.017,0.00013,Torr
2026-02-09T02:09:10.856488,22445.048,0.00013,Torr
2026-02-09T02:09:18.028369,22452.220,0.00013,Torr
2026-02-09T02:09:23.044005,22457.235,0.00013,Torr
2026-02-09T02:09:30.215116,22464.406,0.00013,Torr
2026-02-09T02:09:35.245476,22469.437,0.00013,Torr
2026-02-09T02:09:42.417422,22476.609,0.00013,Torr
2026-02-09T02:09:47.432871,22481.624,0.00013,Torr
2026-02-09T02:09:54.604099,22488.795,0.00013,Torr
2026-02-09T02:09:59.634450,22493.826,0.00013,Torr
2026-02-09T02:10:06.806407,22500.998,0.00013499999999999997,Torr
2026-02-09T02:10:11.822061,22506.013,0.00014,Torr
2026-02-09T02:10:18.993076,22513.184,0.00014,Torr
2026-02-09T02:10:24.009044,22518.200,0.00014,Torr
2026-02-09T02:10:31.179797,22525.371,0.00014,Torr
2026-02-09T02:10:36.210100,22530.401,0.00014,Torr
2026-02-09T02:10:43.382004,22537.573,0.00014,Torr
2026-02-09T02:10:48.412414,22542.604,0.00014,Torr
2026-02-09T02:10:55.584370,22549.776,0.00014,Torr
2026-02-09T02:11:00.600075,22554.791,0.00014,Torr
2026-02-09T02:11:07.771821,22561.963,0.00015,Torr
2026-02-09T02:11:12.801406,22566.993,0.00015,Torr
2026-02-09T02:11:19.973337,22574.164,0.00015,Torr
2026-02-09T02:11:24.988862,22579.180,0.00015,Torr
2026-02-09T02:11:32.159969,22586.351,0.00015,Torr
2026-02-09T02:11:37.190366,22591.382,0.00015,Torr
2026-02-09T02:11:44.362291,22598.553,0.000155,Torr
2026-02-09T02:11:49.377927,22603.569,0.00016,Torr
2026-02-09T02:11:56.548950,22610.740,0.00016,Torr
2026-02-09T02:12:01.579350,22615.770,0.00016,Torr
2026-02-09T02:12:08.751263,22622.942,0.00016,Torr
2026-02-09T02:12:13.766801,22627.958,0.00017,Torr
2026-02-09T02:12:20.937990,22635.129,0.000165,Torr
2026-02-09T02:12:25.968328,22640.159,0.00016,Torr
2026-02-09T02:12:33.140270,22647.331,0.000165,Torr
2026-02-09T02:12:38.155823,22652.347,0.00017,Torr
2026-02-09T02:12:45.326910,22659.518,0.00017,Torr
2026-02-09T02:12:50.357298,22664.548,0.00017,Torr
2026-02-09T02:12:57.529240,22671.720,0.00017,Torr
2026-02-09T02:13:02.559608,22676.751,0.00017,Torr
2026-02-09T02:13:09.669024,22683.860,0.00017500000000000003,Torr
2026-02-09T02:13:14.699419,22688.891,0.00018,Torr
2026-02-09T02:13:21.871330,22696.062,0.00018,Torr
2026-02-09T02:13:26.901716,22701.093,0.00018,Torr
2026-02-09T02:13:34.073612,22708.265,0.00018,Torr
2026-02-09T02:13:39.089371,22713.281,0.00018,Torr
2026-02-09T02:13:46.260364,22720.452,0.00019,Torr
2026-02-09T02:13:51.290842,22725.482,0.00019,Torr
2026-02-09T02:13:58.462624,22732.654,0.00019,Torr
2026-02-09T02:14:03.493037,22737.684,0.00019,Torr
2026-02-09T02:14:10.664958,22744.856,0.00019,Torr
2026-02-09T02:14:15.695291,22749.886,0.00019,Torr
2026-02-09T02:14:22.867283,22757.058,0.00019,Torr
2026-02-09T02:14:27.897591,22762.089,0.00019,Torr
2026-02-09T02:14:35.006987,22769.198,0.00019500000000000002,Torr
2026-02-09T02:14:40.022743,22774.214,0.0002,Torr
2026-02-09T02:14:47.193681,22781.385,0.0002,Torr
2026-02-09T02:14:52.209460,22786.401,0.0002,Torr
2026-02-09T02:14:59.380395,22793.572,0.0002,Torr
2026-02-09T02:15:04.410770,22798.602,0.0002,Torr
2026-02-09T02:15:11.582635,22805.774,0.00021,Torr
2026-02-09T02:15:16.613194,22810.804,0.00021,Torr
2026-02-09T02:15:23.722472,22817.914,0.00021500000000000002,Torr
2026-02-09T02:15:28.752885,22822.944,0.00022,Torr
2026-02-09T02:15:35.862360,22830.053,0.00022,Torr
2026-02-09T02:15:40.892671,22835.084,0.00022,Torr
2026-02-09T02:15:48.065613,22842.257,0.00022,Torr
2026-02-09T02:15:53.094972,22847.286,0.00022,Torr
2026-02-09T02:16:00.266905,22854.458,0.000225,Torr
2026-02-09T02:16:05.297292,22859.488,0.00023,Torr
2026-02-09T02:16:12.469200,22866.660,0.00023,Torr
2026-02-09T02:16:17.499763,22871.691,0.00023,Torr
2026-02-09T02:16:24.609020,22878.800,0.00023,Torr
2026-02-09T02:16:29.639393,22883.831,0.00024,Torr
2026-02-09T02:16:36.811296,22891.002,0.00024,Torr
2026-02-09T02:16:41.841669,22896.033,0.00024,Torr
2026-02-09T02:16:49.013583,22903.205,0.00024,Torr
2026-02-09T02:16:54.044003,22908.235,0.00024,Torr
2026-02-09T02:17:01.215945,22915.407,0.00024,Torr
2026-02-09T02:17:06.231479,22920.423,0.00024,Torr
2026-02-09T02:17:13.402575,22927.594,0.00025,Torr
2026-02-09T02:17:18.418290,22932.609,0.00025,Torr
2026-02-09T02:17:25.589279,22939.780,0.00025,Torr
2026-02-09T02:17:30.604990,22944.796,0.00026,Torr
2026-02-09T02:17:37.775919,22951.967,0.00026,Torr
2026-02-09T02:17:42.791543,22956.983,0.00026,Torr
2026-02-09T02:17:49.962660,22964.154,0.00026,Torr
2026-02-09T02:17:54.978502,22969.170,0.00026,Torr
2026-02-09T02:18:02.149296,22976.340,0.000265,Torr
2026-02-09T02:18:07.179688,22981.371,0.00027,Torr
2026-02-09T02:18:14.351643,22988.543,0.00027,Torr
2026-02-09T02:18:19.381984,22993.573,0.00027,Torr
2026-02-09T02:18:26.554027,23000.745,0.00027,Torr
2026-02-09T02:18:31.584301,23005.775,0.00028,Torr
2026-02-09T02:18:38.756218,23012.947,0.00028,Torr
2026-02-09T02:18:43.786589,23017.978,0.00028,Torr
2026-02-09T02:18:50.958560,23025.150,0.00028,Torr
2026-02-09T02:18:55.974390,23030.166,0.00028,Torr
2026-02-09T02:19:03.145221,23037.336,0.000285,Torr
2026-02-09T02:19:08.175611,23042.367,0.00029,Torr
2026-02-09T02:19:15.284989,23049.476,0.000295,Torr
2026-02-09T02:19:20.315423,23054.507,0.0003,Torr
2026-02-09T02:19:27.487297,23061.678,0.0003,Torr
2026-02-09T02:19:32.517683,23066.709,0.0003,Torr
2026-02-09T02:19:39.689626,23073.881,0.0003,Torr
2026-02-09T02:19:44.720024,23078.911,0.00031,Torr
2026-02-09T02:19:51.891860,23086.083,0.00031,Torr
2026-02-09T02:19:56.907664,23091.099,0.00031,Torr
2026-02-09T02:20:04.078566,23098.270,0.00031,Torr
2026-02-09T02:20:09.108956,23103.300,0.00032,Torr
2026-02-09T02:20:16.280844,23110.472,0.000325,Torr
2026-02-09T02:20:21.311260,23115.502,0.00032,Torr
2026-02-09T02:20:28.483174,23122.674,0.00033,Torr
2026-02-09T02:20:33.498983,23127.690,0.00034,Torr
2026-02-09T02:20:40.669983,23134.861,0.000335,Torr
2026-02-09T02:20:45.700237,23139.891,0.00034,Torr
2026-02-09T02:20:52.809695,23147.001,0.00034,Torr
2026-02-09T02:20:57.825547,23152.017,2.8e-05,Torr
2026-02-09T02:21:04.996365,23159.188,1.075e-05,Torr
2026-02-09T02:21:10.026793,23164.218,8.3e-06,Torr
2026-02-09T02:21:17.136169,23171.327,7.8e-06,Torr
2026-02-09T02:21:22.166625,23176.358,7.2e-06,Torr
2026-02-09T02:21:29.338412,23183.530,6.55e-06,Torr
2026-02-09T02:21:34.353918,23188.545,6.2e-06,Torr
2026-02-09T02:21:41.525103,23195.716,5.8e-06,Torr
2026-02-09T02:21:46.555538,23200.747,5.5e-06,Torr
2026-02-09T02:21:53.727434,23207.919,5.35e-06,Torr
2026-02-09T02:21:58.757817,23212.949,5.1e-06,Torr
2026-02-09T02:22:05.929689,23220.121,5.1e-06,Torr
2026-02-09T02:22:10.945637,23225.137,5e-06,Torr
2026-02-09T02:22:18.116420,23232.308,4.849999999999999e-06,Torr
2026-02-09T02:22:23.146790,23237.338,4.8e-06,Torr
2026-02-09T02:22:30.318671,23244.510,4.7e-06,Torr
2026-02-09T02:22:35.334003,23249.525,4.6e-06,Torr
2026-02-09T02:22:42.505404,23256.697,4.5e-06,Torr
2026-02-09T02:22:47.521195,23261.712,4.5e-06,Torr
2026-02-09T02:22:54.692104,23268.883,4.45e-06,Torr
2026-02-09T02:22:59.707669,23273.899,4.4e-06,Torr
2026-02-09T02:23:06.878766,23281.070,4.3e-06,Torr
2026-02-09T02:23:11.894557,23286.086,4.3e-06,Torr
2026-02-09T02:23:19.065459,23293.257,4.25e-06,Torr
2026-02-09T02:23:24.095809,23298.287,4.2e-06,Torr
2026-02-09T02:23:31.205275,23305.396,4.2e-06,Torr
2026-02-09T02:23:36.235619,23310.427,4.2e-06,Torr
2026-02-09T02:23:43.345123,23317.536,4.2e-06,Torr
2026-02-09T02:23:48.375607,23322.567,4.2e-06,Torr
2026-02-09T02:23:55.547336,23329.738,4.2e-06,Torr
2026-02-09T02:24:00.577852,23334.769,4.2e-06,Torr
2026-02-09T02:24:07.749660,23341.941,4.2e-06,Torr
2026-02-09T02:24:12.780035,23346.971,4.1e-06,Torr
2026-02-09T02:24:19.889445,23354.081,4.2e-06,Torr
2026-02-09T02:24:24.919848,23359.111,4.1e-06,Torr
2026-02-09T02:24:32.029366,23366.221,4.149999999999999e-06,Torr
2026-02-09T02:24:37.059666,23371.251,4.2e-06,Torr
2026-02-09T02:24:44.169164,23378.360,4.1e-06,Torr
2026-02-09T02:24:49.199489,23383.391,4.1e-06,Torr
2026-02-09T02:24:56.371355,23390.562,4.1e-06,Torr
2026-02-09T02:25:01.401969,23395.593,4.2e-06,Torr
2026-02-09T02:25:08.511207,23402.702,4.2e-06,Torr
2026-02-09T02:25:13.541561,23407.733,4.2e-06,Torr
2026-02-09T02:25:20.713504,23414.905,4.2e-06,Torr
2026-02-09T02:25:25.743848,23419.935,4.2e-06,Torr
2026-02-09T02:25:32.853245,23427.044,4.2e-06,Torr
2026-02-09T02:25:37.868952,23432.060,4.2e-06,Torr
2026-02-09T02:25:45.039974,23439.231,4.2e-06,Torr
2026-02-09T02:25:50.070333,23444.261,4.2e-06,Torr
2026-02-09T02:25:57.179891,23451.371,4.2e-06,Torr
2026-02-09T02:26:02.210142,23456.401,4.2e-06,Torr
2026-02-09T02:26:09.319597,23463.511,4.2e-06,Torr
2026-02-09T02:26:14.350045,23468.541,4.2e-06,Torr
2026-02-09T02:26:21.521840,23475.713,4.2e-06,Torr
2026-02-09T02:26:26.552252,23480.743,4.2e-06,Torr
2026-02-09T02:26:33.661700,23487.853,4.2e-06,Torr
2026-02-09T02:26:38.692109,23492.883,4.2e-06,Torr
2026-02-09T02:26:45.801461,23499.993,4.2e-06,Torr
2026-02-09T02:26:50.831856,23505.023,4.3e-06,Torr
2026-02-09T02:26:58.003808,23512.195,4.25e-06,Torr
2026-02-09T02:27:03.034164,23517.225,4.3e-06,Torr
2026-02-09T02:27:10.206110,23524.397,4.3e-06,Torr
2026-02-09T02:27:15.221909,23529.413,4.2e-06,Torr
2026-02-09T02:27:22.392788,23536.584,4.350000000000001e-06,Torr
2026-02-09T02:27:27.423188,23541.614,4.3e-06,Torr
2026-02-09T02:27:34.532603,23548.724,4.4e-06,Torr
2026-02-09T02:27:39.562953,23553.754,4.3e-06,Torr
2026-02-09T02:27:46.734864,23560.926,4.3e-06,Torr
2026-02-09T02:27:51.765282,23565.956,4.4e-06,Torr
2026-02-09T02:27:58.874683,23573.066,4.4e-06,Torr
2026-02-09T02:28:03.890461,23578.082,4.4e-06,Torr
2026-02-09T02:28:11.061372,23585.253,4.4e-06,Torr
2026-02-09T02:28:16.091740,23590.283,4.4e-06,Torr
2026-02-09T02:28:23.201230,23597.392,4.4e-06,Torr
2026-02-09T02:28:28.231553,23602.423,4.4e-06,Torr
2026-02-09T02:28:35.340974,23609.532,4.4e-06,Torr
2026-02-09T02:28:40.371389,23614.563,4.4e-06,Torr
2026-02-09T02:28:47.543256,23621.734,4.4e-06,Torr
2026-02-09T02:28:52.573655,23626.765,4.4e-06,Torr
2026-02-09T02:28:59.745557,23633.937,4.4e-06,Torr
2026-02-09T02:29:04.775952,23638.967,4.4e-06,Torr
2026-02-09T02:29:11.947887,23646.139,4.5500000000000005e-06,Torr
2026-02-09T02:29:16.978263,23651.169,4.5e-06,Torr
2026-02-09T02:29:24.087650,23658.279,4.45e-06,Torr
2026-02-09T02:29:29.118064,23663.309,4.5e-06,Torr
2026-02-09T02:29:36.227495,23670.419,4.5e-06,Torr
2026-02-09T02:29:41.257870,23675.449,4.5e-06,Torr
2026-02-09T02:29:48.367246,23682.558,4.5e-06,Torr
2026-02-09T02:29:53.397789,23687.589,4.5e-06,Torr
2026-02-09T02:30:00.569613,23694.761,4.5e-06,Torr
2026-02-09T02:30:05.599974,23699.791,4.5e-06,Torr
2026-02-09T02:30:12.709386,23706.901,4.5e-06,Torr
2026-02-09T02:30:17.739830,23711.931,4.5e-06,Torr
2026-02-09T02:30:24.864858,23719.056,4.5e-06,Torr
2026-02-09T02:30:29.895244,23724.086,4.5e-06,Torr
2026-02-09T02:30:37.004650,23731.196,4.5e-06,Torr
2026-02-09T02:30:42.035088,23736.226,4.5e-06,Torr
2026-02-09T02:30:49.144366,23743.336,4.5e-06,Torr
2026-02-09T02:30:54.174820,23748.366,4.5e-06,Torr
2026-02-09T02:31:01.346761,23755.538,4.5500000000000005e-06,Torr
2026-02-09T02:31:06.377148,23760.568,4.5e-06,Torr
2026-02-09T02:31:13.549058,23767.740,4.5e-06,Torr
2026-02-09T02:31:18.579460,23772.771,4.5e-06,Torr
2026-02-09T02:31:25.688820,23779.880,4.5500000000000005e-06,Torr
2026-02-09T02:31:30.719342,23784.910,4.5e-06,Torr
2026-02-09T02:31:37.828643,23792.020,4.5e-06,Torr
2026-02-09T02:31:42.859035,23797.050,4.6e-06,Torr
2026-02-09T02:31:49.968466,23804.160,4.5e-06,Torr
2026-02-09T02:31:54.998844,23809.190,4.6e-06,Torr
2026-02-09T02:32:02.170858,23816.362,4.5500000000000005e-06,Torr
2026-02-09T02:32:07.201148,23821.392,4.6e-06,Torr
2026-02-09T02:32:14.310523,23828.502,4.6e-06,Torr
2026-02-09T02:32:19.340969,23833.532,4.5e-06,Torr
2026-02-09T02:32:26.450382,23840.642,4.5500000000000005e-06,Torr
2026-02-09T02:32:31.480756,23845.672,4.6e-06,Torr
2026-02-09T02:32:38.590223,23852.781,4.6e-06,Torr
2026-02-09T02:32:43.620567,23857.812,4.6e-06,Torr
2026-02-09T02:32:50.729956,23864.921,4.6499999999999995e-06,Torr
2026-02-09T02:32:55.760368,23869.952,4.5e-06,Torr
2026-02-09T02:33:02.869840,23877.061,4.6e-06,Torr
2026-02-09T02:33:07.900179,23882.091,4.7e-06,Torr
2026-02-09T02:33:15.009569,23889.201,4.6499999999999995e-06,Torr
2026-02-09T02:33:20.040014,23894.231,4.6e-06,Torr
2026-02-09T02:33:27.149379,23901.341,4.6e-06,Torr
2026-02-09T02:33:32.179777,23906.371,4.6e-06,Torr
2026-02-09T02:33:39.289217,23913.480,4.6e-06,Torr
2026-02-09T02:33:44.319621,23918.511,4.7e-06,Torr
2026-02-09T02:33:51.429022,23925.620,4.6499999999999995e-06,Torr
2026-02-09T02:33:56.459581,23930.651,4.7e-06,Torr
2026-02-09T02:34:03.568881,23937.760,4.7e-06,Torr
2026-02-09T02:34:08.599252,23942.790,4.7e-06,Torr
2026-02-09T02:34:15.708635,23949.900,4.6499999999999995e-06,Torr
2026-02-09T02:34:20.739016,23954.930,4.6e-06,Torr
2026-02-09T02:34:27.910908,23962.102,4.7e-06,Torr
2026-02-09T02:34:32.941315,23967.132,4.6e-06,Torr
2026-02-09T02:34:40.050783,23974.242,4.6499999999999995e-06,Torr
2026-02-09T02:34:45.081129,23979.272,4.7e-06,Torr
2026-02-09T02:34:52.190560,23986.382,4.7e-06,Torr
2026-02-09T02:34:57.220999,23991.412,4.7e-06,Torr
2026-02-09T02:35:04.330355,23998.521,4.7e-06,Torr
2026-02-09T02:35:09.360730,24003.552,4.7e-06,Torr
2026-02-09T02:35:16.470110,24010.661,4.7e-06,Torr
2026-02-09T02:35:21.500554,24015.692,4.7e-06,Torr
2026-02-09T02:35:28.609963,24022.801,4.7e-06,Torr
2026-02-09T02:35:33.640357,24027.831,4.7e-06,Torr
2026-02-09T02:35:40.812324,24035.003,4.7e-06,Torr
2026-02-09T02:35:45.842752,24040.034,4.7e-06,Torr
2026-02-09T02:35:52.952071,24047.143,4.7e-06,Torr
2026-02-09T02:35:57.982545,24052.174,4.7e-06,Torr
2026-02-09T02:36:05.091827,24059.283,4.7e-06,Torr
2026-02-09T02:36:10.122290,24064.313,4.7e-06,Torr
2026-02-09T02:36:17.231748,24071.423,4.7e-06,Torr
2026-02-09T02:36:22.262062,24076.453,4.7e-06,Torr
2026-02-09T02:36:29.371517,24083.563,4.7e-06,Torr
2026-02-09T02:36:34.402053,24088.593,4.7e-06,Torr
2026-02-09T02:36:41.511322,24095.702,4.7e-06,Torr
2026-02-09T02:36:46.541752,24100.733,4.7e-06,Torr
2026-02-09T02:36:53.651073,24107.842,4.7e-06,Torr
2026-02-09T02:36:58.681528,24112.873,4.7e-06,Torr
2026-02-09T02:37:05.790951,24119.982,4.75e-06,Torr
2026-02-09T02:37:10.821367,24125.013,4.7e-06,Torr
2026-02-09T02:37:17.930764,24132.122,4.7e-06,Torr
2026-02-09T02:37:22.961277,24137.152,4.7e-06,Torr
2026-02-09T02:37:30.070545,24144.262,4.7e-06,Torr
2026-02-09T02:37:35.100910,24149.292,4.7e-06,Torr
2026-02-09T02:37:42.210370,24156.402,4.7e-06,Torr
2026-02-09T02:37:47.240820,24161.432,4.7e-06,Torr
2026-02-09T02:37:54.350129,24168.541,4.75e-06,Torr
2026-02-09T02:37:59.380519,24173.572,4.7e-06,Torr
2026-02-09T02:38:06.490001,24180.681,4.7e-06,Torr
2026-02-09T02:38:11.520397,24185.712,4.8e-06,Torr
2026-02-09T02:38:18.629826,24192.821,4.8e-06,Torr
2026-02-09T02:38:23.660188,24197.851,4.8e-06,Torr
2026-02-09T02:38:30.769568,24204.961,4.75e-06,Torr
2026-02-09T02:38:35.799955,24209.991,4.7e-06,Torr
2026-02-09T02:38:42.909495,24217.101,4.849999999999999e-06,Torr
2026-02-09T02:38:47.939788,24222.131,4.8e-06,Torr
2026-02-09T02:38:55.049191,24229.240,4.8e-06,Torr
2026-02-09T02:39:00.079550,24234.271,4.7e-06,Torr
2026-02-09T02:39:07.189003,24241.380,4.9e-06,Torr
2026-02-09T02:39:12.219353,24246.410,4.9e-06,Torr
2026-02-09T02:39:19.328788,24253.520,4.8e-06,Torr
2026-02-09T02:39:24.359174,24258.550,4.8e-06,Torr
2026-02-09T02:39:31.468600,24265.660,4.849999999999999e-06,Torr
2026-02-09T02:39:36.498963,24270.690,4.9e-06,Torr
2026-02-09T02:39:43.608430,24277.800,4.8e-06,Torr
2026-02-09T02:39:48.638780,24282.830,4.8e-06,Torr
2026-02-09T02:39:55.748192,24289.939,4.8e-06,Torr
2026-02-09T02:40:00.778577,24294.970,4.8e-06,Torr
2026-02-09T02:40:07.888033,24302.079,4.849999999999999e-06,Torr
2026-02-09T02:40:12.918391,24307.110,4.9e-06,Torr
2026-02-09T02:40:20.027787,24314.219,4.8e-06,Torr
2026-02-09T02:40:25.058235,24319.249,4.9e-06,Torr
2026-02-09T02:40:32.167676,24326.359,4.849999999999999e-06,Torr
2026-02-09T02:40:37.197996,24331.389,4.8e-06,Torr
2026-02-09T02:40:44.307415,24338.499,4.849999999999999e-06,Torr
2026-02-09T02:40:49.337796,24343.529,4.9e-06,Torr
2026-02-09T02:40:56.447211,24350.638,4.9e-06,Torr
2026-02-09T02:41:01.477597,24355.669,4.8e-06,Torr
2026-02-09T02:41:08.587250,24362.778,4.9e-06,Torr
2026-02-09T02:41:13.617415,24367.809,4.9e-06,Torr
2026-02-09T02:41:20.726828,24374.918,4.9e-06,Torr
2026-02-09T02:41:25.757220,24379.948,4.9e-06,Torr
2026-02-09T02:41:32.866639,24387.058,4.9e-06,Torr
2026-02-09T02:41:37.897139,24392.088,4.8e-06,Torr
2026-02-09T02:41:45.006480,24399.198,4.849999999999999e-06,Torr
2026-02-09T02:41:50.036831,24404.228,4.9e-06,Torr
2026-02-09T02:41:57.146278,24411.337,4.849999999999999e-06,Torr
2026-02-09T02:42:02.176661,24416.368,4.9e-06,Torr
2026-02-09T02:42:09.286131,24423.477,4.849999999999999e-06,Torr
2026-02-09T02:42:14.316490,24428.508,4.9e-06,Torr
2026-02-09T02:42:21.425846,24435.617,4.9e-06,Torr
2026-02-09T02:42:26.456239,24440.647,4.9e-06,Torr
2026-02-09T02:42:33.565677,24447.757,4.9e-06,Torr
2026-02-09T02:42:38.596049,24452.787,4.9e-06,Torr
2026-02-09T02:42:45.705477,24459.897,4.9e-06,Torr
2026-02-09T02:42:50.735861,24464.927,4.9e-06,Torr
2026-02-09T02:42:57.845314,24472.036,4.9e-06,Torr
2026-02-09T02:43:02.875671,24477.067,4.9e-06,Torr
2026-02-09T02:43:09.985062,24484.176,4.9e-06,Torr
2026-02-09T02:43:15.015489,24489.207,4.9e-06,Torr
2026-02-09T02:43:22.124892,24496.316,4.9e-06,Torr
2026-02-09T02:43:27.155281,24501.346,4.9e-06,Torr
2026-02-09T02:43:34.264704,24508.456,4.9e-06,Torr
2026-02-09T02:43:39.295112,24513.486,4.8e-06,Torr
2026-02-09T02:43:46.404530,24520.596,4.9e-06,Torr
2026-02-09T02:43:51.434948,24525.626,4.9e-06,Torr
2026-02-09T02:43:58.544332,24532.735,4.849999999999999e-06,Torr
2026-02-09T02:44:03.574742,24537.766,4.9e-06,Torr
2026-02-09T02:44:10.684119,24544.875,4.9e-06,Torr
2026-02-09T02:44:15.714503,24549.906,4.9e-06,Torr
2026-02-09T02:44:22.823934,24557.015,4.9e-06,Torr
2026-02-09T02:44:27.854312,24562.045,4.9e-06,Torr
2026-02-09T02:44:34.963865,24569.155,4.9e-06,Torr
2026-02-09T02:44:39.994118,24574.185,4.9e-06,Torr
2026-02-09T02:44:47.103570,24581.295,4.9e-06,Torr
2026-02-09T02:44:52.133925,24586.325,4.9e-06,Torr
2026-02-09T02:44:59.243362,24593.435,4.9e-06,Torr
2026-02-09T02:45:04.273721,24598.465,4.9e-06,Torr
2026-02-09T02:45:11.383178,24605.574,4.9e-06,Torr
2026-02-09T02:45:16.413589,24610.605,4.9e-06,Torr
2026-02-09T02:45:23.522955,24617.714,4.9e-06,Torr
2026-02-09T02:45:28.553348,24622.744,4.9e-06,Torr
2026-02-09T02:45:35.662797,24629.854,4.9e-06,Torr
2026-02-09T02:45:40.693151,24634.884,4.9e-06,Torr
2026-02-09T02:45:47.802600,24641.994,4.9e-06,Torr
2026-02-09T02:45:52.833124,24647.024,4.9e-06,Torr
2026-02-09T02:45:59.942376,24654.134,4.9e-06,Torr
2026-02-09T02:46:04.972762,24659.164,4.9e-06,Torr
2026-02-09T02:46:12.082169,24666.273,4.9e-06,Torr
2026-02-09T02:46:17.112566,24671.304,5.5e-06,Torr
2026-02-09T02:46:24.221952,24678.413,5.35e-06,Torr
2026-02-09T02:46:29.252374,24683.444,5.2e-06,Torr
2026-02-09T02:46:36.361810,24690.553,5.1e-06,Torr
2026-02-09T02:46:41.392174,24695.583,5e-06,Torr
2026-02-09T02:46:48.501575,24702.693,4.95e-06,Torr
2026-02-09T02:46:53.531971,24707.723,5e-06,Torr
2026-02-09T02:47:00.641437,24714.833,5e-06,Torr
2026-02-09T02:47:05.671787,24719.863,4.9e-06,Torr
2026-02-09T02:47:12.781198,24726.972,5e-06,Torr
2026-02-09T02:47:17.811632,24732.003,5e-06,Torr
2026-02-09T02:47:24.921081,24739.112,5e-06,Torr
2026-02-09T02:47:29.951391,24744.143,5e-06,Torr
2026-02-09T02:47:37.060861,24751.252,5e-06,Torr
2026-02-09T02:47:42.091319,24756.282,5e-06,Torr
2026-02-09T02:47:49.200675,24763.392,4.9e-06,Torr
2026-02-09T02:47:54.231007,24768.422,5e-06,Torr
2026-02-09T02:48:01.340496,24775.532,4.9e-06,Torr
2026-02-09T02:48:06.370823,24780.562,5e-06,Torr
2026-02-09T02:48:13.480265,24787.671,5e-06,Torr
2026-02-09T02:48:18.510806,24792.702,5.1e-06,Torr
2026-02-09T02:48:25.620068,24799.811,5e-06,Torr
2026-02-09T02:48:30.650671,24804.842,5e-06,Torr
2026-02-09T02:48:37.759915,24811.951,5e-06,Torr
2026-02-09T02:48:42.790263,24816.981,5.1e-06,Torr
2026-02-09T02:48:49.899664,24824.091,4.95e-06,Torr
2026-02-09T02:48:54.930078,24829.121,5e-06,Torr
2026-02-09T02:49:02.039458,24836.231,5e-06,Torr
2026-02-09T02:49:07.069896,24841.261,4.9e-06,Torr
2026-02-09T02:49:14.179404,24848.371,5e-06,Torr
2026-02-09T02:49:19.209685,24853.401,5e-06,Torr
2026-02-09T02:49:26.319099,24860.510,5.050000000000001e-06,Torr
2026-02-09T02:49:31.349463,24865.541,5.1e-06,Torr
2026-02-09T02:49:38.458913,24872.650,5.1e-06,Torr
2026-02-09T02:49:43.489274,24877.680,5.1e-06,Torr
2026-02-09T02:49:50.598668,24884.790,5e-06,Torr
2026-02-09T02:49:55.629071,24889.820,5.1e-06,Torr
2026-02-09T02:50:02.738489,24896.930,5.050000000000001e-06,Torr
2026-02-09T02:50:07.768873,24901.960,5e-06,Torr
2026-02-09T02:50:14.878351,24909.069,5.1e-06,Torr
2026-02-09T02:50:19.908695,24914.100,5e-06,Torr
2026-02-09T02:50:27.018098,24921.209,5.050000000000001e-06,Torr
2026-02-09T02:50:32.048532,24926.240,5.1e-06,Torr
2026-02-09T02:50:39.157861,24933.349,5.050000000000001e-06,Torr
2026-02-09T02:50:44.188366,24938.380,5.1e-06,Torr
2026-02-09T02:50:51.297702,24945.489,5.1e-06,Torr
2026-02-09T02:50:56.328126,24950.519,5.1e-06,Torr
2026-02-09T02:51:03.437557,24957.629,5.1e-06,Torr
2026-02-09T02:51:08.467978,24962.659,5.1e-06,Torr
2026-02-09T02:51:15.577343,24969.768,5.1e-06,Torr
2026-02-09T02:51:20.607758,24974.799,5.1e-06,Torr
2026-02-09T02:51:27.717139,24981.908,5.1e-06,Torr
2026-02-09T02:51:32.747507,24986.939,5e-06,Torr
2026-02-09T02:51:39.856940,24994.048,5.3e-06,Torr
2026-02-09T02:51:44.887331,24999.078,5.2e-06,Torr
2026-02-09T02:51:51.996809,25006.188,5.1e-06,Torr
2026-02-09T02:51:57.027140,25011.218,5.1e-06,Torr
2026-02-09T02:52:04.136505,25018.328,5.15e-06,Torr
2026-02-09T02:52:09.166945,25023.358,5.1e-06,Torr
2026-02-09T02:52:16.276337,25030.467,5.1e-06,Torr
2026-02-09T02:52:21.306865,25035.498,5.1e-06,Torr
2026-02-09T02:52:28.416181,25042.607,5.1e-06,Torr
2026-02-09T02:52:33.446641,25047.638,5.1e-06,Torr
2026-02-09T02:52:40.555996,25054.747,5.1e-06,Torr
2026-02-09T02:52:45.586355,25059.777,5.1e-06,Torr
2026-02-09T02:52:52.695801,25066.887,5.1e-06,Torr
2026-02-09T02:52:57.726183,25071.917,5e-06,Torr
2026-02-09T02:53:04.835593,25079.027,5.15e-06,Torr
2026-02-09T02:53:09.865971,25084.057,5.1e-06,Torr
2026-02-09T02:53:16.975422,25091.167,5.15e-06,Torr
2026-02-09T02:53:22.005778,25096.197,5.1e-06,Torr
2026-02-09T02:53:29.115199,25103.306,5.1e-06,Torr
2026-02-09T02:53:34.145596,25108.337,5.2e-06,Torr
2026-02-09T02:53:41.255005,25115.446,5.1e-06,Torr
2026-02-09T02:53:46.285595,25120.477,5.2e-06,Torr
2026-02-09T02:53:53.394777,25127.586,5.15e-06,Torr
2026-02-09T02:53:58.425200,25132.616,5.2e-06,Torr
2026-02-09T02:54:05.534661,25139.726,5.2500000000000006e-06,Torr
2026-02-09T02:54:10.565003,25144.756,5.1e-06,Torr
2026-02-09T02:54:17.674403,25151.866,5.2500000000000006e-06,Torr
2026-02-09T02:54:22.704804,25156.896,5.2e-06,Torr
2026-02-09T02:54:29.814270,25164.005,5.2500000000000006e-06,Torr
2026-02-09T02:54:34.844651,25169.036,5.1e-06,Torr
2026-02-09T02:54:41.954064,25176.145,5.2e-06,Torr
2026-02-09T02:54:46.984499,25181.176,5.2e-06,Torr
2026-02-09T02:54:54.093807,25188.285,5.2e-06,Torr
2026-02-09T02:54:59.124243,25193.315,5.2e-06,Torr
2026-02-09T02:55:06.233617,25200.425,5.2e-06,Torr
2026-02-09T02:55:11.264026,25205.455,5.3e-06,Torr
2026-02-09T02:55:19.388849,25213.580,5.3e-06,Torr
2026-02-09T02:55:24.406159,25218.597,5.2e-06,Torr
2026-02-09T02:55:31.515136,25225.706,5.2500000000000006e-06,Torr
2026-02-09T02:55:36.545730,25230.737,5.3e-06,Torr
2026-02-09T02:55:43.654977,25237.846,5.3e-06,Torr
2026-02-09T02:55:48.685330,25242.876,5.3e-06,Torr
2026-02-09T02:55:55.794746,25249.986,5.2500000000000006e-06,Torr
2026-02-09T02:56:00.825112,25255.016,5.3e-06,Torr
2026-02-09T02:56:07.934589,25262.126,5.3e-06,Torr
2026-02-09T02:56:12.964972,25267.156,5.3e-06,Torr
2026-02-09T02:56:20.074354,25274.265,5.2500000000000006e-06,Torr
2026-02-09T02:56:25.104738,25279.296,5.3e-06,Torr
2026-02-09T02:56:32.214174,25286.405,5.3e-06,Torr
2026-02-09T02:56:37.244531,25291.436,5.3e-06,Torr
2026-02-09T02:56:44.353960,25298.545,5.3e-06,Torr
2026-02-09T02:56:49.384356,25303.575,5.3e-06,Torr
2026-02-09T02:56:56.493802,25310.685,5.3e-06,Torr
2026-02-09T02:57:01.524232,25315.715,5.3e-06,Torr
2026-02-09T02:57:08.633643,25322.825,5.3e-06,Torr
2026-02-09T02:57:13.663955,25327.855,5.3e-06,Torr
2026-02-09T02:57:20.773425,25334.965,5.65e-06,Torr
2026-02-09T02:57:25.803817,25339.995,5.6e-06,Torr
2026-02-09T02:57:32.913298,25347.104,5.5e-06,Torr
2026-02-09T02:57:37.943571,25352.135,5.4e-06,Torr
2026-02-09T02:57:45.053017,25359.244,5.4e-06,Torr
2026-02-09T02:57:50.083390,25364.275,5.4e-06,Torr
2026-02-09T02:57:57.194777,25371.386,5.3e-06,Torr
2026-02-09T02:58:02.223231,25376.414,5.3e-06,Torr
2026-02-09T02:58:09.395032,25383.586,5.4e-06,Torr
2026-02-09T02:58:14.425499,25388.617,5.4e-06,Torr
2026-02-09T02:58:21.534939,25395.726,5.4e-06,Torr
2026-02-09T02:58:26.565365,25400.757,5.4e-06,Torr
2026-02-09T02:58:33.674853,25407.866,5.4e-06,Torr
2026-02-09T02:58:38.705107,25412.896,5.5e-06,Torr
2026-02-09T02:58:45.814516,25420.006,5.35e-06,Torr
2026-02-09T02:58:50.844938,25425.036,5.4e-06,Torr
2026-02-09T02:58:57.954333,25432.145,5.4e-06,Torr
2026-02-09T02:59:02.984770,25437.176,5.4e-06,Torr
2026-02-09T02:59:10.094108,25444.285,5.4e-06,Torr
2026-02-09T02:59:15.124521,25449.316,5.5e-06,Torr
2026-02-09T02:59:22.233925,25456.425,5.45e-06,Torr
2026-02-09T02:59:27.264382,25461.456,5.3e-06,Torr
2026-02-09T02:59:34.373743,25468.565,5.4e-06,Torr
2026-02-09T02:59:39.404141,25473.595,5.5e-06,Torr
2026-02-09T02:59:46.513540,25480.705,5.45e-06,Torr
2026-02-09T02:59:51.543976,25485.735,5.4e-06,Torr
2026-02-09T02:59:58.653364,25492.845,5.4e-06,Torr
2026-02-09T03:00:03.683958,25497.875,5.5e-06,Torr
2026-02-09T03:00:10.793225,25504.984,5.549999999999999e-06,Torr
2026-02-09T03:00:15.823563,25510.015,5.8e-06,Torr
2026-02-09T03:00:22.932971,25517.124,5.65e-06,Torr
2026-02-09T03:00:27.963358,25522.154,5.6e-06,Torr
2026-02-09T03:00:35.072749,25529.264,5.5e-06,Torr
2026-02-09T03:00:40.103215,25534.294,5.4e-06,Torr
2026-02-09T03:00:47.212635,25541.404,5.45e-06,Torr
2026-02-09T03:00:52.242975,25546.434,5.5e-06,Torr
2026-02-09T03:00:59.352419,25553.544,5.45e-06,Torr
2026-02-09T03:01:04.382849,25558.574,5.5e-06,Torr
2026-02-09T03:01:11.492182,25565.683,5.549999999999999e-06,Torr
2026-02-09T03:01:16.522584,25570.714,5.5e-06,Torr
2026-02-09T03:01:23.632045,25577.823,5.5e-06,Torr
2026-02-09T03:01:28.662429,25582.854,5.5e-06,Torr
2026-02-09T03:01:35.771846,25589.963,5.549999999999999e-06,Torr
2026-02-09T03:01:40.802315,25594.993,5.4e-06,Torr
2026-02-09T03:01:47.911848,25602.103,5.5e-06,Torr
2026-02-09T03:01:52.942042,25607.133,5.4e-06,Torr
2026-02-09T03:02:00.051441,25614.243,5.5e-06,Torr
2026-02-09T03:02:05.081816,25619.273,5.6e-06,Torr
2026-02-09T03:02:12.192324,25626.383,5.549999999999999e-06,Torr
2026-02-09T03:02:17.221734,25631.413,5.5e-06,Torr
2026-02-09T03:02:24.409132,25638.600,5.6e-06,Torr
2026-02-09T03:02:29.439585,25643.631,5.6e-06,Torr
2026-02-09T03:02:36.548999,25650.740,5.65e-06,Torr
2026-02-09T03:02:41.579385,25655.771,5.6e-06,Torr
2026-02-09T03:02:48.688782,25662.880,5.6e-06,Torr
2026-02-09T03:02:53.719153,25667.910,5.7e-06,Torr
2026-02-09T03:03:00.828587,25675.020,5.9e-06,Torr
2026-02-09T03:03:05.858992,25680.050,5.7e-06,Torr
2026-02-09T03:03:12.968355,25687.159,5.7e-06,Torr
2026-02-09T03:03:17.998758,25692.190,5.7e-06,Torr
2026-02-09T03:03:25.108288,25699.299,5.65e-06,Torr
2026-02-09T03:03:30.138691,25704.330,5.7e-06,Torr
2026-02-09T03:03:37.247945,25711.439,5.65e-06,Torr
2026-02-09T03:03:42.278477,25716.470,5.7e-06,Torr
2026-02-09T03:03:49.387792,25723.579,5.65e-06,Torr
2026-02-09T03:03:54.418204,25728.609,5.7e-06,Torr
2026-02-09T03:04:01.527591,25735.719,5.65e-06,Torr
2026-02-09T03:04:06.558162,25740.749,5.7e-06,Torr
2026-02-09T03:04:13.667511,25747.859,5.7e-06,Torr
2026-02-09T03:04:18.697985,25752.889,5.6e-06,Torr
2026-02-09T03:04:25.807213,25759.998,5.7e-06,Torr
2026-02-09T03:04:30.837686,25765.029,5.7e-06,Torr
2026-02-09T03:04:37.947058,25772.138,5.7e-06,Torr
2026-02-09T03:04:42.977401,25777.169,5.7e-06,Torr
2026-02-09T03:04:50.086812,25784.278,5.7e-06,Torr
2026-02-09T03:04:55.117259,25789.308,5.9e-06,Torr
2026-02-09T03:05:02.226668,25796.418,5.8e-06,Torr
2026-02-09T03:05:07.257058,25801.448,5.8e-06,Torr
2026-02-09T03:05:14.366469,25808.558,5.8e-06,Torr
2026-02-09T03:05:19.396866,25813.588,5.7e-06,Torr
2026-02-09T03:05:26.506273,25820.697,5.85e-06,Torr
2026-02-09T03:05:31.535681,25825.727,5.8e-06,Torr
2026-02-09T03:05:38.645000,25832.836,5.85e-06,Torr
2026-02-09T03:05:43.675400,25837.867,5.8e-06,Torr
2026-02-09T03:05:50.784760,25844.976,5.9e-06,Torr
2026-02-09T03:05:55.815254,25850.006,5.9e-06,Torr
2026-02-09T03:06:02.924612,25857.116,5.85e-06,Torr
2026-02-09T03:06:07.955003,25862.146,5.9e-06,Torr
2026-02-09T03:06:15.064466,25869.256,5.9e-06,Torr
2026-02-09T03:06:20.094843,25874.286,5.9e-06,Torr
2026-02-09T03:06:27.204259,25881.395,5.9e-06,Torr
2026-02-09T03:06:32.234658,25886.426,5.9e-06,Torr
2026-02-09T03:06:39.344038,25893.535,5.9e-06,Torr
2026-02-09T03:06:44.374442,25898.566,5.9e-06,Torr
2026-02-09T03:06:51.483852,25905.675,5.9e-06,Torr
2026-02-09T03:06:56.514242,25910.705,5.9e-06,Torr
2026-02-09T03:07:03.623660,25917.815,5.9e-06,Torr
2026-02-09T03:07:08.654163,25922.845,5.9e-06,Torr
2026-02-09T03:07:15.763492,25929.955,6e-06,Torr
2026-02-09T03:07:20.793882,25934.985,6.1e-06,Torr
2026-02-09T03:07:27.903270,25942.094,6.05e-06,Torr
2026-02-09T03:07:32.933747,25947.125,6.1e-06,Torr
2026-02-09T03:07:40.043052,25954.234,6.05e-06,Torr
2026-02-09T03:07:45.073461,25959.265,6e-06,Torr
2026-02-09T03:07:52.182878,25966.374,6.05e-06,Torr
2026-02-09T03:07:57.213242,25971.404,6e-06,Torr
2026-02-09T03:08:04.322766,25978.514,6.1e-06,Torr
2026-02-09T03:08:09.353117,25983.544,6.1e-06,Torr
2026-02-09T03:08:16.462470,25990.654,6.1e-06,Torr
2026-02-09T03:08:21.492878,25995.684,6.1e-06,Torr
2026-02-09T03:08:28.602329,26002.793,6.1e-06,Torr
2026-02-09T03:08:33.632732,26007.824,6.1e-06,Torr
2026-02-09T03:08:40.742127,26014.933,6.1e-06,Torr
2026-02-09T03:08:45.772712,26019.964,6.1e-06,Torr
2026-02-09T03:08:52.881917,26027.073,6.1e-06,Torr
2026-02-09T03:08:57.912306,26032.103,6.1e-06,Torr
2026-02-09T03:09:05.021700,26039.213,6.1e-06,Torr
2026-02-09T03:09:10.052145,26044.243,6.2e-06,Torr
2026-02-09T03:09:17.161558,26051.353,6.15e-06,Torr
2026-02-09T03:09:22.191984,26056.383,6.2e-06,Torr
2026-02-09T03:09:29.301328,26063.492,6.3e-06,Torr
2026-02-09T03:09:34.331731,26068.523,6.2e-06,Torr
2026-02-09T03:09:41.441132,26075.632,6.3e-06,Torr
2026-02-09T03:09:46.471607,26080.663,6.2e-06,Torr
2026-02-09T03:09:53.580967,26087.772,6.2e-06,Torr
2026-02-09T03:09:58.611331,26092.802,6.4e-06,Torr
2026-02-09T03:10:05.720782,26099.912,6.3e-06,Torr
2026-02-09T03:10:10.751131,26104.942,6.3e-06,Torr
2026-02-09T03:10:17.860672,26112.052,6.3e-06,Torr
2026-02-09T03:10:22.890992,26117.082,6.3e-06,Torr
2026-02-09T03:10:30.000393,26124.192,6.3e-06,Torr
2026-02-09T03:10:35.030936,26129.222,6.3e-06,Torr
2026-02-09T03:10:42.140178,26136.331,6.3e-06,Torr
2026-02-09T03:10:47.170802,26141.362,6.4e-06,Torr
2026-02-09T03:10:54.279981,26148.471,6.3e-06,Torr
2026-02-09T03:10:59.310453,26153.502,6.3e-06,Torr
2026-02-09T03:11:06.419810,26160.611,6.3e-06,Torr
2026-02-09T03:11:11.450160,26165.641,6.4e-06,Torr
2026-02-09T03:11:18.559658,26172.751,6.4e-06,Torr
2026-02-09T03:11:23.589977,26177.781,6.4e-06,Torr
2026-02-09T03:11:30.699407,26184.891,6.55e-06,Torr
2026-02-09T03:11:35.729775,26189.921,6.5e-06,Torr
2026-02-09T03:11:42.839216,26197.030,6.5e-06,Torr
2026-02-09T03:11:47.869579,26202.061,6.6e-06,Torr
2026-02-09T03:11:54.978966,26209.170,6.55e-06,Torr
2026-02-09T03:12:00.009409,26214.201,6.4e-06,Torr
2026-02-09T03:12:07.118921,26221.310,6.55e-06,Torr
2026-02-09T03:12:12.149493,26226.341,6.6e-06,Torr
2026-02-09T03:12:19.258655,26233.450,6.6e-06,Torr
2026-02-09T03:12:24.288987,26238.480,6.6e-06,Torr
2026-02-09T03:12:31.398357,26245.589,6.6e-06,Torr
2026-02-09T03:12:36.428817,26250.620,6.6e-06,Torr
2026-02-09T03:12:43.538295,26257.729,6.6e-06,Torr
2026-02-09T03:12:48.568614,26262.760,6.6e-06,Torr
2026-02-09T03:12:55.678161,26269.869,6.650000000000001e-06,Torr
2026-02-09T03:13:00.708422,26274.900,6.7e-06,Torr
2026-02-09T03:13:07.817857,26282.009,6.650000000000001e-06,Torr
2026-02-09T03:13:12.848212,26287.039,6.8e-06,Torr
2026-02-09T03:13:19.957685,26294.149,6.75e-06,Torr
2026-02-09T03:13:24.988183,26299.179,6.7e-06,Torr
2026-02-09T03:13:32.097472,26306.289,6.75e-06,Torr
2026-02-09T03:13:37.127844,26311.319,6.8e-06,Torr
2026-02-09T03:13:44.237382,26318.429,6.7e-06,Torr
2026-02-09T03:13:49.267652,26323.459,6.8e-06,Torr
2026-02-09T03:13:56.377028,26330.568,6.8500000000000005e-06,Torr
2026-02-09T03:14:01.407459,26335.599,6.8e-06,Torr
2026-02-09T03:14:08.516852,26342.708,6.8e-06,Torr
2026-02-09T03:14:13.547495,26347.739,6.8e-06,Torr
2026-02-09T03:14:20.656701,26354.848,6.8e-06,Torr
2026-02-09T03:14:25.687049,26359.878,6.8e-06,Torr
2026-02-09T03:14:32.796490,26366.988,6.8e-06,Torr
2026-02-09T03:14:37.826871,26372.018,6.8e-06,Torr
2026-02-09T03:14:44.936291,26379.127,6.8500000000000005e-06,Torr
2026-02-09T03:14:49.966718,26384.158,6.8e-06,Torr
2026-02-09T03:14:57.076129,26391.267,6.8e-06,Torr
2026-02-09T03:15:02.106493,26396.298,6.8e-06,Torr
2026-02-09T03:15:09.215948,26403.407,6.8500000000000005e-06,Torr
2026-02-09T03:15:14.246288,26408.437,6.9e-06,Torr
2026-02-09T03:15:21.355842,26415.547,6.8500000000000005e-06,Torr
2026-02-09T03:15:26.386087,26420.577,6.8e-06,Torr
2026-02-09T03:15:33.495518,26427.687,6.9499999999999995e-06,Torr
2026-02-09T03:15:38.525912,26432.717,7e-06,Torr
2026-02-09T03:15:45.635334,26439.826,6.9499999999999995e-06,Torr
2026-02-09T03:15:50.665775,26444.857,6.9e-06,Torr
2026-02-09T03:15:57.775135,26451.966,6.9499999999999995e-06,Torr
2026-02-09T03:16:02.805509,26456.997,7e-06,Torr
2026-02-09T03:16:09.914885,26464.106,7.1e-06,Torr
2026-02-09T03:16:14.945342,26469.136,7e-06,Torr
2026-02-09T03:16:22.054752,26476.246,7.1e-06,Torr
2026-02-09T03:16:27.085126,26481.276,7.1e-06,Torr
2026-02-09T03:16:34.194570,26488.386,7.1e-06,Torr
2026-02-09T03:16:39.224929,26493.416,7e-06,Torr
2026-02-09T03:16:46.334338,26500.525,7.1e-06,Torr
2026-02-09T03:16:51.364737,26505.556,7.1e-06,Torr
2026-02-09T03:16:58.474128,26512.665,7.149999999999999e-06,Torr
2026-02-09T03:17:03.504543,26517.696,7.1e-06,Torr
2026-02-09T03:17:10.614045,26524.805,7.2000000000000005e-06,Torr
2026-02-09T03:17:15.644350,26529.835,7.3e-06,Torr
2026-02-09T03:17:22.753796,26536.945,7.2000000000000005e-06,Torr
2026-02-09T03:17:27.784156,26541.975,7.3e-06,Torr
2026-02-09T03:17:34.893608,26549.085,7.2000000000000005e-06,Torr
2026-02-09T03:17:39.923946,26554.115,7.3e-06,Torr
2026-02-09T03:17:47.033407,26561.225,7.3e-06,Torr
2026-02-09T03:17:52.063761,26566.255,7.3e-06,Torr
2026-02-09T03:17:59.173269,26573.364,7.3e-06,Torr
2026-02-09T03:18:04.203686,26578.395,7.3e-06,Torr
2026-02-09T03:18:11.313054,26585.504,7.3e-06,Torr
2026-02-09T03:18:16.343377,26590.535,7.3e-06,Torr
2026-02-09T03:18:23.452793,26597.644,7.350000000000001e-06,Torr
2026-02-09T03:18:28.483178,26602.674,7.3e-06,Torr
2026-02-09T03:18:35.592665,26609.784,7.350000000000001e-06,Torr
2026-02-09T03:18:40.623025,26614.814,7.4e-06,Torr
2026-02-09T03:18:47.732378,26621.924,7.4e-06,Torr
2026-02-09T03:18:52.762870,26626.954,7.5e-06,Torr
2026-02-09T03:18:59.872208,26634.063,7.5e-06,Torr
2026-02-09T03:19:04.902596,26639.094,7.6e-06,Torr
2026-02-09T03:19:12.012044,26646.203,7.5500000000000006e-06,Torr
2026-02-09T03:19:17.042486,26651.234,7.5e-06,Torr
2026-02-09T03:19:24.151865,26658.343,7.6e-06,Torr
2026-02-09T03:19:29.182395,26663.374,7.6e-06,Torr
2026-02-09T03:19:36.291619,26670.483,7.6e-06,Torr
2026-02-09T03:19:41.322016,26675.513,7.5e-06,Torr
2026-02-09T03:19:48.431421,26682.623,7.6e-06,Torr
2026-02-09T03:19:53.461834,26687.653,7.6e-06,Torr
2026-02-09T03:20:00.571307,26694.762,7.6e-06,Torr
2026-02-09T03:20:05.601633,26699.793,7.6e-06,Torr
2026-02-09T03:20:12.711064,26706.902,7.65e-06,Torr
2026-02-09T03:20:17.741680,26711.933,7.8e-06,Torr
2026-02-09T03:20:24.850845,26719.042,7.7e-06,Torr
2026-02-09T03:20:29.881276,26724.072,7.9e-06,Torr
2026-02-09T03:20:36.990645,26731.182,7.8e-06,Torr
2026-02-09T03:20:42.021050,26736.212,7.8e-06,Torr
2026-02-09T03:20:49.130478,26743.322,7.8e-06,Torr
2026-02-09T03:20:54.160998,26748.352,7.9e-06,Torr
2026-02-09T03:21:01.270317,26755.461,7.850000000000001e-06,Torr
2026-02-09T03:21:06.300916,26760.492,7.9e-06,Torr
2026-02-09T03:21:13.410115,26767.601,7.9e-06,Torr
2026-02-09T03:21:18.440471,26772.632,7.9e-06,Torr
2026-02-09T03:21:25.549898,26779.741,7.9e-06,Torr
2026-02-09T03:21:30.580266,26784.771,7.9e-06,Torr
2026-02-09T03:21:37.689709,26791.881,7.9e-06,Torr
2026-02-09T03:21:42.720081,26796.911,7.9e-06,Torr
2026-02-09T03:21:49.829558,26804.021,7.899999999999999e-06,Torr
2026-02-09T03:21:54.859885,26809.051,7.9e-06,Torr
2026-02-09T03:22:01.969284,26816.160,8.05e-06,Torr
2026-02-09T03:22:06.999697,26821.191,8.1e-06,Torr
2026-02-09T03:22:14.109273,26828.300,8.05e-06,Torr
2026-02-09T03:22:19.139493,26833.331,8.2e-06,Torr
2026-02-09T03:22:26.248940,26840.440,8.15e-06,Torr
2026-02-09T03:22:31.279307,26845.470,8e-06,Torr
2026-02-09T03:22:38.388737,26852.580,8.599999999999999e-06,Torr
2026-02-09T03:22:43.419107,26857.610,8.5e-06,Torr
2026-02-09T03:22:50.528529,26864.720,8.75e-06,Torr
2026-02-09T03:22:55.558916,26869.750,8.7e-06,Torr
2026-02-09T03:23:02.668358,26876.859,8.4e-06,Torr
2026-02-09T03:23:07.698734,26881.890,8.2e-06,Torr
2026-02-09T03:23:14.808169,26888.999,8.2e-06,Torr
2026-02-09T03:23:19.838558,26894.030,8.2e-06,Torr
2026-02-09T03:23:26.947952,26901.139,8.2e-06,Torr
2026-02-09T03:23:31.978405,26906.170,8.1e-06,Torr
2026-02-09T03:23:39.087785,26913.279,8.2e-06,Torr
2026-02-09T03:23:44.118182,26918.309,8.2e-06,Torr
2026-02-09T03:23:51.227520,26925.419,8.2e-06,Torr
2026-02-09T03:23:56.257955,26930.449,8.4e-06,Torr
2026-02-09T03:24:03.367461,26937.559,8.3e-06,Torr
2026-02-09T03:24:08.397837,26942.589,8.2e-06,Torr
2026-02-09T03:24:15.507199,26949.698,8.449999999999999e-06,Torr
2026-02-09T03:24:20.537565,26954.729,8.4e-06,Torr
2026-02-09T03:24:27.646962,26961.838,8.449999999999999e-06,Torr
2026-02-09T03:24:32.677365,26966.869,8.5e-06,Torr
2026-02-09T03:24:39.786780,26973.978,8.5e-06,Torr
2026-02-09T03:24:44.817225,26979.008,8.5e-06,Torr
2026-02-09T03:24:51.926569,26986.118,8.5e-06,Torr
2026-02-09T03:24:56.957089,26991.148,8.5e-06,Torr
2026-02-09T03:25:04.066424,26998.258,8.5e-06,Torr
2026-02-09T03:25:09.096833,27003.288,8.5e-06,Torr
2026-02-09T03:25:16.206190,27010.397,8.65e-06,Torr
2026-02-09T03:25:21.236598,27015.428,8.7e-06,Torr
2026-02-09T03:25:28.346047,27022.537,8.7e-06,Torr
2026-02-09T03:25:33.376400,27027.568,8.6e-06,Torr
2026-02-09T03:25:40.485779,27034.677,8.65e-06,Torr
2026-02-09T03:25:45.516380,27039.708,8.8e-06,Torr
2026-02-09T03:25:52.625689,27046.817,8.75e-06,Torr
2026-02-09T03:25:57.656014,27051.847,8.8e-06,Torr
2026-02-09T03:26:04.765465,27058.957,8.8e-06,Torr
2026-02-09T03:26:09.795812,27063.987,8.8e-06,Torr
2026-02-09T03:26:16.905214,27071.096,8.8e-06,Torr
2026-02-09T03:26:21.935635,27076.127,8.8e-06,Torr
2026-02-09T03:26:29.045041,27083.236,8.8e-06,Torr
2026-02-09T03:26:34.075419,27088.267,8.8e-06,Torr
2026-02-09T03:26:41.184888,27095.376,8.8e-06,Torr
2026-02-09T03:26:46.215219,27100.406,8.9e-06,Torr
2026-02-09T03:26:53.324676,27107.516,9e-06,Torr
2026-02-09T03:26:58.355038,27112.546,9e-06,Torr
2026-02-09T03:27:05.464468,27119.656,8.95e-06,Torr
2026-02-09T03:27:10.494827,27124.686,8.9e-06,Torr
2026-02-09T03:27:17.604252,27131.795,9e-06,Torr
2026-02-09T03:27:22.634646,27136.826,9.1e-06,Torr
2026-02-09T03:27:29.744084,27143.935,9.1e-06,Torr
2026-02-09T03:27:34.774449,27148.966,9e-06,Torr
2026-02-09T03:27:41.883917,27156.075,9.05e-06,Torr
2026-02-09T03:27:46.914432,27161.106,9.1e-06,Torr
2026-02-09T03:27:54.023636,27168.215,9.1e-06,Torr
2026-02-09T03:27:59.054236,27173.245,9.2e-06,Torr
2026-02-09T03:28:06.163515,27180.355,9.149999999999999e-06,Torr
2026-02-09T03:28:11.193877,27185.385,9.3e-06,Torr
2026-02-09T03:28:18.303332,27192.494,9.149999999999999e-06,Torr
2026-02-09T03:28:23.333683,27197.525,9.3e-06,Torr
2026-02-09T03:28:30.443153,27204.634,9.299999999999999e-06,Torr
2026-02-09T03:28:35.473551,27209.665,9.3e-06,Torr
2026-02-09T03:28:42.582906,27216.774,9.35e-06,Torr
2026-02-09T03:28:47.613478,27221.805,9.3e-06,Torr
2026-02-09T03:28:54.722731,27228.914,9.45e-06,Torr
2026-02-09T03:28:59.753100,27233.944,9.4e-06,Torr
2026-02-09T03:29:06.862479,27241.054,9.35e-06,Torr
2026-02-09T03:29:11.892950,27246.084,9.5e-06,Torr
2026-02-09T03:29:19.002356,27253.193,9.5e-06,Torr
2026-02-09T03:29:24.032741,27258.224,9.4e-06,Torr
2026-02-09T03:29:31.142217,27265.333,9.45e-06,Torr
2026-02-09T03:29:36.172520,27270.364,9.4e-06,Torr
2026-02-09T03:29:43.281952,27277.473,9.55e-06,Torr
2026-02-09T03:29:48.312327,27282.503,9.6e-06,Torr
2026-02-09T03:29:55.421753,27289.613,9.65e-06,Torr
2026-02-09T03:30:00.452165,27294.643,9.7e-06,Torr
2026-02-09T03:30:07.561680,27301.753,9.699999999999999e-06,Torr
2026-02-09T03:30:12.591954,27306.783,9.8e-06,Torr
2026-02-09T03:30:19.701322,27313.892,9.9e-06,Torr
2026-02-09T03:30:24.731756,27318.923,9.8e-06,Torr
2026-02-09T03:30:31.841165,27326.032,9.8e-06,Torr
2026-02-09T03:30:36.871544,27331.063,9.8e-06,Torr
2026-02-09T03:30:43.980967,27338.172,9.8e-06,Torr
2026-02-09T03:30:49.011353,27343.202,9.9e-06,Torr
2026-02-09T03:30:56.120804,27350.312,9.9e-06,Torr
2026-02-09T03:31:01.151163,27355.342,9.9e-06,Torr
2026-02-09T03:31:08.260546,27362.452,9.9e-06,Torr
2026-02-09T03:31:13.291098,27367.482,1e-05,Torr
2026-02-09T03:31:20.400429,27374.592,9.950000000000001e-06,Torr
2026-02-09T03:31:25.430810,27379.622,1e-05,Torr
2026-02-09T03:31:32.540164,27386.731,1e-05,Torr
2026-02-09T03:31:37.570664,27391.762,1e-05,Torr
2026-02-09T03:31:44.680025,27398.871,1e-05,Torr
2026-02-09T03:31:49.710390,27403.902,1e-05,Torr
2026-02-09T03:31:56.819853,27411.011,1e-05,Torr
2026-02-09T03:32:01.850197,27416.041,1e-05,Torr
2026-02-09T03:32:08.959601,27423.151,1e-05,Torr
2026-02-09T03:32:13.990014,27428.181,1e-05,Torr
2026-02-09T03:32:21.099452,27435.291,1e-05,Torr
2026-02-09T03:32:26.129803,27440.321,1e-05,Torr
2026-02-09T03:32:33.239215,27447.430,1.0500000000000001e-05,Torr
2026-02-09T03:32:38.269604,27452.461,1.1e-05,Torr
2026-02-09T03:32:45.379023,27459.570,1.1e-05,Torr
2026-02-09T03:32:50.409455,27464.601,1.1e-05,Torr
2026-02-09T03:32:57.518838,27471.710,1.1e-05,Torr
2026-02-09T03:33:02.549242,27476.740,1.1e-05,Torr
2026-02-09T03:33:09.658673,27483.850,1.1e-05,Torr
2026-02-09T03:33:14.689027,27488.880,1.1e-05,Torr
2026-02-09T03:33:21.798540,27495.990,1.1e-05,Torr
2026-02-09T03:33:26.828862,27501.020,1.1e-05,Torr
2026-02-09T03:33:33.938241,27508.129,1.1e-05,Torr
2026-02-09T03:33:38.968642,27513.160,1.1e-05,Torr
2026-02-09T03:33:46.078047,27520.269,1.1e-05,Torr
2026-02-09T03:33:51.108726,27525.300,1.1e-05,Torr
2026-02-09T03:33:58.217859,27532.409,1.1e-05,Torr
2026-02-09T03:34:03.248397,27537.440,1.1e-05,Torr
2026-02-09T03:34:10.357722,27544.549,1.1e-05,Torr
2026-02-09T03:34:15.388122,27549.579,1.1e-05,Torr
2026-02-09T03:34:22.497658,27556.689,1.1e-05,Torr
2026-02-09T03:34:27.527873,27561.719,1.1e-05,Torr
2026-02-09T03:34:34.637304,27568.828,1.1e-05,Torr
2026-02-09T03:34:39.667669,27573.859,1.1e-05,Torr
2026-02-09T03:34:46.777080,27580.968,1.1e-05,Torr
2026-02-09T03:34:51.807511,27585.999,1.1e-05,Torr
2026-02-09T03:34:58.916921,27593.108,1.1e-05,Torr
2026-02-09T03:35:03.947410,27598.139,1.1e-05,Torr
2026-02-09T03:35:11.056700,27605.248,1.1e-05,Torr
2026-02-09T03:35:16.087133,27610.278,1.1e-05,Torr
2026-02-09T03:35:23.196867,27617.388,1.1e-05,Torr
2026-02-09T03:35:28.227017,27622.418,1.2e-05,Torr
2026-02-09T03:35:35.336339,27629.527,1.15e-05,Torr
2026-02-09T03:35:40.366750,27634.558,1.2e-05,Torr
2026-02-09T03:35:47.476122,27641.667,1.2e-05,Torr
2026-02-09T03:35:52.506806,27646.698,1.2e-05,Torr
2026-02-09T03:35:59.615948,27653.807,1.2e-05,Torr
2026-02-09T03:36:04.646366,27658.838,1.2e-05,Torr
2026-02-09T03:36:11.755754,27665.947,1.2e-05,Torr
2026-02-09T03:36:16.786095,27670.977,1.2e-05,Torr
2026-02-09T03:36:23.895505,27678.087,1.2e-05,Torr
2026-02-09T03:36:28.925930,27683.117,1.2e-05,Torr
2026-02-09T03:36:36.035335,27690.226,1.2e-05,Torr
2026-02-09T03:36:41.065940,27695.257,1.2e-05,Torr
2026-02-09T03:36:48.175336,27702.366,1.2e-05,Torr
2026-02-09T03:36:53.205536,27707.397,1.2e-05,Torr
2026-02-09T03:37:00.314955,27714.506,1.2e-05,Torr
2026-02-09T03:37:05.345348,27719.536,1.2e-05,Torr
2026-02-09T03:37:12.454793,27726.646,1.2e-05,Torr
2026-02-09T03:37:17.485141,27731.676,1.2e-05,Torr
2026-02-09T03:37:24.594613,27738.786,1.2e-05,Torr
2026-02-09T03:37:29.624958,27743.816,1.2e-05,Torr
2026-02-09T03:37:36.734384,27750.926,1.2e-05,Torr
2026-02-09T03:37:41.764752,27755.956,1.2e-05,Torr
2026-02-09T03:37:48.874225,27763.065,1.2e-05,Torr
2026-02-09T03:37:53.904567,27768.096,1.2e-05,Torr
2026-02-09T03:38:01.014006,27775.205,1.2e-05,Torr
2026-02-09T03:38:06.044399,27780.236,1.3e-05,Torr
2026-02-09T03:38:13.153820,27787.345,1.2e-05,Torr
2026-02-09T03:38:18.184357,27792.375,1.2e-05,Torr
2026-02-09T03:38:25.293654,27799.485,1.3e-05,Torr
2026-02-09T03:38:30.324057,27804.515,1.3e-05,Torr
2026-02-09T03:38:37.433376,27811.625,1.3e-05,Torr
2026-02-09T03:38:42.463799,27816.655,1.3e-05,Torr
2026-02-09T03:38:49.573233,27823.764,1.3e-05,Torr
2026-02-09T03:38:54.603599,27828.795,1.3e-05,Torr
2026-02-09T03:39:01.713030,27835.904,1.3e-05,Torr
2026-02-09T03:39:06.743411,27840.935,1.3e-05,Torr
2026-02-09T03:39:13.852823,27848.044,1.3e-05,Torr
2026-02-09T03:39:18.883243,27853.074,1.3e-05,Torr
2026-02-09T03:39:25.992631,27860.184,1.3e-05,Torr
2026-02-09T03:39:31.023015,27865.214,1.3e-05,Torr
2026-02-09T03:39:38.132413,27872.324,1.3e-05,Torr
2026-02-09T03:39:43.162907,27877.354,1.3e-05,Torr
2026-02-09T03:39:50.272270,27884.463,1.3e-05,Torr
2026-02-09T03:39:55.302628,27889.494,1.3e-05,Torr
2026-02-09T03:40:02.412078,27896.603,1.3e-05,Torr
2026-02-09T03:40:07.442439,27901.634,1.3e-05,Torr
2026-02-09T03:40:14.551817,27908.743,1.35e-05,Torr
2026-02-09T03:40:19.582250,27913.773,1.3e-05,Torr
2026-02-09T03:40:26.691724,27920.883,1.4e-05,Torr
2026-02-09T03:40:31.722045,27925.913,1.4e-05,Torr
2026-02-09T03:40:38.831513,27933.023,1.4e-05,Torr
2026-02-09T03:40:43.861849,27938.053,1.4e-05,Torr
2026-02-09T03:40:50.971312,27945.162,1.4e-05,Torr
2026-02-09T03:40:56.001666,27950.193,1.4e-05,Torr
2026-02-09T03:41:03.111073,27957.302,1.4e-05,Torr
2026-02-09T03:41:08.141466,27962.333,1.4e-05,Torr
2026-02-09T03:41:15.250966,27969.442,1.4e-05,Torr
2026-02-09T03:41:20.281273,27974.472,1.4e-05,Torr
2026-02-09T03:41:27.390765,27981.582,1.4e-05,Torr
2026-02-09T03:41:32.421099,27986.612,1.4e-05,Torr
2026-02-09T03:41:39.530527,27993.722,1.4e-05,Torr
2026-02-09T03:41:44.560883,27998.752,1.4e-05,Torr
2026-02-09T03:41:51.670340,28005.861,1.4e-05,Torr
2026-02-09T03:41:56.700680,28010.892,1.4e-05,Torr
2026-02-09T03:42:03.810101,28018.001,1.4e-05,Torr
2026-02-09T03:42:08.840539,28023.032,1.4e-05,Torr
2026-02-09T03:42:15.949919,28030.141,1.4e-05,Torr
2026-02-09T03:42:20.980293,28035.171,1.4e-05,Torr
2026-02-09T03:42:28.089723,28042.281,1.45e-05,Torr
2026-02-09T03:42:33.120144,28047.311,1.4e-05,Torr
2026-02-09T03:42:40.229536,28054.421,1.4e-05,Torr
2026-02-09T03:42:45.259909,28059.451,1.5e-05,Torr
2026-02-09T03:42:52.369272,28066.560,1.45e-05,Torr
2026-02-09T03:42:57.399703,28071.591,1.5e-05,Torr
2026-02-09T03:43:04.509142,28078.700,1.5e-05,Torr
2026-02-09T03:43:09.539518,28083.731,1.5e-05,Torr
2026-02-09T03:43:16.648952,28090.840,1.5e-05,Torr
2026-02-09T03:43:21.679384,28095.871,1.5e-05,Torr
2026-02-09T03:43:28.788754,28102.980,1.5e-05,Torr
2026-02-09T03:43:33.819126,28108.010,1.5e-05,Torr
2026-02-09T03:43:40.928528,28115.120,1.5e-05,Torr
2026-02-09T03:43:45.958969,28120.150,1.5e-05,Torr
2026-02-09T03:43:53.068384,28127.260,1.5e-05,Torr
2026-02-09T03:43:58.098775,28132.290,1.5e-05,Torr
2026-02-09T03:44:05.208182,28139.399,1.5e-05,Torr
2026-02-09T03:44:10.238559,28144.430,1.5e-05,Torr
2026-02-09T03:44:17.348022,28151.539,1.5e-05,Torr
2026-02-09T03:44:22.378357,28156.569,1.5e-05,Torr
2026-02-09T03:44:29.487787,28163.679,1.5e-05,Torr
2026-02-09T03:44:34.518385,28168.710,1.5e-05,Torr
2026-02-09T03:44:41.627705,28175.819,1.6e-05,Torr
2026-02-09T03:44:46.658025,28180.849,1.6e-05,Torr
2026-02-09T03:44:53.767383,28187.959,1.6e-05,Torr
2026-02-09T03:44:58.797823,28192.989,1.6e-05,Torr
2026-02-09T03:45:05.907211,28200.098,1.6e-05,Torr
2026-02-09T03:45:10.937584,28205.129,1.6e-05,Torr
2026-02-09T03:45:18.046993,28212.238,1.6e-05,Torr
2026-02-09T03:45:23.077404,28217.269,1.6e-05,Torr
2026-02-09T03:45:30.186904,28224.378,1.6e-05,Torr
2026-02-09T03:45:35.217198,28229.408,1.6e-05,Torr
2026-02-09T03:45:42.326661,28236.518,1.6e-05,Torr
2026-02-09T03:45:47.357007,28241.548,1.6e-05,Torr
2026-02-09T03:45:54.466464,28248.658,1.6e-05,Torr
2026-02-09T03:45:59.496823,28253.688,1.6e-05,Torr
2026-02-09T03:46:06.606236,28260.797,1.6e-05,Torr
2026-02-09T03:46:11.636638,28265.828,1.7e-05,Torr
2026-02-09T03:46:18.746035,28272.937,1.7e-05,Torr
2026-02-09T03:46:23.776413,28277.968,1.6e-05,Torr
2026-02-09T03:46:30.885874,28285.077,1.7e-05,Torr
2026-02-09T03:46:35.916236,28290.107,1.7e-05,Torr
2026-02-09T03:46:43.025673,28297.217,1.7e-05,Torr
2026-02-09T03:46:48.056031,28302.247,1.7e-05,Torr
2026-02-09T03:46:55.165485,28309.357,1.7e-05,Torr
2026-02-09T03:47:00.195841,28314.387,1.7e-05,Torr
2026-02-09T03:47:07.305217,28321.496,1.7e-05,Torr
2026-02-09T03:47:12.335649,28326.527,1.7e-05,Torr
2026-02-09T03:47:19.445101,28333.636,1.7e-05,Torr
2026-02-09T03:47:24.475507,28338.667,1.7e-05,Torr
2026-02-09T03:47:31.584957,28345.776,1.7e-05,Torr
2026-02-09T03:47:36.615271,28350.806,1.7e-05,Torr
2026-02-09T03:47:43.724665,28357.916,1.7e-05,Torr
2026-02-09T03:47:48.755137,28362.946,1.8e-05,Torr
2026-02-09T03:47:55.864491,28370.056,1.75e-05,Torr
2026-02-09T03:48:00.894974,28375.086,1.8e-05,Torr
2026-02-09T03:48:08.004344,28382.195,1.8e-05,Torr
2026-02-09T03:48:13.034687,28387.226,1.8e-05,Torr
2026-02-09T03:48:20.144091,28394.335,1.8e-05,Torr
2026-02-09T03:48:25.174513,28399.366,1.8e-05,Torr
2026-02-09T03:48:32.283943,28406.475,1.8e-05,Torr
2026-02-09T03:48:37.314529,28411.506,1.8e-05,Torr
2026-02-09T03:48:44.423661,28418.615,1.8e-05,Torr
2026-02-09T03:48:49.454117,28423.645,1.8e-05,Torr
2026-02-09T03:48:56.563549,28430.755,1.8e-05,Torr
2026-02-09T03:49:01.593928,28435.785,1.8e-05,Torr
2026-02-09T03:49:08.703323,28442.894,1.8e-05,Torr
2026-02-09T03:49:13.733701,28447.925,1.8e-05,Torr
2026-02-09T03:49:20.843140,28455.034,1.8e-05,Torr
2026-02-09T03:49:25.873543,28460.065,1.8e-05,Torr
2026-02-09T03:49:32.982957,28467.174,1.8500000000000002e-05,Torr
2026-02-09T03:49:38.013371,28472.205,1.9e-05,Torr
2026-02-09T03:49:45.122715,28479.314,1.9e-05,Torr
2026-02-09T03:49:50.153141,28484.344,1.9e-05,Torr
2026-02-09T03:49:57.262527,28491.454,1.9e-05,Torr
2026-02-09T03:50:02.292968,28496.484,1.9e-05,Torr
2026-02-09T03:50:09.402359,28503.593,1.9e-05,Torr
2026-02-09T03:50:14.432739,28508.624,1.9e-05,Torr
2026-02-09T03:50:21.542155,28515.733,1.9e-05,Torr
2026-02-09T03:50:26.572538,28520.764,2e-05,Torr
2026-02-09T03:50:33.681949,28527.873,2e-05,Torr
2026-02-09T03:50:38.712362,28532.904,1.9e-05,Torr
2026-02-09T03:50:45.822497,28540.014,2e-05,Torr
2026-02-09T03:50:50.852150,28545.043,2e-05,Torr
2026-02-09T03:50:58.039737,28552.231,2e-05,Torr
2026-02-09T03:51:03.070149,28557.261,2e-05,Torr
2026-02-09T03:51:10.195110,28564.386,2e-05,Torr
2026-02-09T03:51:15.225521,28569.417,2e-05,Torr
2026-02-09T03:51:22.334926,28576.526,2e-05,Torr
2026-02-09T03:51:27.365320,28581.556,2e-05,Torr
2026-02-09T03:51:34.474736,28588.666,2e-05,Torr
2026-02-09T03:51:39.505157,28593.696,2e-05,Torr
2026-02-09T03:51:46.614555,28600.806,2e-05,Torr
2026-02-09T03:51:51.644950,28605.836,2e-05,Torr
2026-02-09T03:51:58.754364,28612.946,2e-05,Torr
2026-02-09T03:52:03.784815,28617.976,2.1e-05,Torr
2026-02-09T03:52:10.894152,28625.085,2.1e-05,Torr
2026-02-09T03:52:15.924542,28630.116,2e-05,Torr
2026-02-09T03:52:23.033971,28637.225,2.1e-05,Torr
2026-02-09T03:52:28.064408,28642.256,2.1e-05,Torr
2026-02-09T03:52:35.173857,28649.365,2.1e-05,Torr
2026-02-09T03:52:40.204152,28654.395,2.1e-05,Torr
2026-02-09T03:52:47.313622,28661.505,2.1e-05,Torr
2026-02-09T03:52:52.343960,28666.535,2.1e-05,Torr
2026-02-09T03:52:59.453317,28673.644,2.1e-05,Torr
2026-02-09T03:53:04.483770,28678.675,2.1e-05,Torr
2026-02-09T03:53:11.593227,28685.784,2.15e-05,Torr
2026-02-09T03:53:16.623616,28690.815,2.1e-05,Torr
2026-02-09T03:53:23.733028,28697.924,2.15e-05,Torr
2026-02-09T03:53:28.763569,28702.955,2.2e-05,Torr
2026-02-09T03:53:35.872805,28710.064,2.2e-05,Torr
2026-02-09T03:53:40.903195,28715.094,2.1e-05,Torr
2026-02-09T03:53:48.012647,28722.204,2.2e-05,Torr
2026-02-09T03:53:53.042986,28727.234,2.2e-05,Torr
2026-02-09T03:54:00.152436,28734.344,2.2e-05,Torr
2026-02-09T03:54:05.182845,28739.374,2.2e-05,Torr
2026-02-09T03:54:12.292229,28746.483,2.2e-05,Torr
2026-02-09T03:54:17.322626,28751.514,2.2e-05,Torr
2026-02-09T03:54:24.431993,28758.623,2.2e-05,Torr
2026-02-09T03:54:29.462451,28763.654,2.3e-05,Torr
2026-02-09T03:54:36.571820,28770.763,2.2499999999999998e-05,Torr
2026-02-09T03:54:41.602220,28775.793,2.3e-05,Torr
2026-02-09T03:54:48.711629,28782.903,2.3e-05,Torr
2026-02-09T03:54:53.742010,28787.933,2.3e-05,Torr
2026-02-09T03:55:00.851478,28795.043,2.3e-05,Torr
2026-02-09T03:55:05.881914,28800.073,2.3e-05,Torr
2026-02-09T03:55:12.991276,28807.182,2.3e-05,Torr
2026-02-09T03:55:18.021750,28812.213,2.3e-05,Torr
2026-02-09T03:55:23.054577,28817.246,2.3e-05,Torr
2026-02-09T03:55:30.242176,28824.433,2.3500000000000002e-05,Torr
2026-02-09T03:55:35.272521,28829.464,2.3e-05,Torr
2026-02-09T03:55:42.381874,28836.573,2.4e-05,Torr
2026-02-09T03:55:47.412318,28841.603,2.4e-05,Torr
2026-02-09T03:55:54.521702,28848.713,2.4e-05,Torr
2026-02-09T03:55:59.552079,28853.743,2.4e-05,Torr
2026-02-09T03:56:06.661735,28860.853,2.4e-05,Torr
2026-02-09T03:56:11.691908,28865.883,2.4e-05,Torr
2026-02-09T03:56:18.801350,28872.992,2.4e-05,Torr
2026-02-09T03:56:23.831727,28878.023,2.4e-05,Torr
2026-02-09T03:56:30.941119,28885.132,2.45e-05,Torr
2026-02-09T03:56:35.971505,28890.163,2.5e-05,Torr
2026-02-09T03:56:43.080947,28897.272,2.5e-05,Torr
2026-02-09T03:56:48.111310,28902.302,2.5e-05,Torr
2026-02-09T03:56:55.220737,28909.412,2.5e-05,Torr
2026-02-09T03:57:00.251115,28914.442,2.5e-05,Torr
2026-02-09T03:57:07.360528,28921.552,2.5e-05,Torr
2026-02-09T03:57:12.390926,28926.582,2.5e-05,Torr
2026-02-09T03:57:19.500381,28933.692,2.5e-05,Torr
2026-02-09T03:57:24.530734,28938.722,2.5e-05,Torr
2026-02-09T03:57:31.640132,28945.831,2.5e-05,Torr
2026-02-09T03:57:36.670521,28950.862,2.5e-05,Torr
2026-02-09T03:57:43.779906,28957.971,2.5e-05,Torr
2026-02-09T03:57:48.810391,28963.002,2.5e-05,Torr
2026-02-09T03:57:55.919752,28970.111,2.55e-05,Torr
2026-02-09T03:58:00.950176,28975.141,2.6e-05,Torr
2026-02-09T03:58:08.059595,28982.251,2.6e-05,Torr
2026-02-09T03:58:13.090076,28987.281,2.6e-05,Torr
2026-02-09T03:58:20.199344,28994.390,2.6e-05,Torr
2026-02-09T03:58:25.229764,28999.421,2.6e-05,Torr
2026-02-09T03:58:32.339316,29006.530,2.7e-05,Torr
2026-02-09T03:58:37.369568,29011.561,2.6e-05,Torr
2026-02-09T03:58:44.478972,29018.670,2.65e-05,Torr
2026-02-09T03:58:49.509370,29023.701,2.6e-05,Torr
2026-02-09T03:58:56.618816,29030.810,2.65e-05,Torr
2026-02-09T03:59:01.649176,29035.840,2.7e-05,Torr
2026-02-09T03:59:08.758530,29042.950,2.7e-05,Torr
2026-02-09T03:59:13.788978,29047.980,2.7e-05,Torr
2026-02-09T03:59:20.898401,29055.090,2.7e-05,Torr
2026-02-09T03:59:25.928866,29060.120,2.7e-05,Torr
2026-02-09T03:59:33.038226,29067.229,2.8e-05,Torr
2026-02-09T03:59:38.068659,29072.260,2.8e-05,Torr
2026-02-09T03:59:45.178113,29079.369,2.8e-05,Torr
2026-02-09T03:59:50.208400,29084.400,2.8e-05,Torr
2026-02-09T03:59:57.317783,29091.509,2.8e-05,Torr
2026-02-09T04:00:02.348213,29096.539,2.8e-05,Torr
2026-02-09T04:00:09.457653,29103.649,2.8e-05,Torr
2026-02-09T04:00:14.488017,29108.679,2.8e-05,Torr
2026-02-09T04:00:21.597451,29115.789,2.8e-05,Torr
2026-02-09T04:00:26.627828,29120.819,2.9e-05,Torr
2026-02-09T04:00:33.737289,29127.928,2.8e-05,Torr
2026-02-09T04:00:38.767618,29132.959,2.9e-05,Torr
2026-02-09T04:00:45.877022,29140.068,2.95e-05,Torr
2026-02-09T04:00:50.907613,29145.099,2.9e-05,Torr
2026-02-09T04:00:58.016858,29152.208,2.9e-05,Torr
2026-02-09T04:01:03.047255,29157.238,3e-05,Torr
2026-02-09T04:01:10.156585,29164.348,3e-05,Torr
2026-02-09T04:01:15.187050,29169.378,3e-05,Torr
2026-02-09T04:01:22.296480,29176.488,3e-05,Torr
2026-02-09T04:01:27.327039,29181.518,3e-05,Torr
2026-02-09T04:01:34.436269,29188.627,3.1e-05,Torr
2026-02-09T04:01:39.466657,29193.658,3e-05,Torr
2026-02-09T04:01:46.576081,29200.767,3.1e-05,Torr
2026-02-09T04:01:51.606467,29205.798,3.1e-05,Torr
2026-02-09T04:01:58.715867,29212.907,3.1e-05,Torr
2026-02-09T04:02:03.746271,29217.937,3.1e-05,Torr
2026-02-09T04:02:10.855698,29225.047,3.1e-05,Torr
2026-02-09T04:02:15.886076,29230.077,3.1e-05,Torr
2026-02-09T04:02:22.996472,29237.188,3.2e-05,Torr
2026-02-09T04:02:28.025882,29242.217,3.2e-05,Torr
2026-02-09T04:02:35.213481,29249.405,3.2e-05,Torr
2026-02-09T04:02:40.243840,29254.435,3.2e-05,Torr
2026-02-09T04:02:47.353259,29261.544,3.2500000000000004e-05,Torr
2026-02-09T04:02:52.383620,29266.575,3.3e-05,Torr
2026-02-09T04:02:59.493047,29273.684,3.2500000000000004e-05,Torr
2026-02-09T04:03:04.523427,29278.715,3.3e-05,Torr
2026-02-09T04:03:11.632872,29285.824,3.3e-05,Torr
2026-02-09T04:03:16.663234,29290.854,3.3e-05,Torr
2026-02-09T04:03:23.772756,29297.964,3.3e-05,Torr
2026-02-09T04:03:28.803034,29302.994,3.3e-05,Torr
2026-02-09T04:03:35.912495,29310.104,3.35e-05,Torr
2026-02-09T04:03:40.942836,29315.134,3.4e-05,Torr
2026-02-09T04:03:48.052281,29322.243,3.45e-05,Torr
2026-02-09T04:03:53.082645,29327.274,3.4e-05,Torr
2026-02-09T04:04:00.192097,29334.383,3.4e-05,Torr
2026-02-09T04:04:05.222484,29339.414,3.4e-05,Torr
2026-02-09T04:04:12.331902,29346.523,3.4e-05,Torr
2026-02-09T04:04:17.362353,29351.553,3.5e-05,Torr
2026-02-09T04:04:24.471699,29358.663,3.5e-05,Torr
2026-02-09T04:04:29.502121,29363.693,3.6e-05,Torr
2026-02-09T04:04:36.611522,29370.803,3.5e-05,Torr
2026-02-09T04:04:41.641881,29375.833,3.6e-05,Torr
2026-02-09T04:04:48.751269,29382.942,3.6e-05,Torr
2026-02-09T04:04:53.781777,29387.973,3.6e-05,Torr
2026-02-09T04:05:00.891072,29395.082,3.6e-05,Torr
2026-02-09T04:05:05.921508,29400.113,3.6e-05,Torr
2026-02-09T04:05:13.030857,29407.222,3.65e-05,Torr
2026-02-09T04:05:18.061286,29412.252,3.7e-05,Torr
2026-02-09T04:05:25.170781,29419.362,3.7e-05,Torr
2026-02-09T04:05:30.201120,29424.392,3.7e-05,Torr
2026-02-09T04:05:37.310488,29431.502,3.7e-05,Torr
2026-02-09T04:05:42.340898,29436.532,3.7e-05,Torr
2026-02-09T04:05:49.450330,29443.641,3.7e-05,Torr
2026-02-09T04:05:54.480738,29448.672,3.7e-05,Torr
2026-02-09T04:06:01.590194,29455.781,3.8e-05,Torr
2026-02-09T04:06:06.620509,29460.812,3.7e-05,Torr
2026-02-09T04:06:13.729897,29467.921,3.8e-05,Torr
2026-02-09T04:06:18.760325,29472.951,3.8e-05,Torr
2026-02-09T04:06:25.869778,29480.061,3.85e-05,Torr
2026-02-09T04:06:30.900219,29485.091,3.9e-05,Torr
2026-02-09T04:06:38.009548,29492.201,3.9e-05,Torr
2026-02-09T04:06:43.039967,29497.231,4e-05,Torr
2026-02-09T04:06:50.149338,29504.340,3.95e-05,Torr
2026-02-09T04:06:55.179745,29509.371,4e-05,Torr
2026-02-09T04:07:02.289174,29516.480,4e-05,Torr
2026-02-09T04:07:07.319586,29521.511,4e-05,Torr
2026-02-09T04:07:14.428968,29528.620,4e-05,Torr
2026-02-09T04:07:19.459388,29533.651,4.1e-05,Torr
2026-02-09T04:07:26.568731,29540.760,4.05e-05,Torr
2026-02-09T04:07:31.599192,29545.790,4.1e-05,Torr
2026-02-09T04:07:38.708607,29552.900,4.1e-05,Torr
2026-02-09T04:07:43.739001,29557.930,4.1e-05,Torr
2026-02-09T04:07:50.848353,29565.039,4.1e-05,Torr
2026-02-09T04:07:55.878767,29570.070,4.2e-05,Torr
2026-02-09T04:08:02.988213,29577.179,4.2e-05,Torr
2026-02-09T04:08:08.018553,29582.210,4.3e-05,Torr
2026-02-09T04:08:15.127956,29589.319,4.25e-05,Torr
2026-02-09T04:08:20.158574,29594.350,4.2e-05,Torr
2026-02-09T04:08:27.267834,29601.459,4.25e-05,Torr
2026-02-09T04:08:32.298171,29606.489,4.2e-05,Torr
2026-02-09T04:08:39.407565,29613.599,4.3e-05,Torr
2026-02-09T04:08:44.437989,29618.629,4.3e-05,Torr
2026-02-09T04:08:51.547462,29625.739,4.35e-05,Torr
2026-02-09T04:08:56.577795,29630.769,4.3e-05,Torr
2026-02-09T04:09:03.687222,29637.878,4.4e-05,Torr
2026-02-09T04:09:08.717611,29642.909,4.4e-05,Torr
2026-02-09T04:09:15.827008,29650.018,4.4e-05,Torr
2026-02-09T04:09:20.857408,29655.049,4.5e-05,Torr
2026-02-09T04:09:27.966921,29662.158,4.45e-05,Torr
2026-02-09T04:09:32.997217,29667.188,4.6e-05,Torr
2026-02-09T04:09:40.106607,29674.298,4.5e-05,Torr
2026-02-09T04:09:45.137017,29679.328,4.6e-05,Torr
2026-02-09T04:09:52.246483,29686.438,4.6e-05,Torr
2026-02-09T04:09:57.276823,29691.468,4.6e-05,Torr
2026-02-09T04:10:04.386223,29698.577,4.6e-05,Torr
2026-02-09T04:10:09.416632,29703.608,4.7e-05,Torr
2026-02-09T04:10:16.526040,29710.717,4.65e-05,Torr
2026-02-09T04:10:21.556444,29715.748,4.8e-05,Torr
2026-02-09T04:10:28.665865,29722.857,4.8e-05,Torr
2026-02-09T04:10:33.696288,29727.887,4.8e-05,Torr
2026-02-09T04:10:40.805620,29734.997,4.75e-05,Torr
2026-02-09T04:10:45.836050,29740.027,4.8e-05,Torr
2026-02-09T04:10:52.945435,29747.137,4.85e-05,Torr
2026-02-09T04:10:57.975888,29752.167,5e-05,Torr
2026-02-09T04:11:05.085301,29759.276,4.95e-05,Torr
2026-02-09T04:11:10.115662,29764.307,5e-05,Torr
2026-02-09T04:11:17.225119,29771.416,5e-05,Torr
2026-02-09T04:11:22.255511,29776.447,5.1e-05,Torr
2026-02-09T04:11:29.364924,29783.556,5.05e-05,Torr
2026-02-09T04:11:34.395311,29788.586,5.1e-05,Torr
2026-02-09T04:11:41.504693,29795.696,5.1e-05,Torr
2026-02-09T04:11:46.535081,29800.726,5.2e-05,Torr
2026-02-09T04:11:53.644452,29807.836,5.15e-05,Torr
2026-02-09T04:11:58.674895,29812.866,5.1e-05,Torr
2026-02-09T04:12:05.784331,29819.975,5.25e-05,Torr
2026-02-09T04:12:10.814705,29825.006,5.3e-05,Torr
2026-02-09T04:12:17.924115,29832.115,5.3e-05,Torr
2026-02-09T04:12:22.954640,29837.146,5.3e-05,Torr
2026-02-09T04:12:30.063887,29844.255,5.35e-05,Torr
2026-02-09T04:12:35.094302,29849.285,5.3e-05,Torr
2026-02-09T04:12:42.203771,29856.395,5.35e-05,Torr
2026-02-09T04:12:47.234279,29861.425,5.4e-05,Torr
2026-02-09T04:12:54.343556,29868.535,5.5e-05,Torr
2026-02-09T04:12:59.374001,29873.565,5.5e-05,Torr
2026-02-09T04:13:06.483357,29880.674,5.5e-05,Torr
2026-02-09T04:13:11.513716,29885.705,5.6e-05,Torr
2026-02-09T04:13:18.623167,29892.814,5.55e-05,Torr
2026-02-09T04:13:23.653614,29897.845,5.5e-05,Torr
2026-02-09T04:13:30.762982,29904.954,5.55e-05,Torr
2026-02-09T04:13:35.793349,29909.984,6.3e-05,Torr
2026-02-09T04:13:42.902729,29917.094,6.5e-05,Torr
2026-02-09T04:13:47.933140,29922.124,6.4e-05,Torr
2026-02-09T04:13:55.042549,29929.234,6.549999999999999e-05,Torr
2026-02-09T04:14:00.072993,29934.264,6.6e-05,Torr
2026-02-09T04:14:07.182429,29941.374,6.7e-05,Torr
2026-02-09T04:14:12.212762,29946.404,6.8e-05,Torr
2026-02-09T04:14:19.322237,29953.513,6.9e-05,Torr
2026-02-09T04:14:24.352562,29958.544,6.8e-05,Torr
2026-02-09T04:14:31.462016,29965.653,6.9e-05,Torr
2026-02-09T04:14:36.492367,29970.684,7e-05,Torr
2026-02-09T04:14:43.601768,29977.793,7.05e-05,Torr
2026-02-09T04:14:48.632262,29982.823,7.2e-05,Torr
2026-02-09T04:14:55.741625,29989.933,7.2e-05,Torr
2026-02-09T04:15:00.771973,29994.963,7.2e-05,Torr
2026-02-09T04:15:07.881406,30002.073,7.25e-05,Torr
2026-02-09T04:15:12.911809,30007.103,7.4e-05,Torr
2026-02-09T04:15:20.021200,30014.212,7.35e-05,Torr
2026-02-09T04:15:25.051635,30019.243,7.5e-05,Torr
2026-02-09T04:15:32.161043,30026.352,7.5e-05,Torr
2026-02-09T04:15:37.191396,30031.383,7.7e-05,Torr
2026-02-09T04:15:44.300783,30038.492,7.549999999999999e-05,Torr
2026-02-09T04:15:49.331213,30043.522,7.6e-05,Torr
2026-02-09T04:15:56.440665,30050.632,7.6e-05,Torr
2026-02-09T04:16:01.471052,30055.662,7.7e-05,Torr
2026-02-09T04:16:08.580420,30062.772,7.7e-05,Torr
2026-02-09T04:16:13.610881,30067.802,7.9e-05,Torr
2026-02-09T04:16:20.720289,30074.911,7.85e-05,Torr
2026-02-09T04:16:25.750626,30079.942,8e-05,Torr
2026-02-09T04:16:32.860219,30087.051,8e-05,Torr
2026-02-09T04:16:37.890508,30092.082,8.1e-05,Torr
2026-02-09T04:16:44.999872,30099.191,8.15e-05,Torr
2026-02-09T04:16:50.030291,30104.221,8.2e-05,Torr
2026-02-09T04:16:57.139685,30111.331,8.3e-05,Torr
2026-02-09T04:17:02.170098,30116.361,8.3e-05,Torr
2026-02-09T04:17:09.279509,30123.471,8.3e-05,Torr
2026-02-09T04:17:14.309856,30128.501,8.4e-05,Torr
2026-02-09T04:17:21.419224,30135.610,8.4e-05,Torr
2026-02-09T04:17:26.449653,30140.641,8.6e-05,Torr
2026-02-09T04:17:33.559110,30147.750,8.6e-05,Torr
2026-02-09T04:17:38.589461,30152.781,8.7e-05,Torr
2026-02-09T04:17:45.698848,30159.890,8.9e-05,Torr
2026-02-09T04:17:50.729269,30164.920,8.9e-05,Torr
2026-02-09T04:17:57.838694,30172.030,8.950000000000001e-05,Torr
2026-02-09T04:18:02.869068,30177.060,9.1e-05,Torr
2026-02-09T04:18:09.978485,30184.170,9.1e-05,Torr
2026-02-09T04:18:15.008973,30189.200,9.2e-05,Torr
2026-02-09T04:18:22.118273,30196.309,9.25e-05,Torr
2026-02-09T04:18:27.148745,30201.340,9.3e-05,Torr
2026-02-09T04:18:34.258077,30208.449,9.400000000000001e-05,Torr
2026-02-09T04:18:39.288508,30213.480,9.4e-05,Torr
2026-02-09T04:18:46.397927,30220.589,9.5e-05,Torr
2026-02-09T04:18:51.428286,30225.619,9.6e-05,Torr
2026-02-09T04:18:58.537691,30232.729,9.6e-05,Torr
2026-02-09T04:19:03.568098,30237.759,9.6e-05,Torr
2026-02-09T04:19:10.677551,30244.869,9.75e-05,Torr
2026-02-09T04:19:15.707922,30249.899,9.8e-05,Torr
2026-02-09T04:19:22.817308,30257.008,9.95e-05,Torr
2026-02-09T04:19:27.847770,30262.039,0.0001,Torr
2026-02-09T04:19:34.957169,30269.148,0.0001,Torr
2026-02-09T04:19:39.987522,30274.179,0.0001,Torr
2026-02-09T04:19:47.096958,30281.288,0.0001,Torr
2026-02-09T04:19:52.127327,30286.318,0.0001,Torr
2026-02-09T04:19:59.236701,30293.428,0.0001,Torr
2026-02-09T04:20:04.267122,30298.458,0.0001,Torr
2026-02-09T04:20:11.376578,30305.568,0.000105,Torr
2026-02-09T04:20:16.407069,30310.598,0.00011,Torr
2026-02-09T04:20:23.516388,30317.708,0.00011,Torr
2026-02-09T04:20:28.546745,30322.738,0.00011,Torr
2026-02-09T04:20:35.656178,30329.847,0.00011,Torr
2026-02-09T04:20:40.686550,30334.878,0.00011,Torr
2026-02-09T04:20:47.795940,30341.987,0.00011,Torr
2026-02-09T04:20:52.826363,30347.018,0.00011,Torr
2026-02-09T04:20:59.935813,30354.127,0.00011,Torr
2026-02-09T04:21:04.966188,30359.157,0.00011,Torr
2026-02-09T04:21:12.075589,30366.267,0.000115,Torr
2026-02-09T04:21:17.105964,30371.297,0.00012,Torr
2026-02-09T04:21:24.215433,30378.407,0.00012,Torr
2026-02-09T04:21:29.245768,30383.437,0.00012,Torr
2026-02-09T04:21:36.355220,30390.546,0.00012,Torr
2026-02-09T04:21:41.385616,30395.577,0.00012,Torr
2026-02-09T04:21:48.495004,30402.686,0.00012,Torr
2026-02-09T04:21:53.525388,30407.717,0.00012,Torr
2026-02-09T04:22:00.634768,30414.826,0.00012,Torr
2026-02-09T04:22:05.665248,30419.856,0.00012,Torr
2026-02-09T04:22:12.774654,30426.966,0.00012,Torr
2026-02-09T04:22:17.804977,30431.996,0.00012,Torr
2026-02-09T04:22:24.914422,30439.106,0.00012,Torr
2026-02-09T04:22:29.944814,30444.136,0.00012,Torr
2026-02-09T04:22:37.054211,30451.245,0.000125,Torr
2026-02-09T04:22:42.084692,30456.276,0.00012,Torr
2026-02-09T04:22:49.194068,30463.385,0.00013,Torr
2026-02-09T04:22:54.224638,30468.416,0.00013,Torr
2026-02-09T04:23:01.333831,30475.525,0.00013,Torr
2026-02-09T04:23:06.364274,30480.555,0.00013,Torr
2026-02-09T04:23:13.473636,30487.665,0.00013,Torr
2026-02-09T04:23:18.504236,30492.695,0.00013,Torr
2026-02-09T04:23:25.613459,30499.805,0.00013,Torr
2026-02-09T04:23:30.643836,30504.835,0.00014,Torr
2026-02-09T04:23:37.753205,30511.944,0.00014,Torr
2026-02-09T04:23:42.783704,30516.975,0.00014,Torr
2026-02-09T04:23:49.893090,30524.084,0.00013499999999999997,Torr
2026-02-09T04:23:54.923442,30529.115,0.00014,Torr
2026-02-09T04:24:02.032866,30536.224,0.00014,Torr
2026-02-09T04:24:07.063248,30541.254,0.00014,Torr
2026-02-09T04:24:14.172801,30548.364,0.00014,Torr
2026-02-09T04:24:19.203065,30553.394,0.00014,Torr
2026-02-09T04:24:26.312465,30560.504,0.000145,Torr
2026-02-09T04:24:31.342860,30565.534,0.00015,Torr
2026-02-09T04:24:38.452239,30572.643,0.00015,Torr
2026-02-09T04:24:43.482659,30577.674,0.00015,Torr
2026-02-09T04:24:50.592129,30584.783,0.00015,Torr
2026-02-09T04:24:55.622482,30589.814,0.00015,Torr
2026-02-09T04:25:02.731872,30596.923,0.000155,Torr
2026-02-09T04:25:07.762269,30601.953,0.00015,Torr
2026-02-09T04:25:14.871658,30609.063,0.00015,Torr
2026-02-09T04:25:19.902133,30614.093,0.00016,Torr
2026-02-09T04:25:27.011549,30621.203,0.00016,Torr
2026-02-09T04:25:32.041902,30626.233,0.00016,Torr
2026-02-09T04:25:39.151249,30633.342,0.00016,Torr
2026-02-09T04:25:44.181690,30638.373,0.00016,Torr
2026-02-09T04:25:51.291167,30645.482,0.000165,Torr
2026-02-09T04:25:56.321556,30650.513,0.00017,Torr
2026-02-09T04:26:03.430969,30657.622,0.00017,Torr
2026-02-09T04:26:08.461318,30662.652,0.00017,Torr
2026-02-09T04:26:15.570760,30669.762,0.00017,Torr
2026-02-09T04:26:20.601158,30674.792,0.00017,Torr
2026-02-09T04:26:27.710541,30681.902,0.00017,Torr
2026-02-09T04:26:32.741078,30686.932,0.00018,Torr
2026-02-09T04:26:39.850341,30694.041,0.00018,Torr
2026-02-09T04:26:44.880711,30699.072,0.00018,Torr
2026-02-09T04:26:51.990211,30706.181,0.00018,Torr
2026-02-09T04:26:57.020615,30711.212,0.00018,Torr
2026-02-09T04:27:04.129938,30718.321,0.00018,Torr
2026-02-09T04:27:09.160368,30723.352,0.00018,Torr
2026-02-09T04:27:16.269808,30730.461,0.00019,Torr
2026-02-09T04:27:21.300194,30735.491,0.00019,Torr
2026-02-09T04:27:28.409531,30742.601,0.00019,Torr
2026-02-09T04:27:33.439961,30747.631,0.00019,Torr
2026-02-09T04:27:40.549367,30754.741,0.00019,Torr
2026-02-09T04:27:45.579767,30759.771,0.00019,Torr
2026-02-09T04:27:52.689398,30766.881,0.00019500000000000002,Torr
2026-02-09T04:27:57.719727,30771.911,0.0002,Torr
2026-02-09T04:28:04.829031,30779.020,0.0002,Torr
2026-02-09T04:28:09.859373,30784.051,0.0002,Torr
2026-02-09T04:28:16.968822,30791.160,0.0002,Torr
2026-02-09T04:28:21.999222,30796.190,0.0002,Torr
2026-02-09T04:28:29.108612,30803.300,0.000205,Torr
2026-02-09T04:28:34.139035,30808.330,0.00021,Torr
2026-02-09T04:28:41.248436,30815.440,0.00021,Torr
2026-02-09T04:28:46.278839,30820.470,0.00021,Torr
2026-02-09T04:28:53.388204,30827.579,0.00021,Torr
2026-02-09T04:28:58.418578,30832.610,0.00021,Torr
2026-02-09T04:29:05.528057,30839.719,0.00021500000000000002,Torr
2026-02-09T04:29:10.558723,30844.750,0.00022,Torr
2026-02-09T04:29:17.667936,30851.859,0.00022,Torr
2026-02-09T04:29:22.698194,30856.889,0.00022,Torr
2026-02-09T04:29:29.807668,30863.999,0.00022,Torr
2026-02-09T04:29:34.838024,30869.029,0.00022,Torr
2026-02-09T04:29:41.947534,30876.139,0.00022,Torr
2026-02-09T04:29:46.977876,30881.169,0.00022,Torr
2026-02-09T04:29:54.087220,30888.278,0.000225,Torr
2026-02-09T04:29:59.117759,30893.309,0.00023,Torr
2026-02-09T04:30:06.227041,30900.418,0.00023,Torr
2026-02-09T04:30:11.257437,30905.449,0.00023,Torr
2026-02-09T04:30:18.366955,30912.558,0.00023,Torr
2026-02-09T04:30:23.397423,30917.589,0.00023,Torr
2026-02-09T04:30:30.506660,30924.698,0.00023,Torr
2026-02-09T04:30:35.537034,30929.728,0.00024,Torr
2026-02-09T04:30:42.646451,30936.838,0.00024,Torr
2026-02-09T04:30:47.676888,30941.868,0.00024,Torr
2026-02-09T04:30:54.786243,30948.977,0.00024,Torr
2026-02-09T04:30:59.816676,30954.008,0.00024,Torr
2026-02-09T04:31:06.926082,30961.117,0.00024,Torr
2026-02-09T04:31:11.956468,30966.148,0.00025,Torr
2026-02-09T04:31:19.065910,30973.257,0.000245,Torr
2026-02-09T04:31:24.096269,30978.287,0.00025,Torr
2026-02-09T04:31:31.205674,30985.397,0.00025,Torr
2026-02-09T04:31:36.236084,30990.427,0.00025,Torr
2026-02-09T04:31:43.345521,30997.537,0.000255,Torr
2026-02-09T04:31:48.375881,31002.567,0.00026,Torr
2026-02-09T04:31:55.485423,31009.677,0.00026,Torr
2026-02-09T04:32:00.515794,31014.707,0.00026,Torr
2026-02-09T04:32:07.625201,31021.816,0.00026,Torr
2026-02-09T04:32:12.655489,31026.847,0.00026,Torr
2026-02-09T04:32:19.764899,31033.956,0.000265,Torr
2026-02-09T04:32:24.795302,31038.986,0.00027,Torr
2026-02-09T04:32:31.904671,31046.096,0.00027,Torr
2026-02-09T04:32:36.935155,31051.126,0.00027,Torr
2026-02-09T04:32:44.044540,31058.236,0.00027,Torr
2026-02-09T04:32:49.074907,31063.266,0.00027,Torr
2026-02-09T04:32:56.184351,31070.375,0.00028,Torr
2026-02-09T04:33:01.214756,31075.406,0.00028,Torr
2026-02-09T04:33:08.324162,31082.515,0.00028,Torr
2026-02-09T04:33:13.354528,31087.546,0.00028,Torr
2026-02-09T04:33:20.463934,31094.655,0.000285,Torr
2026-02-09T04:33:25.494438,31099.686,0.00029,Torr
2026-02-09T04:33:32.603741,31106.795,0.00029,Torr
2026-02-09T04:33:37.634145,31111.825,0.00029,Torr
2026-02-09T04:33:44.743551,31118.935,0.0003,Torr
2026-02-09T04:33:49.774027,31123.965,0.0003,Torr
2026-02-09T04:33:56.883375,31131.075,0.0003,Torr
2026-02-09T04:34:01.913750,31136.105,0.00031,Torr
2026-02-09T04:34:09.023149,31143.214,0.000305,Torr
2026-02-09T04:34:14.053619,31148.245,0.00031,Torr
2026-02-09T04:34:21.163047,31155.354,0.0001645,Torr
2026-02-09T04:34:26.193360,31160.384,1.1e-05,Torr
2026-02-09T04:34:33.302823,31167.494,8.400000000000001e-06,Torr
2026-02-09T04:34:38.333186,31172.524,7.3e-06,Torr
2026-02-09T04:34:45.442569,31179.634,6.75e-06,Torr
2026-02-09T04:34:50.472980,31184.664,6.3e-06,Torr
2026-02-09T04:34:57.582413,31191.774,5.9e-06,Torr
2026-02-09T04:35:02.612793,31196.804,5.6e-06,Torr
2026-02-09T04:35:09.722172,31203.913,5.4e-06,Torr
2026-02-09T04:35:14.752630,31208.944,5.2e-06,Torr
2026-02-09T04:35:21.861968,31216.053,4.9999999999999996e-06,Torr
2026-02-09T04:35:26.892394,31221.084,4.9e-06,Torr
2026-02-09T04:35:34.001826,31228.193,4.8e-06,Torr
2026-02-09T04:35:39.032280,31233.223,4.7e-06,Torr
2026-02-09T04:35:46.141630,31240.333,4.6499999999999995e-06,Torr
2026-02-09T04:35:51.171993,31245.363,4.5e-06,Torr
2026-02-09T04:35:58.281436,31252.473,4.45e-06,Torr
2026-02-09T04:36:03.311861,31257.503,4.4e-06,Torr
2026-02-09T04:36:10.421204,31264.612,4.4e-06,Torr
2026-02-09T04:36:15.451633,31269.643,4.3e-06,Torr
2026-02-09T04:36:22.561002,31276.752,4.3e-06,Torr
2026-02-09T04:36:27.591426,31281.783,4.2e-06,Torr
2026-02-09T04:36:34.700814,31288.892,4.2e-06,Torr
2026-02-09T04:36:39.731280,31293.922,4.2e-06,Torr
2026-02-09T04:36:46.840615,31301.032,4.2e-06,Torr
2026-02-09T04:36:51.871206,31306.062,4.2e-06,Torr
2026-02-09T04:36:58.980466,31313.172,4.2e-06,Torr
2026-02-09T04:37:04.010843,31318.202,4.2e-06,Torr
2026-02-09T04:37:11.120295,31325.311,4.149999999999999e-06,Torr
2026-02-09T04:37:16.150769,31330.342,4.1e-06,Torr
2026-02-09T04:37:23.260076,31337.451,4.1e-06,Torr
2026-02-09T04:37:28.290460,31342.482,4.1e-06,Torr
2026-02-09T04:37:35.399856,31349.591,4.1e-06,Torr
2026-02-09T04:37:40.430263,31354.621,4.1e-06,Torr
2026-02-09T04:37:47.539667,31361.731,4.1e-06,Torr
2026-02-09T04:37:52.570068,31366.761,4.1e-06,Torr
2026-02-09T04:37:59.679584,31373.871,4.05e-06,Torr
2026-02-09T04:38:04.709878,31378.901,4.1e-06,Torr
2026-02-09T04:38:11.819330,31386.010,4.1e-06,Torr
2026-02-09T04:38:16.849680,31391.041,4.1e-06,Torr
2026-02-09T04:38:23.959065,31398.150,4.1e-06,Torr
2026-02-09T04:38:28.989635,31403.181,4.1e-06,Torr
2026-02-09T04:38:36.098896,31410.290,4.1e-06,Torr
2026-02-09T04:38:41.129311,31415.320,4.1e-06,Torr
2026-02-09T04:38:48.238744,31422.430,4.1e-06,Torr
2026-02-09T04:38:53.269099,31427.460,4.1e-06,Torr
2026-02-09T04:39:00.378515,31434.570,4.1e-06,Torr
2026-02-09T04:39:05.408913,31439.600,4.1e-06,Torr
2026-02-09T04:39:12.518330,31446.709,4.6499999999999995e-06,Torr
2026-02-09T04:39:17.548742,31451.740,4.4e-06,Torr
2026-02-09T04:39:24.658223,31458.849,4.3e-06,Torr
2026-02-09T04:39:29.688564,31463.880,4.2e-06,Torr
2026-02-09T04:39:36.797922,31470.989,4.2e-06,Torr
2026-02-09T04:39:41.828341,31476.019,4.2e-06,Torr
2026-02-09T04:39:48.937772,31483.129,4.2e-06,Torr
2026-02-09T04:39:53.968169,31488.159,4.2e-06,Torr
2026-02-09T04:40:01.077526,31495.269,4.2e-06,Torr
2026-02-09T04:40:06.107977,31500.299,4.2e-06,Torr
2026-02-09T04:40:13.217396,31507.409,4.2e-06,Torr
2026-02-09T04:40:18.247771,31512.439,4.2e-06,Torr
2026-02-09T04:40:25.357160,31519.548,4.2e-06,Torr
2026-02-09T04:40:30.387577,31524.579,4.2e-06,Torr
2026-02-09T04:40:37.496968,31531.688,4.2e-06,Torr
2026-02-09T04:40:42.527351,31536.718,4.2e-06,Torr
2026-02-09T04:40:49.636799,31543.828,4.25e-06,Torr
2026-02-09T04:40:54.667183,31548.858,4.3e-06,Torr
2026-02-09T04:41:01.776549,31555.968,4.3e-06,Torr
2026-02-09T04:41:06.806967,31560.998,4.3e-06,Torr
2026-02-09T04:41:13.916435,31568.108,4.3e-06,Torr
2026-02-09T04:41:18.946855,31573.138,4.3e-06,Torr
2026-02-09T04:41:26.056217,31580.247,4.25e-06,Torr
2026-02-09T04:41:31.086599,31585.278,4.3e-06,Torr
2026-02-09T04:41:38.196031,31592.387,4.3e-06,Torr
2026-02-09T04:41:43.226453,31597.418,4.4e-06,Torr
2026-02-09T04:41:50.335834,31604.527,4.4e-06,Torr
2026-02-09T04:41:55.366192,31609.557,4.4e-06,Torr
2026-02-09T04:42:02.475671,31616.667,4.350000000000001e-06,Torr
2026-02-09T04:42:07.506041,31621.697,4.4e-06,Torr
2026-02-09T04:42:14.615448,31628.807,4.350000000000001e-06,Torr
2026-02-09T04:42:19.645796,31633.837,4.4e-06,Torr
2026-02-09T04:42:26.755243,31640.946,4.4e-06,Torr
2026-02-09T04:42:31.785703,31645.977,4.4e-06,Torr
2026-02-09T04:42:38.895048,31653.086,4.4e-06,Torr
2026-02-09T04:42:43.925437,31658.117,4.4e-06,Torr
2026-02-09T04:42:51.035031,31665.226,4.4e-06,Torr
2026-02-09T04:42:56.065217,31670.256,4.4e-06,Torr
2026-02-09T04:43:03.174762,31677.366,4.4e-06,Torr
2026-02-09T04:43:08.205029,31682.396,4.4e-06,Torr
2026-02-09T04:43:15.314467,31689.506,4.45e-06,Torr
2026-02-09T04:43:20.344830,31694.536,4.5e-06,Torr
2026-02-09T04:43:27.454254,31701.645,4.45e-06,Torr
2026-02-09T04:43:32.484631,31706.676,4.4e-06,Torr
2026-02-09T04:43:39.594095,31713.785,4.5e-06,Torr
2026-02-09T04:43:44.624452,31718.816,4.5e-06,Torr
2026-02-09T04:43:51.733815,31725.925,4.45e-06,Torr
2026-02-09T04:43:56.764286,31730.955,4.5e-06,Torr
2026-02-09T04:44:03.873647,31738.065,4.5e-06,Torr
2026-02-09T04:44:08.904106,31743.095,4.5e-06,Torr
2026-02-09T04:44:16.013478,31750.205,4.5e-06,Torr
2026-02-09T04:44:21.043867,31755.235,4.5e-06,Torr
2026-02-09T04:44:28.153218,31762.344,4.5e-06,Torr
2026-02-09T04:44:33.183653,31767.375,4.5e-06,Torr
2026-02-09T04:44:40.293092,31774.484,4.5e-06,Torr
2026-02-09T04:44:45.323538,31779.515,4.5e-06,Torr
2026-02-09T04:44:52.432876,31786.624,4.5e-06,Torr
2026-02-09T04:44:57.463294,31791.654,4.5e-06,Torr
2026-02-09T04:45:04.572675,31798.764,4.5e-06,Torr
2026-02-09T04:45:09.603084,31803.794,4.5e-06,Torr
2026-02-09T04:45:16.712481,31810.904,4.5e-06,Torr
2026-02-09T04:45:21.742978,31815.934,4.5e-06,Torr
2026-02-09T04:45:28.852341,31823.043,4.5e-06,Torr
2026-02-09T04:45:33.882748,31828.074,4.5e-06,Torr
2026-02-09T04:45:40.992158,31835.183,4.5e-06,Torr
2026-02-09T04:45:46.022511,31840.214,4.5e-06,Torr
2026-02-09T04:45:53.131942,31847.323,4.5e-06,Torr
2026-02-09T04:45:58.162309,31852.353,4.5e-06,Torr
2026-02-09T04:46:05.271693,31859.463,4.5e-06,Torr
2026-02-09T04:46:10.302125,31864.493,4.5e-06,Torr
2026-02-09T04:46:17.411504,31871.603,4.5e-06,Torr
2026-02-09T04:46:22.441923,31876.633,4.7e-06,Torr
2026-02-09T04:46:29.551373,31883.743,4.5500000000000005e-06,Torr
2026-02-09T04:46:34.581930,31888.773,4.6e-06,Torr
2026-02-09T04:46:41.691187,31895.882,4.6e-06,Torr
2026-02-09T04:46:46.721574,31900.913,4.6e-06,Torr
2026-02-09T04:46:53.830978,31908.022,4.6499999999999995e-06,Torr
2026-02-09T04:46:58.861354,31913.052,4.6e-06,Torr
2026-02-09T04:47:05.970731,31920.162,4.6e-06,Torr
2026-02-09T04:47:11.001166,31925.192,4.7e-06,Torr
2026-02-09T04:47:18.112552,31932.304,4.5500000000000005e-06,Torr
2026-02-09T04:47:23.140991,31937.332,4.6e-06,Torr
2026-02-09T04:47:30.328543,31944.520,4.6e-06,Torr
2026-02-09T04:47:35.359030,31949.550,4.6e-06,Torr
2026-02-09T04:47:42.468270,31956.659,4.6499999999999995e-06,Torr
2026-02-09T04:47:47.498685,31961.690,4.7e-06,Torr
2026-02-09T04:47:54.608139,31968.799,4.7e-06,Torr
2026-02-09T04:47:59.638546,31973.830,4.7e-06,Torr
2026-02-09T04:48:06.747922,31980.939,4.7e-06,Torr
2026-02-09T04:48:11.778384,31985.970,4.7e-06,Torr
2026-02-09T04:48:18.887688,31993.079,4.7e-06,Torr
2026-02-09T04:48:23.918114,31998.109,4.7e-06,Torr
2026-02-09T04:48:31.027476,32005.219,4.6499999999999995e-06,Torr
2026-02-09T04:48:36.057912,32010.249,4.7e-06,Torr
2026-02-09T04:48:43.167422,32017.359,4.7e-06,Torr
2026-02-09T04:48:48.197716,32022.389,4.6e-06,Torr
2026-02-09T04:48:55.307172,32029.498,4.6e-06,Torr
2026-02-09T04:49:00.337572,32034.529,4.7e-06,Torr
2026-02-09T04:49:07.446916,32041.638,4.6499999999999995e-06,Torr
2026-02-09T04:49:12.477392,32046.669,4.7e-06,Torr
2026-02-09T04:49:19.586775,32053.778,4.7e-06,Torr
2026-02-09T04:49:24.617135,32058.808,4.7e-06,Torr
2026-02-09T04:49:31.726568,32065.918,4.6499999999999995e-06,Torr
2026-02-09T04:49:36.756980,32070.948,4.7e-06,Torr
2026-02-09T04:49:43.866365,32078.058,4.7e-06,Torr
2026-02-09T04:49:48.896792,32083.088,4.7e-06,Torr
2026-02-09T04:49:56.006155,32090.197,4.6499999999999995e-06,Torr
2026-02-09T04:50:01.036559,32095.228,4.7e-06,Torr
2026-02-09T04:50:08.145996,32102.337,4.7e-06,Torr
2026-02-09T04:50:13.176344,32107.367,4.7e-06,Torr
2026-02-09T04:50:20.285819,32114.477,4.7e-06,Torr
2026-02-09T04:50:25.316169,32119.507,4.7e-06,Torr
2026-02-09T04:50:32.425608,32126.617,4.7e-06,Torr
2026-02-09T04:50:37.455972,32131.647,4.7e-06,Torr
2026-02-09T04:50:44.565379,32138.757,4.7e-06,Torr
2026-02-09T04:50:49.595783,32143.787,4.7e-06,Torr
2026-02-09T04:50:56.705301,32150.896,4.7e-06,Torr
2026-02-09T04:51:01.735581,32155.927,4.7e-06,Torr
2026-02-09T04:51:08.845023,32163.036,4.7e-06,Torr
2026-02-09T04:51:13.875386,32168.067,4.7e-06,Torr
2026-02-09T04:51:20.984769,32175.176,4.7e-06,Torr
2026-02-09T04:51:26.015253,32180.206,4.7e-06,Torr
2026-02-09T04:51:33.124634,32187.316,4.7e-06,Torr
2026-02-09T04:51:38.155000,32192.346,4.7e-06,Torr
2026-02-09T04:51:45.264428,32199.456,4.7e-06,Torr
2026-02-09T04:51:50.294874,32204.486,4.7e-06,Torr
2026-02-09T04:51:57.404200,32211.595,4.7e-06,Torr
2026-02-09T04:52:02.434616,32216.626,4.7e-06,Torr
2026-02-09T04:52:09.544006,32223.735,4.7e-06,Torr
2026-02-09T04:52:14.574419,32228.766,4.7e-06,Torr
2026-02-09T04:52:21.683841,32235.875,4.7e-06,Torr
2026-02-09T04:52:26.714225,32240.905,4.7e-06,Torr
2026-02-09T04:52:33.823706,32248.015,4.7e-06,Torr
2026-02-09T04:52:38.854219,32253.045,4.7e-06,Torr
2026-02-09T04:52:45.963502,32260.155,4.75e-06,Torr
2026-02-09T04:52:50.993838,32265.185,4.7e-06,Torr
2026-02-09T04:52:58.103244,32272.294,4.7e-06,Torr
2026-02-09T04:53:03.133670,32277.325,4.7e-06,Torr
2026-02-09T04:53:10.243047,32284.434,4.8e-06,Torr
2026-02-09T04:53:15.273514,32289.465,4.7e-06,Torr
2026-02-09T04:53:22.382890,32296.574,4.75e-06,Torr
2026-02-09T04:53:27.413536,32301.605,4.8e-06,Torr
2026-02-09T04:53:34.522702,32308.714,4.7e-06,Torr
2026-02-09T04:53:39.553066,32313.744,4.8e-06,Torr
2026-02-09T04:53:46.662489,32320.854,4.75e-06,Torr
2026-02-09T04:53:51.692866,32325.884,4.8e-06,Torr
2026-02-09T04:53:58.802335,32332.993,4.75e-06,Torr
2026-02-09T04:54:03.832701,32338.024,4.8e-06,Torr
2026-02-09T04:54:10.942147,32345.133,4.75e-06,Torr
2026-02-09T04:54:15.972480,32350.164,4.7e-06,Torr
2026-02-09T04:54:23.081881,32357.273,4.7e-06,Torr
2026-02-09T04:54:28.112430,32362.304,4.7e-06,Torr
2026-02-09T04:54:35.221779,32369.413,4.8e-06,Torr
2026-02-09T04:54:40.252125,32374.443,4.8e-06,Torr
2026-02-09T04:54:47.361501,32381.553,4.849999999999999e-06,Torr
2026-02-09T04:54:52.391902,32386.583,4.9e-06,Torr
2026-02-09T04:54:59.501342,32393.692,4.9e-06,Torr
2026-02-09T04:55:04.531721,32398.723,4.8e-06,Torr
2026-02-09T04:55:11.641140,32405.832,4.849999999999999e-06,Torr
2026-02-09T04:55:16.671512,32410.863,4.8e-06,Torr
2026-02-09T04:55:24.781705,32418.973,4.8e-06,Torr
2026-02-09T04:55:29.812258,32424.003,4.9e-06,Torr
2026-02-09T04:55:36.921815,32431.113,4.8e-06,Torr
2026-02-09T04:55:41.952063,32436.143,4.9e-06,Torr
2026-02-09T04:55:49.061493,32443.253,4.849999999999999e-06,Torr
2026-02-09T04:55:54.091831,32448.283,4.7e-06,Torr
2026-02-09T04:56:01.201270,32455.392,4.8e-06,Torr
2026-02-09T04:56:06.231808,32460.423,4.8e-06,Torr
2026-02-09T04:56:13.341079,32467.532,4.849999999999999e-06,Torr
2026-02-09T04:56:18.371490,32472.563,4.8e-06,Torr
2026-02-09T04:56:25.480810,32479.672,4.8e-06,Torr
2026-02-09T04:56:30.511383,32484.703,4.8e-06,Torr
2026-02-09T04:56:37.620665,32491.812,4.849999999999999e-06,Torr
2026-02-09T04:56:42.651095,32496.842,4.9e-06,Torr
2026-02-09T04:56:49.760441,32503.952,4.9e-06,Torr
2026-02-09T04:56:54.790945,32508.982,4.8e-06,Torr
2026-02-09T04:57:01.900264,32516.091,4.849999999999999e-06,Torr
2026-02-09T04:57:06.930702,32521.122,4.8e-06,Torr
2026-02-09T04:57:14.040091,32528.231,4.9e-06,Torr
2026-02-09T04:57:19.070520,32533.262,4.8e-06,Torr
2026-02-09T04:57:26.179994,32540.371,4.849999999999999e-06,Torr
2026-02-09T04:57:31.210413,32545.402,4.8e-06,Torr
2026-02-09T04:57:38.319747,32552.511,4.9e-06,Torr
2026-02-09T04:57:43.350083,32557.541,4.8e-06,Torr
2026-02-09T04:57:50.459477,32564.651,4.9e-06,Torr
2026-02-09T04:57:55.489890,32569.681,4.7e-06,Torr
2026-02-09T04:58:02.599305,32576.790,4.849999999999999e-06,Torr
2026-02-09T04:58:07.629802,32581.821,4.9e-06,Torr
2026-02-09T04:58:14.739122,32588.930,4.9e-06,Torr
2026-02-09T04:58:19.769510,32593.961,4.8e-06,Torr
2026-02-09T04:58:26.878943,32601.070,4.9e-06,Torr
2026-02-09T04:58:31.909313,32606.100,4.8e-06,Torr
2026-02-09T04:58:39.018735,32613.210,4.849999999999999e-06,Torr
2026-02-09T04:58:44.049121,32618.240,4.9e-06,Torr
2026-02-09T04:58:51.158535,32625.350,4.9e-06,Torr
2026-02-09T04:58:56.189147,32630.380,4.9e-06,Torr
2026-02-09T04:59:03.298368,32637.490,4.9e-06,Torr
2026-02-09T04:59:08.328722,32642.520,4.9e-06,Torr
2026-02-09T04:59:15.438130,32649.629,4.9e-06,Torr
2026-02-09T04:59:20.468527,32654.660,4.8e-06,Torr
2026-02-09T04:59:27.577940,32661.769,4.9e-06,Torr
2026-02-09T04:59:32.608337,32666.799,4.9e-06,Torr
2026-02-09T04:59:39.717765,32673.909,4.9e-06,Torr
2026-02-09T04:59:44.748467,32678.940,4.9e-06,Torr
2026-02-09T04:59:51.857603,32686.049,4.9e-06,Torr
2026-02-09T04:59:56.887959,32691.079,4.9e-06,Torr
2026-02-09T05:00:03.997362,32698.189,4.9e-06,Torr
2026-02-09T05:00:09.027756,32703.219,4.9e-06,Torr
2026-02-09T05:00:16.137209,32710.328,4.9e-06,Torr
2026-02-09T05:00:21.167610,32715.359,4.9e-06,Torr
2026-02-09T05:00:28.276949,32722.468,4.9e-06,Torr
2026-02-09T05:00:33.307560,32727.499,4.9e-06,Torr
2026-02-09T05:00:40.416823,32734.608,4.9e-06,Torr
2026-02-09T05:00:45.447183,32739.638,4.9e-06,Torr
2026-02-09T05:00:52.556589,32746.748,4.9e-06,Torr
2026-02-09T05:00:57.586984,32751.778,4.9e-06,Torr
2026-02-09T05:01:04.696421,32758.888,4.9e-06,Torr
2026-02-09T05:01:09.726826,32763.918,4.9e-06,Torr
2026-02-09T05:01:16.836243,32771.027,4.9e-06,Torr
2026-02-09T05:01:21.866862,32776.058,4.9e-06,Torr
2026-02-09T05:01:28.976025,32783.167,4.9e-06,Torr
2026-02-09T05:01:34.006399,32788.198,4.9e-06,Torr
2026-02-09T05:01:41.115798,32795.307,4.9e-06,Torr
2026-02-09T05:01:46.146213,32800.337,4.9e-06,Torr
2026-02-09T05:01:53.255669,32807.447,4.9e-06,Torr
2026-02-09T05:01:58.286083,32812.477,4.9e-06,Torr
2026-02-09T05:02:05.395485,32819.587,4.95e-06,Torr
2026-02-09T05:02:10.425852,32824.617,4.9e-06,Torr
2026-02-09T05:02:17.535227,32831.726,4.95e-06,Torr
2026-02-09T05:02:22.565669,32836.757,4.9e-06,Torr
2026-02-09T05:02:29.675215,32843.866,4.95e-06,Torr
2026-02-09T05:02:34.705415,32848.897,4.9e-06,Torr
2026-02-09T05:02:41.814870,32856.006,5e-06,Torr
2026-02-09T05:02:46.845241,32861.036,5e-06,Torr
2026-02-09T05:02:53.954602,32868.146,5e-06,Torr
2026-02-09T05:02:58.985046,32873.176,5e-06,Torr
2026-02-09T05:03:06.094455,32880.286,4.9999999999999996e-06,Torr
2026-02-09T05:03:11.124833,32885.316,5e-06,Torr
2026-02-09T05:03:18.234395,32892.426,4.95e-06,Torr
2026-02-09T05:03:23.264645,32897.456,4.9e-06,Torr
2026-02-09T05:03:30.374069,32904.565,5e-06,Torr
2026-02-09T05:03:35.404544,32909.596,5e-06,Torr
2026-02-09T05:03:42.513866,32916.705,4.9999999999999996e-06,Torr
2026-02-09T05:03:47.544294,32921.735,5.1e-06,Torr
2026-02-09T05:03:54.653679,32928.845,4.9e-06,Torr
2026-02-09T05:03:59.684081,32933.875,5e-06,Torr
2026-02-09T05:04:06.793525,32940.985,5.050000000000001e-06,Torr
2026-02-09T05:04:11.823895,32946.015,5e-06,Torr
2026-02-09T05:04:18.933351,32953.124,5e-06,Torr
2026-02-09T05:04:23.963784,32958.155,5.1e-06,Torr
2026-02-09T05:04:31.073083,32965.264,5e-06,Torr
2026-02-09T05:04:36.103495,32970.295,5e-06,Torr
2026-02-09T05:04:43.212878,32977.404,5.050000000000001e-06,Torr
2026-02-09T05:04:48.243302,32982.434,5.1e-06,Torr
2026-02-09T05:04:55.352697,32989.544,5.050000000000001e-06,Torr
2026-02-09T05:05:00.383137,32994.574,5e-06,Torr
2026-02-09T05:05:07.492538,33001.684,5e-06,Torr
2026-02-09T05:05:12.523011,33006.714,5.1e-06,Torr
2026-02-09T05:05:19.632294,33013.823,5.050000000000001e-06,Torr
2026-02-09T05:05:24.662717,33018.854,5.1e-06,Torr
2026-02-09T05:05:31.772086,33025.963,5.1e-06,Torr
2026-02-09T05:05:36.802521,33030.994,5e-06,Torr
2026-02-09T05:05:43.911993,33038.103,5.050000000000001e-06,Torr
2026-02-09T05:05:48.942384,33043.134,5.1e-06,Torr
2026-02-09T05:05:56.051698,33050.243,5.050000000000001e-06,Torr
2026-02-09T05:06:01.082128,33055.273,5.1e-06,Torr
2026-02-09T05:06:08.191546,33062.383,5.050000000000001e-06,Torr
2026-02-09T05:06:13.221942,33067.413,5.1e-06,Torr
2026-02-09T05:06:20.331299,33074.522,5.1e-06,Torr
2026-02-09T05:06:25.362010,33079.553,5.1e-06,Torr
2026-02-09T05:06:32.471199,33086.662,5.1e-06,Torr
2026-02-09T05:06:37.501569,33091.693,5.1e-06,Torr
2026-02-09T05:06:44.610951,33098.802,5.1e-06,Torr
2026-02-09T05:06:49.641411,33103.833,5.1e-06,Torr
2026-02-09T05:06:56.750792,33110.942,5.1e-06,Torr
2026-02-09T05:07:01.781167,33115.972,5e-06,Torr
2026-02-09T05:07:08.890736,33123.082,5.1e-06,Torr
2026-02-09T05:07:13.920997,33128.112,5.1e-06,Torr
2026-02-09T05:07:21.030466,33135.222,5.1e-06,Torr
2026-02-09T05:07:26.060943,33140.252,5.1e-06,Torr
2026-02-09T05:07:33.170204,33147.361,5.1e-06,Torr
2026-02-09T05:07:38.200646,33152.392,5.1e-06,Torr
2026-02-09T05:07:45.309993,33159.501,5.15e-06,Torr
2026-02-09T05:07:50.340486,33164.532,5.2e-06,Torr
2026-02-09T05:07:57.449869,33171.641,5.1e-06,Torr
2026-02-09T05:08:02.480362,33176.672,5.1e-06,Torr
2026-02-09T05:08:09.589592,33183.781,5.2e-06,Torr
2026-02-09T05:08:14.620005,33188.811,5.1e-06,Torr
2026-02-09T05:08:21.729416,33195.921,5.1e-06,Torr
2026-02-09T05:08:26.759868,33200.951,5.1e-06,Torr
2026-02-09T05:08:33.869200,33208.060,5.15e-06,Torr
2026-02-09T05:08:38.899654,33213.091,5.1e-06,Torr
2026-02-09T05:08:46.009053,33220.200,5.2500000000000006e-06,Torr
2026-02-09T05:08:51.039425,33225.231,5.2e-06,Torr
2026-02-09T05:08:58.148864,33232.340,5.2500000000000006e-06,Torr
2026-02-09T05:09:03.179224,33237.370,5.3e-06,Torr
2026-02-09T05:09:10.288648,33244.480,5.15e-06,Torr
2026-02-09T05:09:15.319079,33249.510,5.1e-06,Torr
2026-02-09T05:09:22.428490,33256.620,5.2e-06,Torr
2026-02-09T05:09:27.458839,33261.650,5.2e-06,Torr
2026-02-09T05:09:34.568294,33268.759,5.2e-06,Torr
2026-02-09T05:09:39.598743,33273.790,5.2e-06,Torr
2026-02-09T05:09:46.708067,33280.899,5.2e-06,Torr
2026-02-09T05:09:51.738578,33285.930,5.3e-06,Torr
2026-02-09T05:09:58.847887,33293.039,5.2500000000000006e-06,Torr
2026-02-09T05:10:03.878259,33298.069,5.3e-06,Torr
2026-02-09T05:10:10.987666,33305.179,5.2500000000000006e-06,Torr
2026-02-09T05:10:16.018105,33310.209,5.2e-06,Torr
2026-02-09T05:10:23.127516,33317.319,5.2500000000000006e-06,Torr
2026-02-09T05:10:28.157869,33322.349,5.3e-06,Torr
2026-02-09T05:10:35.267309,33329.458,5.2e-06,Torr
2026-02-09T05:10:40.297790,33334.489,5.2e-06,Torr
2026-02-09T05:10:47.407073,33341.598,5.3e-06,Torr
2026-02-09T05:10:52.437487,33346.629,5.3e-06,Torr
2026-02-09T05:10:59.547024,33353.738,5.3e-06,Torr
2026-02-09T05:11:04.577294,33358.768,5.3e-06,Torr
2026-02-09T05:11:11.686712,33365.878,5.3e-06,Torr
2026-02-09T05:11:16.717104,33370.908,5.3e-06,Torr
2026-02-09T05:11:23.826568,33378.018,5.3e-06,Torr
2026-02-09T05:11:28.857125,33383.048,5.3e-06,Torr
2026-02-09T05:11:35.966347,33390.157,5.4e-06,Torr
2026-02-09T05:11:40.996700,33395.188,5.4e-06,Torr
2026-02-09T05:11:48.106110,33402.297,5.3e-06,Torr
2026-02-09T05:11:53.136585,33407.328,5.4e-06,Torr
2026-02-09T05:12:00.245962,33414.437,5.4e-06,Torr
2026-02-09T05:12:05.276317,33419.467,5.3e-06,Torr
2026-02-09T05:12:12.385741,33426.577,5.4e-06,Torr
2026-02-09T05:12:17.416411,33431.608,5.4e-06,Torr
2026-02-09T05:12:24.525546,33438.717,5.35e-06,Torr
2026-02-09T05:12:29.555968,33443.747,5.4e-06,Torr
2026-02-09T05:12:36.665392,33450.857,5.4e-06,Torr
2026-02-09T05:12:41.695737,33455.887,5.4e-06,Torr
2026-02-09T05:12:48.805200,33462.996,5.35e-06,Torr
2026-02-09T05:12:53.835541,33468.027,5.4e-06,Torr
2026-02-09T05:13:00.944980,33475.136,5.4e-06,Torr
2026-02-09T05:13:05.975532,33480.167,5.4e-06,Torr
2026-02-09T05:13:13.084758,33487.276,5.45e-06,Torr
2026-02-09T05:13:18.115153,33492.306,5.5e-06,Torr
2026-02-09T05:13:25.224563,33499.416,5.4e-06,Torr
2026-02-09T05:13:30.255310,33504.446,5.4e-06,Torr
2026-02-09T05:13:37.364427,33511.556,5.4e-06,Torr
2026-02-09T05:13:42.394768,33516.586,5.4e-06,Torr
2026-02-09T05:13:49.504216,33523.695,5.45e-06,Torr
2026-02-09T05:13:54.534573,33528.726,5.4e-06,Torr
2026-02-09T05:14:01.644052,33535.835,5.4e-06,Torr
2026-02-09T05:14:06.674491,33540.866,5.4e-06,Torr
2026-02-09T05:14:13.783844,33547.975,5.45e-06,Torr
2026-02-09T05:14:18.814182,33553.005,5.5e-06,Torr
2026-02-09T05:14:25.923649,33560.115,5.45e-06,Torr
2026-02-09T05:14:30.953994,33565.145,5.4e-06,Torr
2026-02-09T05:14:38.063522,33572.255,5.45e-06,Torr
2026-02-09T05:14:43.093822,33577.285,5.5e-06,Torr
2026-02-09T05:14:50.203245,33584.394,5.45e-06,Torr
2026-02-09T05:14:55.233713,33589.425,5.5e-06,Torr
2026-02-09T05:15:02.343074,33596.534,5.5e-06,Torr
2026-02-09T05:15:07.373575,33601.565,5.6e-06,Torr
2026-02-09T05:15:14.482833,33608.674,5.6e-06,Torr
2026-02-09T05:15:19.513269,33613.704,5.5e-06,Torr
2026-02-09T05:15:26.622669,33620.814,5.5e-06,Torr
2026-02-09T05:15:31.652997,33625.844,5.5e-06,Torr
2026-02-09T05:15:38.762456,33632.954,5.5e-06,Torr
2026-02-09T05:15:43.792831,33637.984,5.6e-06,Torr
2026-02-09T05:15:50.902174,33645.093,5.5e-06,Torr
2026-02-09T05:15:55.932637,33650.124,5.6e-06,Torr
2026-02-09T05:16:03.042042,33657.233,5.5e-06,Torr
2026-02-09T05:16:08.072437,33662.264,5.5e-06,Torr
2026-02-09T05:16:15.181828,33669.373,5.6e-06,Torr
2026-02-09T05:16:20.212246,33674.403,5.6e-06,Torr
2026-02-09T05:16:27.321656,33681.513,5.549999999999999e-06,Torr
2026-02-09T05:16:32.352096,33686.543,5.6e-06,Torr
2026-02-09T05:16:39.461510,33693.653,5.65e-06,Torr
2026-02-09T05:16:44.491967,33698.683,5.5e-06,Torr
2026-02-09T05:16:51.601334,33705.792,5.7e-06,Torr
2026-02-09T05:16:56.631708,33710.823,6.2e-06,Torr
2026-02-09T05:17:03.741097,33717.932,5.950000000000001e-06,Torr
2026-02-09T05:17:08.771466,33722.963,5.9e-06,Torr
2026-02-09T05:17:15.880891,33730.072,5.7e-06,Torr
2026-02-09T05:17:20.911265,33735.102,5.7e-06,Torr
2026-02-09T05:17:28.020669,33742.212,5.7e-06,Torr
2026-02-09T05:17:33.051064,33747.242,5.7e-06,Torr
2026-02-09T05:17:40.160519,33754.352,5.65e-06,Torr
2026-02-09T05:17:45.190915,33759.382,5.7e-06,Torr
2026-02-09T05:17:52.300309,33766.491,5.7e-06,Torr
2026-02-09T05:17:57.330708,33771.522,5.7e-06,Torr
2026-02-09T05:18:04.440099,33778.631,5.7e-06,Torr
2026-02-09T05:18:09.470509,33783.662,5.7e-06,Torr
2026-02-09T05:18:16.579929,33790.771,5.65e-06,Torr
2026-02-09T05:18:21.610376,33795.802,5.7e-06,Torr
2026-02-09T05:18:28.719751,33802.911,5.7e-06,Torr
2026-02-09T05:18:33.750130,33807.941,5.6e-06,Torr
2026-02-09T05:18:40.859556,33815.051,5.7e-06,Torr
2026-02-09T05:18:45.890127,33820.081,5.7e-06,Torr
2026-02-09T05:18:52.999365,33827.191,5.7e-06,Torr
2026-02-09T05:18:58.029782,33832.221,5.7e-06,Torr
2026-02-09T05:19:05.139135,33839.330,5.75e-06,Torr
2026-02-09T05:19:10.169530,33844.361,5.8e-06,Torr
2026-02-09T05:19:17.278936,33851.470,5.85e-06,Torr
2026-02-09T05:19:22.309387,33856.501,5.8e-06,Torr
2026-02-09T05:19:29.418759,33863.610,5.8e-06,Torr
2026-02-09T05:19:34.449142,33868.640,5.8e-06,Torr
2026-02-09T05:19:41.558586,33875.750,5.85e-06,Torr
2026-02-09T05:19:46.589002,33880.780,5.8e-06,Torr
2026-02-09T05:19:53.698381,33887.890,5.85e-06,Torr
2026-02-09T05:19:58.728793,33892.920,5.8e-06,Torr
2026-02-09T05:20:05.838211,33900.029,5.9e-06,Torr
2026-02-09T05:20:10.868587,33905.060,5.9e-06,Torr
2026-02-09T05:20:17.977997,33912.169,5.85e-06,Torr
2026-02-09T05:20:23.008402,33917.200,5.9e-06,Torr
2026-02-09T05:20:30.102755,33924.294,5.85e-06,Torr
2026-02-09T05:20:35.133228,33929.324,5.9e-06,Torr
2026-02-09T05:20:42.242604,33936.434,5.9e-06,Torr
2026-02-09T05:20:47.272957,33941.464,5.9e-06,Torr
2026-02-09T05:20:54.382413,33948.574,5.9e-06,Torr
2026-02-09T05:20:59.412780,33953.604,5.9e-06,Torr
2026-02-09T05:21:06.522178,33960.713,5.9e-06,Torr
2026-02-09T05:21:11.552618,33965.744,5.9e-06,Torr
2026-02-09T05:21:18.662019,33972.853,5.9e-06,Torr
2026-02-09T05:21:23.692377,33977.884,5.9e-06,Torr
2026-02-09T05:21:30.801840,33984.993,5.950000000000001e-06,Torr
2026-02-09T05:21:35.832226,33990.023,5.9e-06,Torr
2026-02-09T05:21:42.941654,33997.133,6e-06,Torr
2026-02-09T05:21:47.972227,34002.163,6e-06,Torr
2026-02-09T05:21:55.081440,34009.273,5.950000000000001e-06,Torr
2026-02-09T05:22:00.111974,34014.303,6e-06,Torr
2026-02-09T05:22:07.221220,34021.412,6e-06,Torr
2026-02-09T05:22:12.251602,34026.443,6e-06,Torr
2026-02-09T05:22:19.361050,34033.552,6e-06,Torr
2026-02-09T05:22:24.391412,34038.583,6e-06,Torr
2026-02-09T05:22:31.500849,34045.692,5.950000000000001e-06,Torr
2026-02-09T05:22:36.531218,34050.722,6.1e-06,Torr
2026-02-09T05:22:43.640677,34057.832,6.05e-06,Torr
2026-02-09T05:22:48.671022,34062.862,6e-06,Torr
2026-02-09T05:22:55.780425,34069.972,6e-06,Torr
2026-02-09T05:23:00.810906,34075.002,6.1e-06,Torr
2026-02-09T05:23:07.920243,34082.111,6.15e-06,Torr
2026-02-09T05:23:12.950645,34087.142,6.1e-06,Torr
2026-02-09T05:23:20.060073,34094.251,6.1e-06,Torr
2026-02-09T05:23:25.090474,34099.282,6.1e-06,Torr
2026-02-09T05:23:32.199904,34106.391,6.1e-06,Torr
2026-02-09T05:23:37.230236,34111.421,6.1e-06,Torr
2026-02-09T05:23:44.339658,34118.531,6.05e-06,Torr
2026-02-09T05:23:49.370052,34123.561,6.1e-06,Torr
2026-02-09T05:23:56.479550,34130.671,6.15e-06,Torr
2026-02-09T05:24:01.509857,34135.701,6.1e-06,Torr
2026-02-09T05:24:08.619303,34142.810,6.1e-06,Torr
2026-02-09T05:24:13.649661,34147.841,6.1e-06,Torr
2026-02-09T05:24:20.759131,34154.950,6.1e-06,Torr
2026-02-09T05:24:25.789473,34159.981,6.1e-06,Torr
2026-02-09T05:24:32.898868,34167.090,6.1e-06,Torr
2026-02-09T05:24:37.929281,34172.120,6.1e-06,Torr
2026-02-09T05:24:45.038723,34179.230,6.15e-06,Torr
2026-02-09T05:24:50.069088,34184.260,6.2e-06,Torr
2026-02-09T05:24:57.178601,34191.370,6.2499999999999995e-06,Torr
2026-02-09T05:25:02.208959,34196.400,6.1e-06,Torr
2026-02-09T05:25:09.318362,34203.510,6.3e-06,Torr
2026-02-09T05:25:14.348727,34208.540,6.3e-06,Torr
2026-02-09T05:25:21.458150,34215.649,6.3e-06,Torr
2026-02-09T05:25:26.488644,34220.680,6.3e-06,Torr
2026-02-09T05:25:33.597929,34227.789,6.2499999999999995e-06,Torr
2026-02-09T05:25:38.628418,34232.820,6.3e-06,Torr
2026-02-09T05:25:45.737693,34239.929,6.2499999999999995e-06,Torr
2026-02-09T05:25:50.768114,34244.959,6.3e-06,Torr
2026-02-09T05:25:57.877542,34252.069,6.3e-06,Torr
2026-02-09T05:26:02.908030,34257.099,6.3e-06,Torr
2026-02-09T05:26:10.017335,34264.208,6.3e-06,Torr
2026-02-09T05:26:15.047959,34269.239,6.3e-06,Torr
2026-02-09T05:26:22.157142,34276.348,6.3e-06,Torr
2026-02-09T05:26:27.187528,34281.379,6.4e-06,Torr
2026-02-09T05:26:34.296938,34288.488,6.4e-06,Torr
2026-02-09T05:26:39.327359,34293.518,6.4e-06,Torr
2026-02-09T05:26:46.436851,34300.628,6.5e-06,Torr
2026-02-09T05:26:51.467159,34305.658,6.4e-06,Torr
2026-02-09T05:26:58.576545,34312.768,6.5000000000000004e-06,Torr
2026-02-09T05:27:03.607165,34317.798,6.5e-06,Torr
2026-02-09T05:27:10.716385,34324.908,6.55e-06,Torr
2026-02-09T05:27:15.746754,34329.938,6.4e-06,Torr
2026-02-09T05:27:22.856147,34337.047,6.6e-06,Torr
2026-02-09T05:27:27.886618,34342.078,6.6e-06,Torr
2026-02-09T05:27:34.995974,34349.187,6.55e-06,Torr
2026-02-09T05:27:40.026367,34354.218,6.5e-06,Torr
2026-02-09T05:27:47.135807,34361.327,6.6e-06,Torr
2026-02-09T05:27:52.166178,34366.357,6.6e-06,Torr
2026-02-09T05:27:59.275691,34373.467,6.6e-06,Torr
2026-02-09T05:28:04.306034,34378.497,6.6e-06,Torr
2026-02-09T05:28:11.415385,34385.607,6.6e-06,Torr
2026-02-09T05:28:16.445791,34390.637,6.6e-06,Torr
2026-02-09T05:28:23.555281,34397.746,6.6e-06,Torr
2026-02-09T05:28:28.585598,34402.777,6.6e-06,Torr
2026-02-09T05:28:35.695031,34409.886,6.6e-06,Torr
2026-02-09T05:28:40.725615,34414.917,6.6e-06,Torr
2026-02-09T05:28:47.834811,34422.026,6.75e-06,Torr
2026-02-09T05:28:52.865229,34427.056,6.7e-06,Torr
2026-02-09T05:28:59.974592,34434.166,6.75e-06,Torr
2026-02-09T05:29:05.005042,34439.196,6.7e-06,Torr
2026-02-09T05:29:12.114421,34446.306,6.8e-06,Torr
2026-02-09T05:29:17.144807,34451.336,6.8e-06,Torr
2026-02-09T05:29:24.254259,34458.445,6.75e-06,Torr
2026-02-09T05:29:29.284662,34463.476,6.9e-06,Torr
2026-02-09T05:29:36.394029,34470.585,6.75e-06,Torr
2026-02-09T05:29:41.424502,34475.616,6.8e-06,Torr
2026-02-09T05:29:48.533864,34482.725,6.8e-06,Torr
2026-02-09T05:29:53.564285,34487.755,6.8e-06,Torr
2026-02-09T05:30:00.673715,34494.865,6.8e-06,Torr
2026-02-09T05:30:05.704058,34499.895,6.8e-06,Torr
2026-02-09T05:30:12.813456,34507.005,6.8e-06,Torr
2026-02-09T05:30:17.843850,34512.035,6.8e-06,Torr
2026-02-09T05:30:24.953248,34519.144,6.8e-06,Torr
2026-02-09T05:30:29.983740,34524.175,6.9e-06,Torr
2026-02-09T05:30:37.093031,34531.284,6.8e-06,Torr
2026-02-09T05:30:42.123464,34536.315,6.8e-06,Torr
2026-02-09T05:30:49.232839,34543.424,6.8500000000000005e-06,Torr
2026-02-09T05:30:54.263262,34548.454,6.8e-06,Torr
2026-02-09T05:31:01.372699,34555.564,6.8500000000000005e-06,Torr
2026-02-09T05:31:06.403088,34560.594,7e-06,Torr
2026-02-09T05:31:13.512443,34567.704,6.9e-06,Torr
2026-02-09T05:31:18.542874,34572.734,6.8e-06,Torr
2026-02-09T05:31:25.652288,34579.843,6.9e-06,Torr
2026-02-09T05:31:30.682851,34584.874,7e-06,Torr
2026-02-09T05:31:37.792097,34591.983,7.1e-06,Torr
2026-02-09T05:31:42.822524,34597.014,7.1e-06,Torr
2026-02-09T05:31:49.931897,34604.123,7.1e-06,Torr
2026-02-09T05:31:54.962293,34609.153,7e-06,Torr
2026-02-09T05:32:02.071752,34616.263,7.05e-06,Torr
2026-02-09T05:32:07.102301,34621.293,7.1e-06,Torr
2026-02-09T05:32:14.211566,34628.403,7.1e-06,Torr
2026-02-09T05:32:19.241910,34633.433,7.1e-06,Torr
2026-02-09T05:32:26.351356,34640.542,7.1e-06,Torr
2026-02-09T05:32:31.381701,34645.573,7.1e-06,Torr
2026-02-09T05:32:38.491116,34652.682,7.05e-06,Torr
2026-02-09T05:32:43.521528,34657.713,7.2e-06,Torr
2026-02-09T05:32:50.630916,34664.822,7.25e-06,Torr
2026-02-09T05:32:55.661324,34669.852,7.3e-06,Torr
2026-02-09T05:33:02.770773,34676.962,7.25e-06,Torr
2026-02-09T05:33:07.801274,34681.992,7.2e-06,Torr
2026-02-09T05:33:14.910551,34689.102,7.3e-06,Torr
2026-02-09T05:33:19.940938,34694.132,7.3e-06,Torr
2026-02-09T05:33:27.050385,34701.242,7.25e-06,Torr
2026-02-09T05:33:32.080763,34706.272,7.3e-06,Torr
2026-02-09T05:33:39.190161,34713.381,7.350000000000001e-06,Torr
2026-02-09T05:33:44.220536,34718.412,7.3e-06,Torr
2026-02-09T05:33:51.330033,34725.521,7.3e-06,Torr
2026-02-09T05:33:56.360525,34730.552,7.3e-06,Torr
2026-02-09T05:34:03.469827,34737.661,7.350000000000001e-06,Torr
2026-02-09T05:34:08.500165,34742.691,7.3e-06,Torr
2026-02-09T05:34:15.609574,34749.801,7.3e-06,Torr
2026-02-09T05:34:20.639953,34754.831,7.3e-06,Torr
2026-02-09T05:34:27.749396,34761.941,7.350000000000001e-06,Torr
2026-02-09T05:34:32.779766,34766.971,7.4e-06,Torr
2026-02-09T05:34:39.889249,34774.080,7.350000000000001e-06,Torr
2026-02-09T05:34:44.919587,34779.111,7.6e-06,Torr
2026-02-09T05:34:52.029004,34786.220,7.45e-06,Torr
2026-02-09T05:34:57.059386,34791.251,7.4e-06,Torr
2026-02-09T05:35:04.168775,34798.360,7.5e-06,Torr
2026-02-09T05:35:09.199194,34803.390,7.5e-06,Torr
2026-02-09T05:35:16.308601,34810.500,7.5500000000000006e-06,Torr
2026-02-09T05:35:21.339000,34815.530,7.6e-06,Torr
2026-02-09T05:35:28.448467,34822.640,7.5500000000000006e-06,Torr
2026-02-09T05:35:33.478938,34827.670,7.6e-06,Torr
2026-02-09T05:35:40.588216,34834.779,7.5500000000000006e-06,Torr
2026-02-09T05:35:45.618613,34839.810,7.6e-06,Torr
2026-02-09T05:35:52.727997,34846.919,7.65e-06,Torr
2026-02-09T05:35:57.758423,34851.950,7.6e-06,Torr
2026-02-09T05:36:04.867872,34859.059,7.65e-06,Torr
2026-02-09T05:36:09.898359,34864.089,7.6e-06,Torr
2026-02-09T05:36:17.007667,34871.199,7.7e-06,Torr
2026-02-09T05:36:22.038111,34876.229,7.8e-06,Torr
2026-02-09T05:36:29.147485,34883.339,7.850000000000001e-06,Torr
2026-02-09T05:36:34.177829,34888.369,7.7e-06,Torr
2026-02-09T05:36:41.287295,34895.478,7.8e-06,Torr
2026-02-09T05:36:46.317708,34900.509,7.8e-06,Torr
2026-02-09T05:36:53.427091,34907.618,7.850000000000001e-06,Torr
2026-02-09T05:36:58.457456,34912.649,7.9e-06,Torr
2026-02-09T05:37:05.566894,34919.758,7.850000000000001e-06,Torr
2026-02-09T05:37:10.597255,34924.788,7.8e-06,Torr
2026-02-09T05:37:17.706637,34931.898,7.9e-06,Torr
2026-02-09T05:37:22.737330,34936.928,7.9e-06,Torr
2026-02-09T05:37:29.846515,34944.038,7.9e-06,Torr
2026-02-09T05:37:34.876861,34949.068,7.9e-06,Torr
2026-02-09T05:37:41.986261,34956.177,7.95e-06,Torr
2026-02-09T05:37:47.016709,34961.208,8e-06,Torr
2026-02-09T05:37:54.126091,34968.317,7.95e-06,Torr
2026-02-09T05:37:59.156561,34973.348,8e-06,Torr
2026-02-09T05:38:06.265909,34980.457,8.1e-06,Torr
2026-02-09T05:38:11.296505,34985.488,7.9e-06,Torr
2026-02-09T05:38:18.405690,34992.597,8.15e-06,Torr
2026-02-09T05:38:23.436095,34997.627,8.1e-06,Torr
2026-02-09T05:38:30.545463,35004.737,8.15e-06,Torr
2026-02-09T05:38:35.575901,35009.767,8.2e-06,Torr
2026-02-09T05:38:42.685288,35016.876,8.2e-06,Torr
2026-02-09T05:38:47.715720,35021.907,8.2e-06,Torr
2026-02-09T05:38:54.825144,35029.016,8.2e-06,Torr
2026-02-09T05:38:59.855507,35034.047,8.2e-06,Torr
2026-02-09T05:39:06.964915,35041.156,8.2e-06,Torr
2026-02-09T05:39:11.995315,35046.186,8.2e-06,Torr
2026-02-09T05:39:19.104690,35053.296,8.2e-06,Torr
2026-02-09T05:39:24.135116,35058.326,8.3e-06,Torr
2026-02-09T05:39:31.244534,35065.436,8.3e-06,Torr
2026-02-09T05:39:36.274986,35070.466,8.3e-06,Torr
2026-02-09T05:39:43.384358,35077.575,8.5e-06,Torr
2026-02-09T05:39:48.414757,35082.606,8.4e-06,Torr
2026-02-09T05:39:55.524169,35089.715,8.5e-06,Torr
2026-02-09T05:40:00.554573,35094.746,8.5e-06,Torr
2026-02-09T05:40:07.664077,35101.855,8.5e-06,Torr
2026-02-09T05:40:12.694345,35106.885,8.6e-06,Torr
2026-02-09T05:40:19.803755,35113.995,8.6e-06,Torr
2026-02-09T05:40:24.834134,35119.025,8.6e-06,Torr
2026-02-09T05:40:31.943563,35126.135,8.550000000000001e-06,Torr
2026-02-09T05:40:36.974135,35131.165,8.6e-06,Torr
2026-02-09T05:40:44.083404,35138.275,8.8e-06,Torr
2026-02-09T05:40:49.113749,35143.305,8.6e-06,Torr
2026-02-09T05:40:56.223181,35150.414,8.8e-06,Torr
2026-02-09T05:41:01.253565,35155.445,8.9e-06,Torr
2026-02-09T05:41:08.362937,35162.554,8.8e-06,Torr
2026-02-09T05:41:13.393437,35167.585,8.7e-06,Torr
2026-02-09T05:41:20.502848,35174.694,8.8e-06,Torr
2026-02-09T05:41:25.533246,35179.724,8.8e-06,Torr
2026-02-09T05:41:32.642564,35186.834,8.8e-06,Torr
2026-02-09T05:41:37.672990,35191.864,8.8e-06,Torr
2026-02-09T05:41:44.782401,35198.974,8.9e-06,Torr
2026-02-09T05:41:49.812937,35204.004,9.4e-06,Torr
2026-02-09T05:41:56.922197,35211.113,9.149999999999999e-06,Torr
2026-02-09T05:42:01.952596,35216.144,9.2e-06,Torr
2026-02-09T05:42:09.062059,35223.253,9.05e-06,Torr
2026-02-09T05:42:14.092442,35228.284,9.1e-06,Torr
2026-02-09T05:42:21.201854,35235.393,9.1e-06,Torr
2026-02-09T05:42:26.232324,35240.423,9e-06,Torr
2026-02-09T05:42:33.341648,35247.533,9.1e-06,Torr
2026-02-09T05:42:38.372022,35252.563,9.1e-06,Torr
2026-02-09T05:42:45.481433,35259.673,9.1e-06,Torr
2026-02-09T05:42:50.511867,35264.703,9.1e-06,Torr
2026-02-09T05:42:57.621308,35271.812,9.149999999999999e-06,Torr
2026-02-09T05:43:02.651637,35276.843,9.1e-06,Torr
2026-02-09T05:43:09.761066,35283.952,9.1e-06,Torr
2026-02-09T05:43:14.791484,35288.983,9.2e-06,Torr
2026-02-09T05:43:21.900877,35296.092,9.250000000000001e-06,Torr
2026-02-09T05:43:26.931243,35301.122,9.2e-06,Torr
2026-02-09T05:43:34.040651,35308.232,9.250000000000001e-06,Torr
2026-02-09T05:43:39.071051,35313.262,9.1e-06,Torr
2026-02-09T05:43:46.180466,35320.372,9.250000000000001e-06,Torr
2026-02-09T05:43:51.210867,35325.402,9.3e-06,Torr
2026-02-09T05:43:58.320308,35332.511,9.4e-06,Torr
2026-02-09T05:44:03.350962,35337.542,9.3e-06,Torr
2026-02-09T05:44:10.460094,35344.651,9.45e-06,Torr
2026-02-09T05:44:15.490477,35349.682,9.5e-06,Torr
2026-02-09T05:44:22.599986,35356.791,9.5e-06,Torr
2026-02-09T05:44:27.630335,35361.821,9.5e-06,Torr
2026-02-09T05:44:34.739630,35368.931,9.6e-06,Torr
2026-02-09T05:44:39.770087,35373.961,9.6e-06,Torr
2026-02-09T05:44:46.879560,35381.071,9.65e-06,Torr
2026-02-09T05:44:51.909896,35386.101,9.5e-06,Torr
2026-02-09T05:44:59.019336,35393.210,9.6e-06,Torr
2026-02-09T05:45:04.049916,35398.241,9.5e-06,Torr
2026-02-09T05:45:11.159112,35405.350,9.6e-06,Torr
2026-02-09T05:45:16.189605,35410.381,9.5e-06,Torr
2026-02-09T05:45:23.298968,35417.490,9.6e-06,Torr
2026-02-09T05:45:28.329320,35422.520,9.7e-06,Torr
2026-02-09T05:45:35.438717,35429.630,9.75e-06,Torr
2026-02-09T05:45:40.469107,35434.660,9.8e-06,Torr
2026-02-09T05:45:47.578524,35441.770,9.849999999999999e-06,Torr
2026-02-09T05:45:52.609005,35446.800,9.8e-06,Torr
2026-02-09T05:45:59.718363,35453.910,9.9e-06,Torr
2026-02-09T05:46:04.748712,35458.940,9.9e-06,Torr
2026-02-09T05:46:11.858113,35466.049,9.849999999999999e-06,Torr
2026-02-09T05:46:16.888533,35471.080,9.8e-06,Torr
2026-02-09T05:46:23.997998,35478.189,9.849999999999999e-06,Torr
2026-02-09T05:46:29.028342,35483.219,9.9e-06,Torr
2026-02-09T05:46:36.137726,35490.329,9.9e-06,Torr
2026-02-09T05:46:41.168156,35495.359,9.8e-06,Torr
2026-02-09T05:46:48.277546,35502.469,1e-05,Torr
2026-02-09T05:46:53.307938,35507.499,1e-05,Torr
2026-02-09T05:47:00.417365,35514.609,1e-05,Torr
2026-02-09T05:47:05.447740,35519.639,1e-05,Torr
2026-02-09T05:47:12.557173,35526.748,1e-05,Torr
2026-02-09T05:47:17.587570,35531.779,1e-05,Torr
2026-02-09T05:47:24.696977,35538.888,1e-05,Torr
2026-02-09T05:47:29.727422,35543.919,1e-05,Torr
2026-02-09T05:47:36.836820,35551.028,1e-05,Torr
2026-02-09T05:47:41.867199,35556.058,1e-05,Torr
2026-02-09T05:47:48.976573,35563.168,1e-05,Torr
2026-02-09T05:47:54.006979,35568.198,1e-05,Torr
2026-02-09T05:48:01.116446,35575.308,1e-05,Torr
2026-02-09T05:48:06.146966,35580.338,1e-05,Torr
2026-02-09T05:48:13.256240,35587.447,1.0500000000000001e-05,Torr
2026-02-09T05:48:18.286612,35592.478,1e-05,Torr
2026-02-09T05:48:25.397685,35599.589,1.0500000000000001e-05,Torr
2026-02-09T05:48:30.426389,35604.618,1.1e-05,Torr
2026-02-09T05:48:37.613906,35611.805,1.0500000000000001e-05,Torr
2026-02-09T05:48:42.644342,35616.835,1.1e-05,Torr
2026-02-09T05:48:49.753725,35623.945,1.1e-05,Torr
2026-02-09T05:48:54.784125,35628.975,1.1e-05,Torr
2026-02-09T05:49:01.893551,35636.085,1.1e-05,Torr
2026-02-09T05:49:06.923961,35641.115,1.1e-05,Torr
2026-02-09T05:49:14.033333,35648.224,1.1e-05,Torr
2026-02-09T05:49:19.063733,35653.255,1.1e-05,Torr
2026-02-09T05:49:26.173216,35660.364,1.1e-05,Torr
2026-02-09T05:49:31.203544,35665.395,1.1e-05,Torr
2026-02-09T05:49:38.313000,35672.504,1.1e-05,Torr
2026-02-09T05:49:43.343368,35677.535,1.1e-05,Torr
2026-02-09T05:49:50.452746,35684.644,1.1e-05,Torr
2026-02-09T05:49:55.483306,35689.674,1.1e-05,Torr
2026-02-09T05:50:02.592618,35696.784,1.1e-05,Torr
2026-02-09T05:50:07.622967,35701.814,1.1e-05,Torr
2026-02-09T05:50:14.732416,35708.924,1.1e-05,Torr
2026-02-09T05:50:19.762774,35713.954,1.1e-05,Torr
2026-02-09T05:50:26.872226,35721.063,1.1e-05,Torr
2026-02-09T05:50:31.902699,35726.094,1.1e-05,Torr
2026-02-09T05:50:39.012021,35733.203,1.1e-05,Torr
2026-02-09T05:50:44.042419,35738.234,1.1e-05,Torr
2026-02-09T05:50:51.151798,35745.343,1.1e-05,Torr
2026-02-09T05:50:56.182223,35750.373,1.1e-05,Torr
2026-02-09T05:51:03.291584,35757.483,1.1e-05,Torr
2026-02-09T05:51:08.322053,35762.513,1.1e-05,Torr
2026-02-09T05:51:15.431435,35769.623,1.15e-05,Torr
2026-02-09T05:51:20.461848,35774.653,1.1e-05,Torr
2026-02-09T05:51:27.571218,35781.762,1.1e-05,Torr
2026-02-09T05:51:32.601700,35786.793,1.1e-05,Torr
2026-02-09T05:51:39.710998,35793.902,1.1e-05,Torr
2026-02-09T05:51:44.741416,35798.933,1.1e-05,Torr
2026-02-09T05:51:51.850791,35806.042,1.15e-05,Torr
2026-02-09T05:51:56.881221,35811.072,1.2e-05,Torr
2026-02-09T05:52:03.990621,35818.182,1.15e-05,Torr
2026-02-09T05:52:09.021024,35823.212,1.2e-05,Torr
2026-02-09T05:52:16.130568,35830.322,1.2e-05,Torr
2026-02-09T05:52:21.160826,35835.352,1.2e-05,Torr
2026-02-09T05:52:28.270251,35842.461,1.2e-05,Torr
2026-02-09T05:52:33.300800,35847.492,1.2e-05,Torr
2026-02-09T05:52:40.410050,35854.601,1.2e-05,Torr
2026-02-09T05:52:45.440472,35859.632,1.2e-05,Torr
2026-02-09T05:52:52.549851,35866.741,1.2e-05,Torr
2026-02-09T05:52:57.580250,35871.771,1.2e-05,Torr
2026-02-09T05:53:04.689665,35878.881,1.2e-05,Torr
2026-02-09T05:53:09.720054,35883.911,1.2e-05,Torr
2026-02-09T05:53:16.829484,35891.021,1.2e-05,Torr
2026-02-09T05:53:21.859856,35896.051,1.2e-05,Torr
2026-02-09T05:53:28.969346,35903.160,1.2e-05,Torr
2026-02-09T05:53:33.999667,35908.191,1.2e-05,Torr
2026-02-09T05:53:41.109062,35915.300,1.2e-05,Torr
2026-02-09T05:53:46.139517,35920.331,1.2e-05,Torr
2026-02-09T05:53:53.248922,35927.440,1.2e-05,Torr
2026-02-09T05:53:58.279331,35932.470,1.2e-05,Torr
2026-02-09T05:54:05.388737,35939.580,1.2e-05,Torr
2026-02-09T05:54:10.419228,35944.610,1.2e-05,Torr
2026-02-09T05:54:17.528466,35951.720,1.2e-05,Torr
2026-02-09T05:54:22.558938,35956.750,1.2e-05,Torr
2026-02-09T05:54:29.668324,35963.859,1.2e-05,Torr
2026-02-09T05:54:34.698735,35968.890,1.2e-05,Torr
2026-02-09T05:54:41.808156,35975.999,1.2e-05,Torr
2026-02-09T05:54:46.838502,35981.030,1.3e-05,Torr
2026-02-09T05:54:53.947936,35988.139,1.3e-05,Torr
2026-02-09T05:54:58.978302,35993.169,1.3e-05,Torr
2026-02-09T05:55:06.087698,36000.279,1.3e-05,Torr
2026-02-09T05:55:11.118103,36005.309,1.3e-05,Torr
2026-02-09T05:55:18.227544,36012.419,1.3e-05,Torr
2026-02-09T05:55:23.258458,36017.450,1.3e-05,Torr
2026-02-09T05:55:28.289411,36022.481,1.3e-05,Torr
2026-02-09T05:55:35.476902,36029.668,1.3e-05,Torr
2026-02-09T05:55:40.507299,36034.698,1.3e-05,Torr
2026-02-09T05:55:47.616746,36041.808,1.3e-05,Torr
2026-02-09T05:55:52.647104,36046.838,1.3e-05,Torr
2026-02-09T05:55:59.756505,36053.948,1.3e-05,Torr
2026-02-09T05:56:04.786922,36058.978,1.3e-05,Torr
2026-02-09T05:56:11.896322,36066.087,1.3e-05,Torr
2026-02-09T05:56:16.926721,36071.118,1.3e-05,Torr
2026-02-09T05:56:24.036173,36078.227,1.3e-05,Torr
2026-02-09T05:56:29.066519,36083.258,1.3e-05,Torr
2026-02-09T05:56:36.175921,36090.367,1.3e-05,Torr
2026-02-09T05:56:41.206344,36095.397,1.3e-05,Torr
2026-02-09T05:56:48.315708,36102.507,1.3e-05,Torr
2026-02-09T05:56:53.346128,36107.537,1.3e-05,Torr
2026-02-09T05:57:00.455574,36114.647,1.3e-05,Torr
2026-02-09T05:57:05.486207,36119.677,1.3e-05,Torr
2026-02-09T05:57:12.595397,36126.787,1.3e-05,Torr
2026-02-09T05:57:17.625773,36131.817,1.3e-05,Torr
2026-02-09T05:57:24.735162,36138.926,1.3e-05,Torr
2026-02-09T05:57:29.765555,36143.957,1.3e-05,Torr
2026-02-09T05:57:36.875013,36151.066,1.35e-05,Torr
2026-02-09T05:57:41.905376,36156.097,1.4e-05,Torr
2026-02-09T05:57:49.014828,36163.206,1.35e-05,Torr
2026-02-09T05:57:54.045171,36168.236,1.4e-05,Torr
2026-02-09T05:58:01.154607,36175.346,1.4e-05,Torr
2026-02-09T05:58:06.184971,36180.376,1.4e-05,Torr
2026-02-09T05:58:13.294395,36187.486,1.4e-05,Torr
2026-02-09T05:58:18.324793,36192.516,1.4e-05,Torr
2026-02-09T05:58:25.434195,36199.625,1.4e-05,Torr
2026-02-09T05:58:30.464574,36204.656,1.4e-05,Torr
2026-02-09T05:58:37.574013,36211.765,1.4e-05,Torr
2026-02-09T05:58:42.604665,36216.796,1.4e-05,Torr
2026-02-09T05:58:49.713819,36223.905,1.4e-05,Torr
2026-02-09T05:58:54.744262,36228.935,1.4e-05,Torr
2026-02-09T05:59:01.853608,36236.045,1.4e-05,Torr
2026-02-09T05:59:06.884004,36241.075,1.4e-05,Torr
2026-02-09T05:59:13.993424,36248.185,1.4e-05,Torr
2026-02-09T05:59:19.023808,36253.215,1.4e-05,Torr
2026-02-09T05:59:26.133206,36260.324,1.4e-05,Torr
2026-02-09T05:59:31.163813,36265.355,1.4e-05,Torr
2026-02-09T05:59:38.273033,36272.464,1.4e-05,Torr
2026-02-09T05:59:43.303415,36277.495,1.4e-05,Torr
2026-02-09T05:59:50.412800,36284.604,1.4e-05,Torr
2026-02-09T05:59:55.443273,36289.634,1.4e-05,Torr
2026-02-09T06:00:02.552631,36296.744,1.45e-05,Torr
2026-02-09T06:00:07.583107,36301.774,1.4e-05,Torr
2026-02-09T06:00:14.692492,36308.884,1.45e-05,Torr
2026-02-09T06:00:19.722859,36313.914,1.5e-05,Torr
2026-02-09T06:00:26.832271,36321.023,1.5e-05,Torr
2026-02-09T06:00:31.862830,36326.054,1.5e-05,Torr
2026-02-09T06:00:38.972029,36333.163,1.5e-05,Torr
2026-02-09T06:00:44.002452,36338.194,1.5e-05,Torr
2026-02-09T06:00:51.111857,36345.303,1.5e-05,Torr
2026-02-09T06:00:56.142304,36350.333,1.5e-05,Torr
2026-02-09T06:01:03.251695,36357.443,1.5e-05,Torr
2026-02-09T06:01:08.282061,36362.473,1.5e-05,Torr
2026-02-09T06:01:15.391526,36369.583,1.5e-05,Torr
2026-02-09T06:01:20.421932,36374.613,1.5e-05,Torr
2026-02-09T06:01:27.531259,36381.722,1.5e-05,Torr
2026-02-09T06:01:32.561726,36386.753,1.6e-05,Torr
2026-02-09T06:01:39.671134,36393.862,1.55e-05,Torr
2026-02-09T06:01:44.701470,36398.893,1.6e-05,Torr
2026-02-09T06:01:51.810897,36406.002,1.55e-05,Torr
2026-02-09T06:01:56.841284,36411.032,1.6e-05,Torr
2026-02-09T06:02:03.950744,36418.142,1.6e-05,Torr
2026-02-09T06:02:08.981096,36423.172,1.6e-05,Torr
2026-02-09T06:02:16.090551,36430.282,1.6e-05,Torr
2026-02-09T06:02:21.120910,36435.312,1.6e-05,Torr
2026-02-09T06:02:28.230431,36442.422,1.6e-05,Torr
2026-02-09T06:02:33.260752,36447.452,1.6e-05,Torr
2026-02-09T06:02:40.370108,36454.561,1.6e-05,Torr
2026-02-09T06:02:45.400563,36459.592,1.6e-05,Torr
2026-02-09T06:02:52.509919,36466.701,1.6e-05,Torr
2026-02-09T06:02:57.540346,36471.731,1.6e-05,Torr
2026-02-09T06:03:04.649767,36478.841,1.6e-05,Torr
2026-02-09T06:03:09.680129,36483.871,1.7e-05,Torr
2026-02-09T06:03:16.789567,36490.981,1.7e-05,Torr
2026-02-09T06:03:21.819963,36496.011,1.7e-05,Torr
2026-02-09T06:03:28.929390,36503.121,1.7e-05,Torr
2026-02-09T06:03:33.959740,36508.151,1.7e-05,Torr
2026-02-09T06:03:41.069123,36515.260,1.7e-05,Torr
2026-02-09T06:03:46.099641,36520.291,1.7e-05,Torr
2026-02-09T06:03:53.209001,36527.400,1.7e-05,Torr
2026-02-09T06:03:58.239348,36532.430,1.7e-05,Torr
2026-02-09T06:04:05.364380,36539.556,1.7e-05,Torr
2026-02-09T06:04:10.394797,36544.586,1.7e-05,Torr
2026-02-09T06:04:17.504190,36551.695,1.7e-05,Torr
2026-02-09T06:04:22.534657,36556.726,1.7e-05,Torr
2026-02-09T06:04:29.644000,36563.835,1.7e-05,Torr
2026-02-09T06:04:34.674406,36568.866,1.7e-05,Torr
2026-02-09T06:04:41.783811,36575.975,1.7e-05,Torr
2026-02-09T06:04:46.814364,36581.006,1.8e-05,Torr
2026-02-09T06:04:53.923616,36588.115,1.7e-05,Torr
2026-02-09T06:04:58.954002,36593.145,1.8e-05,Torr
2026-02-09T06:05:06.063437,36600.255,1.8e-05,Torr
2026-02-09T06:05:11.093841,36605.285,1.8e-05,Torr
2026-02-09T06:05:18.203249,36612.394,1.8e-05,Torr
2026-02-09T06:05:23.233650,36617.425,1.8e-05,Torr
2026-02-09T06:05:30.343093,36624.534,1.8e-05,Torr
2026-02-09T06:05:35.373415,36629.565,1.8e-05,Torr
2026-02-09T06:05:42.482837,36636.674,1.8e-05,Torr
2026-02-09T06:05:47.513248,36641.704,1.8e-05,Torr
2026-02-09T06:05:54.622653,36648.814,1.8e-05,Torr
2026-02-09T06:05:59.653083,36653.844,1.8e-05,Torr
2026-02-09T06:06:06.778132,36660.969,1.8e-05,Torr
2026-02-09T06:06:11.808586,36666.000,1.8e-05,Torr
2026-02-09T06:06:18.917878,36673.109,1.8e-05,Torr
2026-02-09T06:06:23.948270,36678.139,1.9e-05,Torr
2026-02-09T06:06:31.057663,36685.249,1.8e-05,Torr
2026-02-09T06:06:36.088073,36690.279,1.8e-05,Torr
2026-02-09T06:06:43.197538,36697.389,1.8e-05,Torr
2026-02-09T06:06:48.227946,36702.419,1.8e-05,Torr
2026-02-09T06:06:55.337336,36709.528,1.9e-05,Torr
2026-02-09T06:07:00.367723,36714.559,1.9e-05,Torr
2026-02-09T06:07:07.477079,36721.668,1.9e-05,Torr
2026-02-09T06:07:12.507540,36726.699,1.8e-05,Torr
2026-02-09T06:07:19.616901,36733.808,1.9e-05,Torr
2026-02-09T06:07:24.647277,36738.838,1.9e-05,Torr
2026-02-09T06:07:31.756730,36745.948,1.9e-05,Torr
2026-02-09T06:07:36.787125,36750.978,1.9e-05,Torr
2026-02-09T06:07:43.896575,36758.088,1.9e-05,Torr
2026-02-09T06:07:48.926909,36763.118,1.9e-05,Torr
2026-02-09T06:07:56.036340,36770.227,1.9e-05,Torr
2026-02-09T06:08:01.066724,36775.258,1.9e-05,Torr
2026-02-09T06:08:08.176241,36782.367,1.95e-05,Torr
2026-02-09T06:08:13.206525,36787.398,1.9e-05,Torr
2026-02-09T06:08:20.315930,36794.507,1.9e-05,Torr
2026-02-09T06:08:25.346339,36799.537,2e-05,Torr
2026-02-09T06:08:32.455776,36806.647,2e-05,Torr
2026-02-09T06:08:37.486185,36811.677,2e-05,Torr
2026-02-09T06:08:44.595611,36818.787,2e-05,Torr
2026-02-09T06:08:49.625996,36823.817,2e-05,Torr
2026-02-09T06:08:56.735360,36830.926,2e-05,Torr
2026-02-09T06:09:01.765785,36835.957,2e-05,Torr
2026-02-09T06:09:08.875173,36843.066,2e-05,Torr
2026-02-09T06:09:13.905641,36848.097,2e-05,Torr
2026-02-09T06:09:21.014981,36855.206,2e-05,Torr
2026-02-09T06:09:26.045380,36860.237,2e-05,Torr
2026-02-09T06:09:33.154808,36867.346,2e-05,Torr
2026-02-09T06:09:38.185382,36872.377,2.1e-05,Torr
2026-02-09T06:09:45.294610,36879.486,2.1e-05,Torr
2026-02-09T06:09:50.325158,36884.516,2.1e-05,Torr
2026-02-09T06:09:57.434416,36891.626,2.1e-05,Torr
2026-02-09T06:10:02.464777,36896.656,2.1e-05,Torr
2026-02-09T06:10:09.574258,36903.765,2.1e-05,Torr
2026-02-09T06:10:14.604593,36908.796,2.1e-05,Torr
2026-02-09T06:10:21.714038,36915.905,2.1e-05,Torr
2026-02-09T06:10:26.744504,36920.936,2.1e-05,Torr
2026-02-09T06:10:33.853804,36928.045,2.15e-05,Torr
2026-02-09T06:10:38.884202,36933.075,2.2e-05,Torr
2026-02-09T06:10:45.993694,36940.185,2.15e-05,Torr
2026-02-09T06:10:51.024003,36945.215,2.2e-05,Torr
2026-02-09T06:10:58.133426,36952.325,2.2e-05,Torr
2026-02-09T06:11:03.163809,36957.355,2.2e-05,Torr
2026-02-09T06:11:10.273241,36964.464,2.2e-05,Torr
2026-02-09T06:11:15.303681,36969.495,2.2e-05,Torr
2026-02-09T06:11:22.413068,36976.604,2.2e-05,Torr
2026-02-09T06:11:27.443418,36981.635,2.2e-05,Torr
2026-02-09T06:11:34.552798,36988.744,2.2499999999999998e-05,Torr
2026-02-09T06:11:39.583218,36993.774,2.3e-05,Torr
2026-02-09T06:11:46.692603,37000.884,2.3e-05,Torr
2026-02-09T06:11:51.723056,37005.914,2.2e-05,Torr
2026-02-09T06:11:58.832481,37013.024,2.3e-05,Torr
2026-02-09T06:12:03.862842,37018.054,2.3e-05,Torr
2026-02-09T06:12:10.972290,37025.163,2.3e-05,Torr
2026-02-09T06:12:16.002709,37030.194,2.3e-05,Torr
2026-02-09T06:12:23.112076,37037.303,2.3e-05,Torr
2026-02-09T06:12:28.142455,37042.334,2.4e-05,Torr
2026-02-09T06:12:35.251920,37049.443,2.3500000000000002e-05,Torr
2026-02-09T06:12:40.282263,37054.473,2.4e-05,Torr
2026-02-09T06:12:47.391654,37061.583,2.3500000000000002e-05,Torr
2026-02-09T06:12:52.422070,37066.613,2.4e-05,Torr
2026-02-09T06:12:59.531534,37073.723,2.4e-05,Torr
2026-02-09T06:13:04.562034,37078.753,2.4e-05,Torr
2026-02-09T06:13:11.671386,37085.863,2.4e-05,Torr
2026-02-09T06:13:16.701652,37090.893,2.4e-05,Torr
2026-02-09T06:13:23.811077,37098.002,2.45e-05,Torr
2026-02-09T06:13:28.841532,37103.033,2.5e-05,Torr
2026-02-09T06:13:35.950884,37110.142,2.45e-05,Torr
2026-02-09T06:13:40.981354,37115.172,2.5e-05,Torr
2026-02-09T06:13:48.090717,37122.282,2.5e-05,Torr
2026-02-09T06:13:53.121294,37127.312,2.5e-05,Torr
2026-02-09T06:14:00.230485,37134.422,2.45e-05,Torr
2026-02-09T06:14:05.260903,37139.452,2.5e-05,Torr
2026-02-09T06:14:12.370327,37146.561,2.45e-05,Torr
2026-02-09T06:14:17.400703,37151.592,2.5e-05,Torr
2026-02-09T06:14:24.510188,37158.701,2.5e-05,Torr
2026-02-09T06:14:29.540524,37163.732,2.5e-05,Torr
2026-02-09T06:14:36.649954,37170.841,2.5e-05,Torr
2026-02-09T06:14:41.680454,37175.872,2.5e-05,Torr
2026-02-09T06:14:48.789777,37182.981,2.5e-05,Torr
2026-02-09T06:14:53.820223,37188.011,2.5e-05,Torr
2026-02-09T06:15:00.929512,37195.121,2.5e-05,Torr
2026-02-09T06:15:05.959932,37200.151,2.5e-05,Torr
2026-02-09T06:15:13.069377,37207.261,2.6e-05,Torr
2026-02-09T06:15:18.099741,37212.291,2.6e-05,Torr
2026-02-09T06:15:25.209116,37219.400,2.65e-05,Torr
2026-02-09T06:15:30.239739,37224.431,2.7e-05,Torr
2026-02-09T06:15:37.348962,37231.540,2.6e-05,Torr
2026-02-09T06:15:42.379351,37236.570,2.6e-05,Torr
2026-02-09T06:15:49.488755,37243.680,2.6e-05,Torr
2026-02-09T06:15:54.519197,37248.710,2.7e-05,Torr
2026-02-09T06:16:01.628667,37255.820,2.6e-05,Torr
2026-02-09T06:16:06.658995,37260.850,2.7e-05,Torr
2026-02-09T06:16:13.768327,37267.959,2.7499999999999998e-05,Torr
2026-02-09T06:16:18.798813,37272.990,2.7e-05,Torr
2026-02-09T06:16:25.908207,37280.099,2.7499999999999998e-05,Torr
2026-02-09T06:16:30.938762,37285.130,2.7e-05,Torr
2026-02-09T06:16:38.048029,37292.239,2.8e-05,Torr
2026-02-09T06:16:43.078365,37297.270,2.8e-05,Torr
2026-02-09T06:16:50.187752,37304.379,2.8e-05,Torr
2026-02-09T06:16:55.218187,37309.409,2.8e-05,Torr
2026-02-09T06:17:02.327588,37316.519,2.8e-05,Torr
2026-02-09T06:17:07.357996,37321.549,2.8e-05,Torr
2026-02-09T06:17:14.467376,37328.659,2.85e-05,Torr
2026-02-09T06:17:19.497966,37333.689,2.9e-05,Torr
2026-02-09T06:17:26.607255,37340.798,2.8e-05,Torr
2026-02-09T06:17:31.637607,37345.829,2.8e-05,Torr
2026-02-09T06:17:38.747068,37352.938,2.9e-05,Torr
2026-02-09T06:17:43.777404,37357.969,2.9e-05,Torr
2026-02-09T06:17:50.886818,37365.078,2.95e-05,Torr
2026-02-09T06:17:55.917218,37370.108,2.9e-05,Torr
2026-02-09T06:18:03.026657,37377.218,2.9e-05,Torr
2026-02-09T06:18:08.057055,37382.248,3e-05,Torr
2026-02-09T06:18:15.166427,37389.358,3e-05,Torr
2026-02-09T06:18:20.196829,37394.388,3e-05,Torr
2026-02-09T06:18:27.306219,37401.497,3e-05,Torr
2026-02-09T06:18:32.336631,37406.528,3e-05,Torr
2026-02-09T06:18:39.446103,37413.637,3e-05,Torr
2026-02-09T06:18:44.476479,37418.668,3e-05,Torr
2026-02-09T06:18:51.585861,37425.777,3e-05,Torr
2026-02-09T06:18:56.616331,37430.807,3.1e-05,Torr
2026-02-09T06:19:03.725642,37437.917,3.1e-05,Torr
2026-02-09T06:19:08.756052,37442.947,3.1e-05,Torr
2026-02-09T06:19:15.865532,37450.057,3.1e-05,Torr
2026-02-09T06:19:20.895862,37455.087,3.1e-05,Torr
2026-02-09T06:19:28.005307,37462.196,3.1e-05,Torr
2026-02-09T06:19:33.035698,37467.227,3.1e-05,Torr
2026-02-09T06:19:40.145062,37474.336,3.1e-05,Torr
2026-02-09T06:19:45.175472,37479.367,3.2e-05,Torr
2026-02-09T06:19:52.284906,37486.476,3.15e-05,Torr
2026-02-09T06:19:57.315282,37491.506,3.2e-05,Torr
2026-02-09T06:20:04.424713,37498.616,3.2e-05,Torr
2026-02-09T06:20:09.455115,37503.646,3.2e-05,Torr
2026-02-09T06:20:16.564487,37510.756,3.2e-05,Torr
2026-02-09T06:20:21.594917,37515.786,3.2e-05,Torr
2026-02-09T06:20:28.704299,37522.895,3.2500000000000004e-05,Torr
2026-02-09T06:20:33.734733,37527.926,3.3e-05,Torr
2026-02-09T06:20:40.844140,37535.035,3.3e-05,Torr
2026-02-09T06:20:45.874718,37540.066,3.3e-05,Torr
2026-02-09T06:20:52.983956,37547.175,3.3e-05,Torr
2026-02-09T06:20:58.014372,37552.206,3.3e-05,Torr
2026-02-09T06:21:05.123717,37559.315,3.35e-05,Torr
2026-02-09T06:21:10.154119,37564.345,3.3e-05,Torr
2026-02-09T06:21:17.263566,37571.455,3.4e-05,Torr
2026-02-09T06:21:22.293914,37576.485,3.4e-05,Torr
2026-02-09T06:21:29.403357,37583.594,3.4e-05,Torr
2026-02-09T06:21:34.433779,37588.625,3.4e-05,Torr
2026-02-09T06:21:41.543185,37595.734,3.4e-05,Torr
2026-02-09T06:21:46.573528,37600.765,3.4e-05,Torr
2026-02-09T06:21:53.682909,37607.874,3.5e-05,Torr
2026-02-09T06:21:58.713340,37612.904,3.5e-05,Torr
2026-02-09T06:22:05.822723,37620.014,3.5499999999999996e-05,Torr
2026-02-09T06:22:10.853256,37625.044,3.5e-05,Torr
2026-02-09T06:22:17.962554,37632.154,3.65e-05,Torr
2026-02-09T06:22:22.993000,37637.184,3.6e-05,Torr
2026-02-09T06:22:30.102389,37644.294,3.6e-05,Torr
2026-02-09T06:22:35.132820,37649.324,3.7e-05,Torr
2026-02-09T06:22:42.242163,37656.433,3.7e-05,Torr
2026-02-09T06:22:47.272573,37661.464,3.7e-05,Torr
2026-02-09T06:22:54.381958,37668.573,3.65e-05,Torr
2026-02-09T06:22:59.412423,37673.604,3.7e-05,Torr
2026-02-09T06:23:06.521838,37680.713,3.7e-05,Torr
2026-02-09T06:23:11.552431,37685.744,3.7e-05,Torr
2026-02-09T06:23:18.661649,37692.853,3.7500000000000003e-05,Torr
2026-02-09T06:23:23.691973,37697.883,3.8e-05,Torr
2026-02-09T06:23:30.801424,37704.993,3.7500000000000003e-05,Torr
2026-02-09T06:23:35.831922,37710.023,3.8e-05,Torr
2026-02-09T06:23:42.941222,37717.132,3.8e-05,Torr
2026-02-09T06:23:47.971621,37722.163,3.8e-05,Torr
2026-02-09T06:23:55.081024,37729.272,3.8e-05,Torr
2026-02-09T06:24:00.111430,37734.303,3.8e-05,Torr
2026-02-09T06:24:07.220768,37741.412,3.9e-05,Torr
2026-02-09T06:24:12.251302,37746.442,4e-05,Torr
2026-02-09T06:24:19.360685,37753.552,4e-05,Torr
2026-02-09T06:24:24.391020,37758.582,4e-05,Torr
2026-02-09T06:24:31.500404,37765.692,4e-05,Torr
2026-02-09T06:24:36.530812,37770.722,4e-05,Torr
2026-02-09T06:24:43.640207,37777.831,4.05e-05,Torr
2026-02-09T06:24:48.670617,37782.862,4.1e-05,Torr
2026-02-09T06:24:55.780077,37789.971,4.1e-05,Torr
2026-02-09T06:25:00.810488,37795.002,4.1e-05,Torr
2026-02-09T06:25:07.919886,37802.111,4.1e-05,Torr
2026-02-09T06:25:12.950236,37807.141,4.1e-05,Torr
2026-02-09T06:25:20.059602,37814.251,4.2e-05,Torr
2026-02-09T06:25:25.090071,37819.281,4.2e-05,Torr
2026-02-09T06:25:32.199467,37826.391,4.25e-05,Torr
2026-02-09T06:25:37.229894,37831.421,4.3e-05,Torr
2026-02-09T06:25:44.339309,37838.530,4.3e-05,Torr
2026-02-09T06:25:49.369862,37843.561,4.3e-05,Torr
2026-02-09T06:25:56.479160,37850.670,4.3e-05,Torr
2026-02-09T06:26:01.509491,37855.701,4.4e-05,Torr
2026-02-09T06:26:08.618922,37862.810,4.35e-05,Torr
2026-02-09T06:26:13.649272,37867.840,4.4e-05,Torr
2026-02-09T06:26:20.758667,37874.950,4.4e-05,Torr
2026-02-09T06:26:25.789071,37879.980,4.4e-05,Torr
2026-02-09T06:26:32.898478,37887.090,4.45e-05,Torr
2026-02-09T06:26:37.928873,37892.120,4.4e-05,Torr
2026-02-09T06:26:45.038308,37899.229,4.45e-05,Torr
2026-02-09T06:26:50.068734,37904.260,4.5e-05,Torr
2026-02-09T06:26:57.178189,37911.369,4.6e-05,Torr
2026-02-09T06:27:02.208489,37916.400,4.6e-05,Torr
2026-02-09T06:27:09.317900,37923.509,4.6e-05,Torr
2026-02-09T06:27:14.348298,37928.539,4.6e-05,Torr
2026-02-09T06:27:21.457748,37935.649,4.65e-05,Torr
2026-02-09T06:27:26.488175,37940.679,4.6e-05,Torr
2026-02-09T06:27:33.597557,37947.789,4.6e-05,Torr
2026-02-09T06:27:38.627972,37952.819,4.7e-05,Torr
2026-02-09T06:27:45.737349,37959.928,4.75e-05,Torr
2026-02-09T06:27:50.767705,37964.959,4.8e-05,Torr
2026-02-09T06:27:57.877141,37972.068,4.8e-05,Torr
2026-02-09T06:28:02.907523,37977.099,4.8e-05,Torr
2026-02-09T06:28:10.016979,37984.208,4.8e-05,Torr
2026-02-09T06:28:15.047329,37989.238,4.8e-05,Torr
2026-02-09T06:28:22.156755,37996.348,4.9e-05,Torr
2026-02-09T06:28:27.187134,38001.378,5e-05,Torr
2026-02-09T06:28:34.296566,38008.488,4.9e-05,Torr
2026-02-09T06:28:39.326946,38013.518,5e-05,Torr
2026-02-09T06:28:46.436353,38020.627,5e-05,Torr
2026-02-09T06:28:51.466761,38025.658,5e-05,Torr
2026-02-09T06:28:58.576177,38032.767,5e-05,Torr
2026-02-09T06:29:03.606593,38037.798,5.1e-05,Torr
2026-02-09T06:29:10.715944,38044.907,5.05e-05,Torr
2026-02-09T06:29:15.746436,38049.938,5.1e-05,Torr
2026-02-09T06:29:22.855821,38057.047,5.15e-05,Torr
2026-02-09T06:29:27.886171,38062.077,5.1e-05,Torr
2026-02-09T06:29:34.995602,38069.187,5.2e-05,Torr
2026-02-09T06:29:40.026001,38074.217,5.3e-05,Torr
2026-02-09T06:29:47.135377,38081.327,5.3e-05,Torr
2026-02-09T06:29:52.165776,38086.357,5.3e-05,Torr
2026-02-09T06:29:59.275237,38093.466,5.3e-05,Torr
2026-02-09T06:30:04.305805,38098.497,5.4e-05,Torr
2026-02-09T06:30:11.415039,38105.606,5.3e-05,Torr
2026-02-09T06:30:16.445445,38110.637,5.4e-05,Torr
2026-02-09T06:30:23.570478,38117.762,5.4499999999999997e-05,Torr
2026-02-09T06:30:28.600813,38122.792,5.5e-05,Torr
2026-02-09T06:30:35.710290,38129.901,5.4499999999999997e-05,Torr
2026-02-09T06:30:40.740658,38134.932,5.5e-05,Torr
2026-02-09T06:30:47.850060,38142.041,5.55e-05,Torr
2026-02-09T06:30:52.880520,38147.072,5.5e-05,Torr
2026-02-09T06:30:59.989900,38154.181,5.55e-05,Torr
2026-02-09T06:31:05.020395,38159.212,5.6e-05,Torr
2026-02-09T06:31:12.129634,38166.321,5.6e-05,Torr
2026-02-09T06:31:17.160075,38171.351,5.6e-05,Torr
2026-02-09T06:31:24.285110,38178.476,5.95e-05,Torr
2026-02-09T06:31:29.315564,38183.507,6.5e-05,Torr
2026-02-09T06:31:36.424942,38190.616,6.4e-05,Torr
2026-02-09T06:31:41.455268,38195.646,6.5e-05,Torr
2026-02-09T06:31:48.564682,38202.756,6.65e-05,Torr
2026-02-09T06:31:53.595143,38207.786,6.7e-05,Torr
2026-02-09T06:32:00.704548,38214.896,6.7e-05,Torr
2026-02-09T06:32:05.734884,38219.926,6.7e-05,Torr
2026-02-09T06:32:12.844306,38227.035,6.8e-05,Torr
2026-02-09T06:32:17.874764,38232.066,6.8e-05,Torr
2026-02-09T06:32:24.984112,38239.175,6.9e-05,Torr
2026-02-09T06:32:30.014570,38244.206,6.9e-05,Torr
2026-02-09T06:32:37.123916,38251.315,6.95e-05,Torr
2026-02-09T06:32:42.154303,38256.345,7.1e-05,Torr
2026-02-09T06:32:49.263771,38263.455,7.15e-05,Torr
2026-02-09T06:32:54.294144,38268.485,7.1e-05,Torr
2026-02-09T06:33:01.403549,38275.595,7.2e-05,Torr
2026-02-09T06:33:06.433916,38280.625,7.2e-05,Torr
2026-02-09T06:33:13.543370,38287.735,7.2e-05,Torr
2026-02-09T06:33:18.573722,38292.765,7.4e-05,Torr
2026-02-09T06:33:25.683191,38299.874,7.4e-05,Torr
2026-02-09T06:33:30.713528,38304.905,7.4e-05,Torr
2026-02-09T06:33:37.822966,38312.014,7.45e-05,Torr
2026-02-09T06:33:42.853345,38317.044,7.4e-05,Torr
2026-02-09T06:33:49.962796,38324.154,7.4e-05,Torr
2026-02-09T06:33:54.993184,38329.184,7.4e-05,Torr
2026-02-09T06:34:02.102602,38336.294,7.6e-05,Torr
2026-02-09T06:34:07.133122,38341.324,7.8e-05,Torr
2026-02-09T06:34:14.242410,38348.434,7.75e-05,Torr
2026-02-09T06:34:19.272953,38353.464,8e-05,Torr
2026-02-09T06:34:26.382273,38360.573,7.950000000000001e-05,Torr
2026-02-09T06:34:31.412575,38365.604,8e-05,Torr
2026-02-09T06:34:38.522001,38372.713,8e-05,Torr
2026-02-09T06:34:43.552412,38377.744,8e-05,Torr
2026-02-09T06:34:50.661771,38384.853,8.2e-05,Torr
2026-02-09T06:34:55.692171,38389.883,8.3e-05,Torr
2026-02-09T06:35:02.801567,38396.993,8.25e-05,Torr
2026-02-09T06:35:07.832048,38402.023,8.3e-05,Torr
2026-02-09T06:35:14.941393,38409.133,8.3e-05,Torr
2026-02-09T06:35:19.971780,38414.163,8.5e-05,Torr
2026-02-09T06:35:27.081226,38421.272,8.55e-05,Torr
2026-02-09T06:35:32.111650,38426.303,8.6e-05,Torr
2026-02-09T06:35:39.221018,38433.412,8.65e-05,Torr
2026-02-09T06:35:44.251439,38438.443,8.8e-05,Torr
2026-02-09T06:35:51.360861,38445.552,8.9e-05,Torr
2026-02-09T06:35:56.391243,38450.582,9e-05,Torr
2026-02-09T06:36:03.500608,38457.692,8.9e-05,Torr
2026-02-09T06:36:08.531242,38462.722,8.9e-05,Torr
2026-02-09T06:36:15.640484,38469.832,9.2e-05,Torr
2026-02-09T06:36:20.670836,38474.862,9.2e-05,Torr
2026-02-09T06:36:27.795871,38481.987,9.25e-05,Torr
2026-02-09T06:36:32.826261,38487.017,9.3e-05,Torr
2026-02-09T06:36:39.935627,38494.127,9.55e-05,Torr
2026-02-09T06:36:44.966162,38499.157,9.4e-05,Torr
2026-02-09T06:36:52.075472,38506.267,9.6e-05,Torr
2026-02-09T06:36:57.105858,38511.297,9.6e-05,Torr
2026-02-09T06:37:04.215310,38518.406,9.8e-05,Torr
2026-02-09T06:37:09.245676,38523.437,9.9e-05,Torr
2026-02-09T06:37:16.355096,38530.546,9.8e-05,Torr
2026-02-09T06:37:21.385513,38535.577,9.9e-05,Torr
2026-02-09T06:37:28.510535,38542.702,0.0001,Torr
2026-02-09T06:37:33.540945,38547.732,0.0001,Torr
2026-02-09T06:37:40.650304,38554.841,9.95e-05,Torr
2026-02-09T06:37:45.680807,38559.872,0.0001,Torr
2026-02-09T06:37:52.790154,38566.981,0.0001,Torr
2026-02-09T06:37:57.820579,38572.012,0.0001,Torr
2026-02-09T06:38:04.929898,38579.121,0.0001,Torr
2026-02-09T06:38:09.960617,38584.152,0.00011,Torr
2026-02-09T06:38:17.069777,38591.261,0.00011,Torr
2026-02-09T06:38:22.100106,38596.291,0.00011,Torr
2026-02-09T06:38:29.209842,38603.401,0.00011,Torr
2026-02-09T06:38:34.239989,38608.431,0.00011,Torr
2026-02-09T06:38:41.349399,38615.541,0.00011,Torr
2026-02-09T06:38:46.379735,38620.571,0.00011,Torr
2026-02-09T06:38:53.489210,38627.680,0.00011,Torr
2026-02-09T06:38:58.519564,38632.711,0.00011,Torr
2026-02-09T06:39:05.628993,38639.820,0.00011,Torr
2026-02-09T06:39:10.659406,38644.851,0.00011,Torr
2026-02-09T06:39:17.768802,38651.960,0.00011,Torr
2026-02-09T06:39:22.799211,38656.990,0.00012,Torr
2026-02-09T06:39:29.908589,38664.100,0.000115,Torr
2026-02-09T06:39:34.938966,38669.130,0.00012,Torr
2026-02-09T06:39:42.048399,38676.240,0.00012,Torr
2026-02-09T06:39:47.078743,38681.270,0.00012,Torr
2026-02-09T06:39:54.188241,38688.379,0.00012,Torr
2026-02-09T06:39:59.218578,38693.410,0.00012,Torr
2026-02-09T06:40:06.328035,38700.519,0.00012,Torr
2026-02-09T06:40:11.358389,38705.550,0.00012,Torr
2026-02-09T06:40:18.467815,38712.659,0.00012,Torr
2026-02-09T06:40:23.498196,38717.689,0.00012,Torr
2026-02-09T06:40:30.607561,38724.799,0.000125,Torr
2026-02-09T06:40:35.638009,38729.829,0.00013,Torr
2026-02-09T06:40:42.747439,38736.939,0.00013,Torr
2026-02-09T06:40:47.777864,38741.969,0.00013,Torr
2026-02-09T06:40:54.887221,38749.078,0.00013,Torr
2026-02-09T06:40:59.917634,38754.109,0.00013,Torr
2026-02-09T06:41:07.027002,38761.218,0.00013,Torr
2026-02-09T06:41:12.057462,38766.249,0.00013,Torr
2026-02-09T06:41:19.166792,38773.358,0.00013,Torr
2026-02-09T06:41:24.197227,38778.388,0.00013,Torr
2026-02-09T06:41:31.306772,38785.498,0.00013,Torr
2026-02-09T06:41:36.337033,38790.528,0.00013,Torr
2026-02-09T06:41:43.446402,38797.638,0.00013,Torr
2026-02-09T06:41:48.476838,38802.668,0.00013,Torr
2026-02-09T06:41:55.586279,38809.777,0.00013499999999999997,Torr
2026-02-09T06:42:00.616634,38814.808,0.00014,Torr
2026-02-09T06:42:07.726070,38821.917,0.00014,Torr
2026-02-09T06:42:12.756431,38826.948,0.00014,Torr
2026-02-09T06:42:19.865857,38834.057,0.00014,Torr
2026-02-09T06:42:24.896305,38839.087,0.00014,Torr
2026-02-09T06:42:32.021271,38846.212,0.00014,Torr
2026-02-09T06:42:37.051691,38851.243,0.00014,Torr
2026-02-09T06:42:44.161098,38858.352,0.00014,Torr
2026-02-09T06:42:49.191480,38863.383,0.00014,Torr
2026-02-09T06:42:56.300904,38870.492,0.00015,Torr
2026-02-09T06:43:01.331372,38875.523,0.00015,Torr
2026-02-09T06:43:08.440769,38882.632,0.00015,Torr
2026-02-09T06:43:13.471105,38887.662,0.00015,Torr
2026-02-09T06:43:20.580526,38894.772,0.00015,Torr
2026-02-09T06:43:25.611091,38899.802,0.00015,Torr
2026-02-09T06:43:32.735897,38906.927,0.00015,Torr
2026-02-09T06:43:37.766321,38911.957,0.00016,Torr
2026-02-09T06:43:44.875777,38919.067,0.00016,Torr
2026-02-09T06:43:49.906148,38924.097,0.00016,Torr
2026-02-09T06:43:57.015577,38931.207,0.00016,Torr
2026-02-09T06:44:02.046117,38936.237,0.00016,Torr
2026-02-09T06:44:09.171024,38943.362,0.000165,Torr
2026-02-09T06:44:14.201403,38948.393,0.00017,Torr
2026-02-09T06:44:21.310785,38955.502,0.00017,Torr
2026-02-09T06:44:26.341201,38960.532,0.00017,Torr
2026-02-09T06:44:33.466203,38967.657,0.00017,Torr
2026-02-09T06:44:38.496633,38972.688,0.00017,Torr
2026-02-09T06:44:45.606030,38979.797,0.00017,Torr
2026-02-09T06:44:50.636432,38984.828,0.00017,Torr
2026-02-09T06:44:57.745868,38991.937,0.00017,Torr
2026-02-09T06:45:02.776295,38996.967,0.00017,Torr
2026-02-09T06:45:09.885664,39004.077,0.00017500000000000003,Torr
2026-02-09T06:45:14.916040,39009.107,0.00018,Torr
2026-02-09T06:45:22.025462,39016.217,0.00018,Torr
2026-02-09T06:45:27.055843,39021.247,0.00018,Torr
2026-02-09T06:45:34.165241,39028.356,0.00018,Torr
2026-02-09T06:45:39.195648,39033.387,0.00018,Torr
2026-02-09T06:45:46.305116,39040.496,0.00018,Torr
2026-02-09T06:45:51.335462,39045.527,0.00018,Torr
2026-02-09T06:45:58.444895,39052.636,0.000185,Torr
2026-02-09T06:46:03.475260,39057.666,0.00019,Torr
2026-02-09T06:46:10.584694,39064.776,0.00019,Torr
2026-02-09T06:46:15.615086,39069.806,0.00019,Torr
2026-02-09T06:46:22.724554,39076.916,0.00019,Torr
2026-02-09T06:46:27.754874,39081.946,0.00019,Torr
2026-02-09T06:46:34.879932,39089.071,0.00019,Torr
2026-02-09T06:46:39.910291,39094.101,0.00019,Torr
2026-02-09T06:46:47.019738,39101.211,0.00019,Torr
2026-02-09T06:46:52.050109,39106.241,0.00019,Torr
2026-02-09T06:46:59.159529,39113.351,0.0002,Torr
2026-02-09T06:47:04.189903,39118.381,0.0002,Torr
2026-02-09T06:47:11.299440,39125.491,0.0002,Torr
2026-02-09T06:47:16.329729,39130.521,0.0002,Torr
2026-02-09T06:47:23.439202,39137.630,0.000205,Torr
2026-02-09T06:47:28.469520,39142.661,0.0002,Torr
2026-02-09T06:47:35.578943,39149.770,0.00021,Torr
2026-02-09T06:47:40.609320,39154.800,0.00021,Torr
2026-02-09T06:47:47.718737,39161.910,0.00021,Torr
2026-02-09T06:47:52.749133,39166.940,0.00022,Torr
2026-02-09T06:47:59.858550,39174.050,0.00022,Torr
2026-02-09T06:48:04.888948,39179.080,0.00022,Torr
2026-02-09T06:48:11.998339,39186.189,0.00022,Torr
2026-02-09T06:48:17.028792,39191.220,0.00022,Torr
2026-02-09T06:48:24.138187,39198.329,0.00022,Torr
2026-02-09T06:48:29.168563,39203.360,0.00022,Torr
2026-02-09T06:48:36.293583,39210.485,0.00022,Torr
2026-02-09T06:48:41.324005,39215.515,0.00022,Torr
2026-02-09T06:48:48.433399,39222.625,0.00023,Torr
2026-02-09T06:48:53.463822,39227.655,0.00023,Torr
2026-02-09T06:49:00.573241,39234.764,0.00023,Torr
2026-02-09T06:49:05.603691,39239.795,0.00023,Torr
2026-02-09T06:49:12.713036,39246.904,0.00023,Torr
2026-02-09T06:49:17.743416,39251.935,0.00024,Torr
2026-02-09T06:49:24.852818,39259.044,0.00024,Torr
2026-02-09T06:49:29.883242,39264.074,0.00024,Torr
2026-02-09T06:49:37.008245,39271.199,0.00024,Torr
2026-02-09T06:49:42.038676,39276.230,0.00024,Torr
2026-02-09T06:49:49.148037,39283.339,0.00024,Torr
2026-02-09T06:49:54.178572,39288.370,0.00025,Torr
2026-02-09T06:50:01.287855,39295.479,0.000245,Torr
2026-02-09T06:50:06.318254,39300.509,0.00025,Torr
2026-02-09T06:50:13.427641,39307.619,0.00025,Torr
2026-02-09T06:50:18.458061,39312.649,0.00025,Torr
2026-02-09T06:50:25.567475,39319.759,0.000255,Torr
2026-02-09T06:50:30.597847,39324.789,0.00026,Torr
2026-02-09T06:50:37.707269,39331.898,0.00026,Torr
2026-02-09T06:50:42.737666,39336.929,0.00026,Torr
2026-02-09T06:50:49.847100,39344.038,0.00026,Torr
2026-02-09T06:50:54.877628,39349.069,0.00026,Torr
2026-02-09T06:51:01.986918,39356.178,0.00027,Torr
2026-02-09T06:51:07.017275,39361.208,0.00027,Torr
2026-02-09T06:51:14.126685,39368.318,0.00027,Torr
2026-02-09T06:51:19.157264,39373.348,0.00027,Torr
2026-02-09T06:51:26.266508,39380.458,0.00027,Torr
2026-02-09T06:51:31.296899,39385.488,0.00027,Torr
2026-02-09T06:51:38.406283,39392.597,0.00027,Torr
2026-02-09T06:51:43.436863,39397.628,0.00027,Torr
2026-02-09T06:51:50.546122,39404.737,0.00027499999999999996,Torr
2026-02-09T06:51:55.576495,39409.768,0.00028,Torr
2026-02-09T06:52:02.685870,39416.877,0.00028,Torr
2026-02-09T06:52:07.716347,39421.907,0.00028,Torr
2026-02-09T06:52:14.825724,39429.017,0.00028,Torr
2026-02-09T06:52:19.856214,39434.047,0.00028,Torr
2026-02-09T06:52:26.965565,39441.157,0.00029,Torr
2026-02-09T06:52:31.995927,39446.187,0.00029,Torr
2026-02-09T06:52:39.105367,39453.297,0.00029,Torr
2026-02-09T06:52:44.135765,39458.327,0.00029,Torr
2026-02-09T06:52:51.245099,39465.436,0.0003,Torr
2026-02-09T06:52:56.275526,39470.467,0.0003,Torr
2026-02-09T06:53:03.385001,39477.576,0.0001715,Torr
2026-02-09T06:53:08.415342,39482.606,1.3e-05,Torr
2026-02-09T06:53:15.524750,39489.716,8.75e-06,Torr
2026-02-09T06:53:20.555215,39494.746,7.4e-06,Torr
2026-02-09T06:53:27.664572,39501.856,6.75e-06,Torr
2026-02-09T06:53:32.694960,39506.886,6.4e-06,Torr
2026-02-09T06:53:39.804333,39513.995,5.950000000000001e-06,Torr
2026-02-09T06:53:44.834763,39519.026,5.7e-06,Torr
2026-02-09T06:53:51.944196,39526.135,5.35e-06,Torr
2026-02-09T06:53:56.974574,39531.166,5.2e-06,Torr
2026-02-09T06:54:04.084024,39538.275,4.95e-06,Torr
2026-02-09T06:54:09.114384,39543.306,4.9e-06,Torr
2026-02-09T06:54:16.223796,39550.415,4.8e-06,Torr
2026-02-09T06:54:21.254215,39555.445,4.6e-06,Torr
2026-02-09T06:54:28.363632,39562.555,4.7e-06,Torr
2026-02-09T06:54:33.394068,39567.585,4.6e-06,Torr
2026-02-09T06:54:40.518985,39574.710,4.5e-06,Torr
2026-02-09T06:54:45.549406,39579.741,4.4e-06,Torr
2026-02-09T06:54:52.658798,39586.850,4.4e-06,Torr
2026-02-09T06:54:57.689212,39591.880,4.3e-06,Torr
2026-02-09T06:55:04.798664,39598.990,4.2e-06,Torr
2026-02-09T06:55:09.829257,39604.020,4.2e-06,Torr
2026-02-09T06:55:16.938483,39611.130,4.2e-06,Torr
2026-02-09T06:55:21.969458,39616.161,4.2e-06,Torr
2026-02-09T06:55:30.094241,39624.285,4.1e-06,Torr
2026-02-09T06:55:35.124782,39629.316,4.1e-06,Torr
2026-02-09T06:55:42.234213,39636.425,4.1e-06,Torr
2026-02-09T06:55:47.264587,39641.456,4.1e-06,Torr
2026-02-09T06:55:54.374028,39648.565,4.05e-06,Torr
2026-02-09T06:55:59.404394,39653.596,4e-06,Torr
2026-02-09T06:56:06.513800,39660.705,4.05e-06,Torr
2026-02-09T06:56:11.544193,39665.735,4e-06,Torr
2026-02-09T06:56:18.669260,39672.860,4e-06,Torr
2026-02-09T06:56:23.699720,39677.891,4.1e-06,Torr
2026-02-09T06:56:30.809057,39685.000,4e-06,Torr
2026-02-09T06:56:35.839432,39690.031,4e-06,Torr
2026-02-09T06:56:42.948806,39697.140,4.05e-06,Torr
2026-02-09T06:56:47.979266,39702.170,4e-06,Torr
2026-02-09T06:56:55.088688,39709.280,4.05e-06,Torr
2026-02-09T06:57:00.119066,39714.310,4.1e-06,Torr
2026-02-09T06:57:07.228497,39721.420,4.1e-06,Torr
2026-02-09T06:57:12.258857,39726.450,4.1e-06,Torr
2026-02-09T06:57:19.368294,39733.559,4e-06,Torr
2026-02-09T06:57:24.398650,39738.590,4.1e-06,Torr
2026-02-09T06:57:31.508033,39745.699,4.1e-06,Torr
2026-02-09T06:57:36.538465,39750.730,4.1e-06,Torr
2026-02-09T06:57:43.647951,39757.839,4.1e-06,Torr
2026-02-09T06:57:48.678282,39762.869,4.1e-06,Torr
2026-02-09T06:57:55.787698,39769.979,4.1e-06,Torr
2026-02-09T06:58:00.818255,39775.009,4.1e-06,Torr
2026-02-09T06:58:07.927461,39782.119,4.1e-06,Torr
2026-02-09T06:58:12.958079,39787.149,4.1e-06,Torr
2026-02-09T06:58:20.067320,39794.258,4.2e-06,Torr
2026-02-09T06:58:25.097752,39799.289,4.1e-06,Torr
2026-02-09T06:58:32.207124,39806.398,4.149999999999999e-06,Torr
2026-02-09T06:58:37.237531,39811.429,4.1e-06,Torr
2026-02-09T06:58:44.346926,39818.538,4.2e-06,Torr
2026-02-09T06:58:49.377324,39823.568,4.2e-06,Torr
2026-02-09T06:58:56.486781,39830.678,4.2e-06,Torr
2026-02-09T06:59:01.517243,39835.708,4.2e-06,Torr
2026-02-09T06:59:08.626489,39842.818,4.2e-06,Torr
2026-02-09T06:59:13.656915,39847.848,4.2e-06,Torr
2026-02-09T06:59:20.766346,39854.957,4.2e-06,Torr
2026-02-09T06:59:25.796719,39859.988,4.2e-06,Torr
2026-02-09T06:59:32.906191,39867.097,4.2e-06,Torr
2026-02-09T06:59:37.936578,39872.128,4.2e-06,Torr
2026-02-09T06:59:45.045981,39879.237,4.2e-06,Torr
2026-02-09T06:59:50.076312,39884.267,4.2e-06,Torr
2026-02-09T06:59:57.185750,39891.377,4.3e-06,Torr
2026-02-09T07:00:02.216142,39896.407,4.3e-06,Torr
2026-02-09T07:00:09.325496,39903.517,4.350000000000001e-06,Torr
2026-02-09T07:00:14.356030,39908.547,4.3e-06,Torr
2026-02-09T07:00:21.465376,39915.657,4.25e-06,Torr
2026-02-09T07:00:26.495793,39920.687,4.3e-06,Torr
2026-02-09T07:00:33.605156,39927.796,4.3e-06,Torr
2026-02-09T07:00:38.635633,39932.827,4.3e-06,Torr
2026-02-09T07:00:45.744986,39939.936,4.350000000000001e-06,Torr
2026-02-09T07:00:50.775416,39944.967,4.4e-06,Torr
2026-02-09T07:00:57.884783,39952.076,4.4e-06,Torr
2026-02-09T07:01:02.915163,39957.106,4.4e-06,Torr
2026-02-09T07:01:10.024603,39964.216,4.4e-06,Torr
2026-02-09T07:01:15.054971,39969.246,4.6e-06,Torr
2026-02-09T07:01:22.164396,39976.356,4.6499999999999995e-06,Torr
2026-02-09T07:01:27.194784,39981.386,4.5e-06,Torr
2026-02-09T07:01:34.304218,39988.495,4.45e-06,Torr
2026-02-09T07:01:39.334592,39993.526,4.4e-06,Torr
2026-02-09T07:01:46.444115,40000.635,4.4e-06,Torr
2026-02-09T07:01:51.474391,40005.666,4.4e-06,Torr
2026-02-09T07:01:58.583814,40012.775,4.45e-06,Torr
2026-02-09T07:02:03.614204,40017.805,4.4e-06,Torr
2026-02-09T07:02:10.739306,40024.930,4.45e-06,Torr
2026-02-09T07:02:15.769932,40029.961,4.5e-06,Torr
2026-02-09T07:02:22.879068,40037.070,4.45e-06,Torr
2026-02-09T07:02:27.909480,40042.101,4.4e-06,Torr
2026-02-09T07:02:35.018835,40049.210,4.5e-06,Torr
2026-02-09T07:02:40.049238,40054.240,4.5e-06,Torr
2026-02-09T07:02:47.158653,40061.350,4.45e-06,Torr
2026-02-09T07:02:52.189058,40066.380,4.5e-06,Torr
2026-02-09T07:02:59.298515,40073.490,4.5e-06,Torr
2026-02-09T07:03:04.329085,40078.520,4.4e-06,Torr
2026-02-09T07:03:11.453976,40085.645,4.5e-06,Torr
2026-02-09T07:03:16.484324,40090.675,4.5e-06,Torr
2026-02-09T07:03:23.593722,40097.785,4.5e-06,Torr
2026-02-09T07:03:28.624211,40102.815,4.5e-06,Torr
2026-02-09T07:03:35.733533,40109.925,4.45e-06,Torr
2026-02-09T07:03:40.763884,40114.955,4.5e-06,Torr
2026-02-09T07:03:47.873338,40122.064,4.5e-06,Torr
2026-02-09T07:03:52.903704,40127.095,4.5e-06,Torr
2026-02-09T07:04:00.013186,40134.204,4.5e-06,Torr
2026-02-09T07:04:05.043518,40139.235,4.5e-06,Torr
2026-02-09T07:04:12.168618,40146.360,4.5e-06,Torr
2026-02-09T07:04:17.199125,40151.390,4.5e-06,Torr
2026-02-09T07:04:24.308405,40158.500,4.5e-06,Torr
2026-02-09T07:04:29.338783,40163.530,4.5e-06,Torr
2026-02-09T07:04:36.448205,40170.639,4.5e-06,Torr
2026-02-09T07:04:41.478574,40175.670,4.5e-06,Torr
2026-02-09T07:04:48.587976,40182.779,4.5e-06,Torr
2026-02-09T07:04:53.618370,40187.810,4.5e-06,Torr
2026-02-09T07:05:00.727807,40194.919,4.5e-06,Torr
2026-02-09T07:05:05.758167,40199.949,4.5e-06,Torr
2026-02-09T07:05:12.867592,40207.059,4.5e-06,Torr
2026-02-09T07:05:17.897987,40212.089,4.5e-06,Torr
2026-02-09T07:05:25.007354,40219.198,4.5e-06,Torr
2026-02-09T07:05:30.037776,40224.229,4.6e-06,Torr
2026-02-09T07:05:37.147245,40231.338,4.5e-06,Torr
2026-02-09T07:05:42.177630,40236.369,4.5e-06,Torr
2026-02-09T07:05:49.286932,40243.478,4.5e-06,Torr
2026-02-09T07:05:54.317377,40248.509,4.6e-06,Torr
2026-02-09T07:06:01.426812,40255.618,4.5e-06,Torr
2026-02-09T07:06:06.457320,40260.648,4.6e-06,Torr
2026-02-09T07:06:13.582294,40267.773,4.6e-06,Torr
2026-02-09T07:06:18.612624,40272.804,4.6e-06,Torr
2026-02-09T07:06:25.722034,40279.913,4.6e-06,Torr
2026-02-09T07:06:30.752489,40284.944,4.7e-06,Torr
2026-02-09T07:06:37.861849,40292.053,4.6e-06,Torr
2026-02-09T07:06:42.892224,40297.083,4.7e-06,Torr
2026-02-09T07:06:50.001673,40304.193,4.6499999999999995e-06,Torr
2026-02-09T07:06:55.032025,40309.223,4.7e-06,Torr
2026-02-09T07:07:02.141442,40316.333,4.6e-06,Torr
2026-02-09T07:07:07.171839,40321.363,4.7e-06,Torr
2026-02-09T07:07:14.296910,40328.488,4.6499999999999995e-06,Torr
2026-02-09T07:07:19.327342,40333.518,4.7e-06,Torr
2026-02-09T07:07:26.436694,40340.628,4.7e-06,Torr
2026-02-09T07:07:31.467101,40345.658,4.7e-06,Torr
2026-02-09T07:07:38.576460,40352.768,4.6499999999999995e-06,Torr
2026-02-09T07:07:43.606932,40357.798,4.7e-06,Torr
2026-02-09T07:07:50.716327,40364.907,4.7e-06,Torr
2026-02-09T07:07:55.746693,40369.938,4.7e-06,Torr
2026-02-09T07:08:02.856123,40377.047,4.7e-06,Torr
2026-02-09T07:08:07.886568,40382.078,4.7e-06,Torr
2026-02-09T07:08:15.011547,40389.203,4.7e-06,Torr
2026-02-09T07:08:20.041940,40394.233,4.7e-06,Torr
2026-02-09T07:08:27.151391,40401.343,4.6499999999999995e-06,Torr
2026-02-09T07:08:32.181741,40406.373,4.7e-06,Torr
2026-02-09T07:08:39.291133,40413.482,4.7e-06,Torr
2026-02-09T07:08:44.321763,40418.513,4.7e-06,Torr
2026-02-09T07:08:51.431012,40425.622,4.7e-06,Torr
2026-02-09T07:08:56.461382,40430.653,4.7e-06,Torr
2026-02-09T07:09:03.570831,40437.762,4.7e-06,Torr
2026-02-09T07:09:08.601144,40442.792,4.7e-06,Torr
2026-02-09T07:09:15.726246,40449.917,4.7e-06,Torr
2026-02-09T07:09:20.756663,40454.948,4.7e-06,Torr
2026-02-09T07:09:27.866028,40462.057,4.7e-06,Torr
2026-02-09T07:09:32.896390,40467.088,4.7e-06,Torr
2026-02-09T07:09:40.005812,40474.197,4.7e-06,Torr
2026-02-09T07:09:45.036223,40479.227,4.7e-06,Torr
2026-02-09T07:09:52.145666,40486.337,4.7e-06,Torr
2026-02-09T07:09:57.176021,40491.367,4.7e-06,Torr
2026-02-09T07:10:04.285384,40498.477,4.7e-06,Torr
2026-02-09T07:10:09.315855,40503.507,4.7e-06,Torr
2026-02-09T07:10:16.440895,40510.632,4.7e-06,Torr
2026-02-09T07:10:21.471255,40515.662,4.6e-06,Torr
2026-02-09T07:10:28.580648,40522.772,4.7e-06,Torr
2026-02-09T07:10:33.611055,40527.802,4.7e-06,Torr
2026-02-09T07:10:40.720487,40534.912,4.7e-06,Torr
2026-02-09T07:10:45.750845,40539.942,4.7e-06,Torr
2026-02-09T07:10:52.860225,40547.051,4.7e-06,Torr
2026-02-09T07:10:57.890720,40552.082,4.7e-06,Torr
2026-02-09T07:11:05.000055,40559.191,4.7e-06,Torr
2026-02-09T07:11:10.030448,40564.222,4.7e-06,Torr
2026-02-09T07:11:17.155518,40571.347,4.7e-06,Torr
2026-02-09T07:11:22.185896,40576.377,4.7e-06,Torr
2026-02-09T07:11:29.295328,40583.486,4.7e-06,Torr
2026-02-09T07:11:34.326030,40588.517,4.7e-06,Torr
2026-02-09T07:11:41.435152,40595.626,4.7e-06,Torr
2026-02-09T07:11:46.465489,40600.657,4.7e-06,Torr
2026-02-09T07:11:53.575004,40607.766,4.7e-06,Torr
2026-02-09T07:11:58.605322,40612.796,4.7e-06,Torr
2026-02-09T07:12:05.714742,40619.906,4.7e-06,Torr
2026-02-09T07:12:10.745147,40624.936,4.7e-06,Torr
2026-02-09T07:12:17.854529,40632.046,4.7e-06,Torr
2026-02-09T07:12:22.885107,40637.076,4.7e-06,Torr
2026-02-09T07:12:29.994379,40644.186,4.7e-06,Torr
2026-02-09T07:12:35.024791,40649.216,4.7e-06,Torr
2026-02-09T07:12:42.134132,40656.325,4.7e-06,Torr
2026-02-09T07:12:47.164549,40661.356,4.7e-06,Torr
2026-02-09T07:12:54.274010,40668.465,4.7e-06,Torr
2026-02-09T07:12:59.304367,40673.496,4.7e-06,Torr
2026-02-09T07:13:06.413781,40680.605,4.7e-06,Torr
2026-02-09T07:13:11.444145,40685.635,4.7e-06,Torr
2026-02-09T07:13:18.569254,40692.760,4.7e-06,Torr
2026-02-09T07:13:23.599595,40697.791,4.7e-06,Torr
2026-02-09T07:13:30.708995,40704.900,4.7e-06,Torr
2026-02-09T07:13:35.739389,40709.931,4.8e-06,Torr
2026-02-09T07:13:42.848791,40717.040,4.75e-06,Torr
2026-02-09T07:13:47.879228,40722.070,4.7e-06,Torr
2026-02-09T07:13:54.988605,40729.180,4.9999999999999996e-06,Torr
2026-02-09T07:14:00.019053,40734.210,5.1e-06,Torr
2026-02-09T07:14:07.128449,40741.320,4.95e-06,Torr
2026-02-09T07:14:12.158786,40746.350,4.9e-06,Torr
2026-02-09T07:14:19.283844,40753.475,4.8e-06,Torr
2026-02-09T07:14:24.314263,40758.505,4.8e-06,Torr
2026-02-09T07:14:31.423711,40765.615,4.75e-06,Torr
2026-02-09T07:14:36.454044,40770.645,4.8e-06,Torr
2026-02-09T07:14:43.563461,40777.755,4.8e-06,Torr
2026-02-09T07:14:48.593853,40782.785,4.7e-06,Torr
2026-02-09T07:14:55.703212,40789.894,4.75e-06,Torr
2026-02-09T07:15:00.733642,40794.925,4.7e-06,Torr
2026-02-09T07:15:07.843068,40802.034,4.7e-06,Torr
2026-02-09T07:15:12.873461,40807.065,4.7e-06,Torr
2026-02-09T07:15:19.998523,40814.190,4.75e-06,Torr
2026-02-09T07:15:25.028883,40819.220,4.7e-06,Torr
2026-02-09T07:15:32.138324,40826.329,4.8e-06,Torr
2026-02-09T07:15:37.168747,40831.360,4.9e-06,Torr
2026-02-09T07:15:44.278090,40838.469,4.9e-06,Torr
2026-02-09T07:15:49.308528,40843.500,4.8e-06,Torr
2026-02-09T07:15:56.417880,40850.609,4.8e-06,Torr
2026-02-09T07:16:01.448302,40855.639,4.8e-06,Torr
2026-02-09T07:16:08.557697,40862.749,4.75e-06,Torr
2026-02-09T07:16:13.588082,40867.779,4.8e-06,Torr
2026-02-09T07:16:20.713105,40874.904,4.75e-06,Torr
2026-02-09T07:16:25.743545,40879.935,4.7e-06,Torr
2026-02-09T07:16:32.852993,40887.044,4.75e-06,Torr
2026-02-09T07:16:37.883399,40892.075,4.8e-06,Torr
2026-02-09T07:16:44.992803,40899.184,4.849999999999999e-06,Torr
2026-02-09T07:16:50.023141,40904.214,4.7e-06,Torr
2026-02-09T07:16:57.132586,40911.324,4.8e-06,Torr
2026-02-09T07:17:02.163002,40916.354,4.7e-06,Torr
2026-02-09T07:17:09.272377,40923.464,4.8e-06,Torr
2026-02-09T07:17:14.302769,40928.494,4.8e-06,Torr
2026-02-09T07:17:21.427835,40935.619,4.75e-06,Torr
2026-02-09T07:17:26.458207,40940.649,4.9e-06,Torr
2026-02-09T07:17:33.567630,40947.759,4.9e-06,Torr
2026-02-09T07:17:38.598053,40952.789,4.9e-06,Torr
2026-02-09T07:17:45.707388,40959.899,4.7e-06,Torr
2026-02-09T07:17:50.737809,40964.929,4.8e-06,Torr
2026-02-09T07:17:57.847195,40972.038,4.75e-06,Torr
2026-02-09T07:18:02.877617,40977.069,4.8e-06,Torr
2026-02-09T07:18:09.987078,40984.178,4.8e-06,Torr
2026-02-09T07:18:15.017454,40989.209,4.7e-06,Torr
2026-02-09T07:18:22.142467,40996.334,4.9e-06,Torr
2026-02-09T07:18:27.172849,41001.364,4.9e-06,Torr
2026-02-09T07:18:34.282231,41008.473,4.8e-06,Torr
2026-02-09T07:18:39.312656,41013.504,4.9e-06,Torr
2026-02-09T07:18:46.422079,41020.613,4.8e-06,Torr
2026-02-09T07:18:51.452475,41025.644,4.7e-06,Torr
2026-02-09T07:18:58.561881,41032.753,4.8e-06,Torr
2026-02-09T07:19:03.592293,41037.783,4.9e-06,Torr
2026-02-09T07:19:10.701720,41044.893,4.849999999999999e-06,Torr
2026-02-09T07:19:15.732115,41049.923,4.8e-06,Torr
2026-02-09T07:19:22.857100,41057.048,4.849999999999999e-06,Torr
2026-02-09T07:19:27.887496,41062.079,4.8e-06,Torr
2026-02-09T07:19:34.996946,41069.188,4.849999999999999e-06,Torr
2026-02-09T07:19:40.027316,41074.218,4.9e-06,Torr
2026-02-09T07:19:47.136724,41081.328,4.849999999999999e-06,Torr
2026-02-09T07:19:52.167109,41086.358,4.9e-06,Torr
2026-02-09T07:19:59.276528,41093.468,4.8e-06,Torr
2026-02-09T07:20:04.307064,41098.498,4.9e-06,Torr
2026-02-09T07:20:11.416361,41105.608,4.849999999999999e-06,Torr
2026-02-09T07:20:16.446734,41110.638,4.8e-06,Torr
2026-02-09T07:20:23.571803,41117.763,4.9e-06,Torr
2026-02-09T07:20:28.602167,41122.793,4.9e-06,Torr
2026-02-09T07:20:35.711637,41129.903,4.9e-06,Torr
2026-02-09T07:20:40.741956,41134.933,4.9e-06,Torr
2026-02-09T07:20:47.851342,41142.042,4.9e-06,Torr
2026-02-09T07:20:52.881879,41147.073,4.9e-06,Torr
2026-02-09T07:20:59.991252,41154.182,4.9e-06,Torr
2026-02-09T07:21:05.021656,41159.213,4.9e-06,Torr
2026-02-09T07:21:12.131026,41166.322,4.9e-06,Torr
2026-02-09T07:21:17.161448,41171.353,4.9e-06,Torr
2026-02-09T07:21:24.286386,41178.478,4.9e-06,Torr
2026-02-09T07:21:29.316820,41183.508,4.9e-06,Torr
2026-02-09T07:21:36.426268,41190.617,4.9e-06,Torr
2026-02-09T07:21:41.456630,41195.648,4.9e-06,Torr
2026-02-09T07:21:48.566031,41202.757,4.9e-06,Torr
2026-02-09T07:21:53.596457,41207.788,4.9e-06,Torr
2026-02-09T07:22:00.705856,41214.897,4.9e-06,Torr
2026-02-09T07:22:05.736245,41219.927,4.9e-06,Torr
2026-02-09T07:22:12.845648,41227.037,4.9e-06,Torr
2026-02-09T07:22:17.876053,41232.067,4.9e-06,Torr
2026-02-09T07:22:25.001090,41239.192,4.9e-06,Torr
2026-02-09T07:22:30.031626,41244.223,4.9e-06,Torr
2026-02-09T07:22:37.141004,41251.332,4.9e-06,Torr
2026-02-09T07:22:42.171294,41256.362,4.9e-06,Torr
2026-02-09T07:22:49.280679,41263.472,4.9e-06,Torr
2026-02-09T07:22:54.311140,41268.502,4.9e-06,Torr
2026-02-09T07:23:01.420525,41275.612,4.9e-06,Torr
2026-02-09T07:23:06.450946,41280.642,4.9e-06,Torr
2026-02-09T07:23:13.560297,41287.751,4.9e-06,Torr
2026-02-09T07:23:18.590775,41292.782,4.9e-06,Torr
2026-02-09T07:23:25.715726,41299.907,4.9e-06,Torr
2026-02-09T07:23:30.746135,41304.937,4.9e-06,Torr
2026-02-09T07:23:37.855568,41312.047,4.9e-06,Torr
2026-02-09T07:23:42.885924,41317.077,4.9e-06,Torr
2026-02-09T07:23:49.995332,41324.186,4.95e-06,Torr
2026-02-09T07:23:55.025837,41329.217,4.9e-06,Torr
2026-02-09T07:24:02.135144,41336.326,5e-06,Torr
2026-02-09T07:24:07.165531,41341.357,5e-06,Torr
2026-02-09T07:24:14.274937,41348.466,5.050000000000001e-06,Torr
2026-02-09T07:24:19.305502,41353.497,5.1e-06,Torr
2026-02-09T07:24:26.430435,41360.622,5e-06,Torr
2026-02-09T07:24:31.460769,41365.652,5e-06,Torr
2026-02-09T07:24:38.570150,41372.761,5e-06,Torr
2026-02-09T07:24:43.600574,41377.792,5e-06,Torr
2026-02-09T07:24:50.710007,41384.901,5.050000000000001e-06,Torr
2026-02-09T07:24:55.740394,41389.932,5.1e-06,Torr
2026-02-09T07:25:02.849853,41397.041,5e-06,Torr
2026-02-09T07:25:07.880249,41402.071,4.9e-06,Torr
2026-02-09T07:25:14.989606,41409.181,5.050000000000001e-06,Torr
2026-02-09T07:25:20.020029,41414.211,5e-06,Torr
2026-02-09T07:25:27.145051,41421.336,5.050000000000001e-06,Torr
2026-02-09T07:25:32.175445,41426.367,5e-06,Torr
2026-02-09T07:25:39.284795,41433.476,5.1e-06,Torr
2026-02-09T07:25:44.315273,41438.506,5.5e-06,Torr
2026-02-09T07:25:51.424679,41445.616,5.4e-06,Torr
2026-02-09T07:25:56.455047,41450.646,5.2e-06,Torr
2026-02-09T07:26:03.564438,41457.756,5.1e-06,Torr
2026-02-09T07:26:08.594918,41462.786,5.1e-06,Torr
2026-02-09T07:26:15.704230,41469.895,5.1e-06,Torr
2026-02-09T07:26:20.734665,41474.926,5.1e-06,Torr
2026-02-09T07:26:27.844091,41482.035,5.050000000000001e-06,Torr
2026-02-09T07:26:32.874503,41487.066,5e-06,Torr
2026-02-09T07:26:39.983899,41494.175,5.1e-06,Torr
2026-02-09T07:26:45.014262,41499.205,5.1e-06,Torr
2026-02-09T07:26:52.123708,41506.315,5.1e-06,Torr
2026-02-09T07:26:57.154332,41511.345,5.1e-06,Torr
2026-02-09T07:27:04.263529,41518.455,5.1e-06,Torr
2026-02-09T07:27:09.293871,41523.485,5.1e-06,Torr
2026-02-09T07:27:16.403253,41530.594,5.1e-06,Torr
2026-02-09T07:27:21.433730,41535.625,5.1e-06,Torr
2026-02-09T07:27:28.558757,41542.750,5.1e-06,Torr
2026-02-09T07:27:33.589147,41547.780,5.1e-06,Torr
2026-02-09T07:27:40.698533,41554.890,5.050000000000001e-06,Torr
2026-02-09T07:27:45.728937,41559.920,5.1e-06,Torr
2026-02-09T07:27:52.838412,41567.030,5.1e-06,Torr
2026-02-09T07:27:57.868789,41572.060,5.1e-06,Torr
2026-02-09T07:28:04.978163,41579.169,5.1e-06,Torr
2026-02-09T07:28:10.008538,41584.200,5.1e-06,Torr
2026-02-09T07:28:17.118024,41591.309,5.1e-06,Torr
2026-02-09T07:28:22.148335,41596.339,5.1e-06,Torr
2026-02-09T07:28:29.273346,41603.464,5.1e-06,Torr
2026-02-09T07:28:34.303783,41608.495,5.1e-06,Torr
2026-02-09T07:28:41.428805,41615.620,5.1e-06,Torr
2026-02-09T07:28:46.459188,41620.650,5.1e-06,Torr
2026-02-09T07:28:53.568585,41627.760,5.2e-06,Torr
2026-02-09T07:28:58.599046,41632.790,5.1e-06,Torr
2026-02-09T07:29:05.708401,41639.900,5.1e-06,Torr
2026-02-09T07:29:10.738796,41644.930,5.1e-06,Torr
2026-02-09T07:29:17.848183,41652.039,5.2e-06,Torr
2026-02-09T07:29:22.878606,41657.070,5.2e-06,Torr
2026-02-09T07:29:30.003698,41664.195,5.2500000000000006e-06,Torr
2026-02-09T07:29:35.034055,41669.225,5.1e-06,Torr
2026-02-09T07:29:42.143499,41676.335,5.15e-06,Torr
2026-02-09T07:29:47.173873,41681.365,5.1e-06,Torr
2026-02-09T07:29:54.283205,41688.474,5.15e-06,Torr
2026-02-09T07:29:59.313712,41693.505,5.2e-06,Torr
2026-02-09T07:30:06.423075,41700.614,5.2500000000000006e-06,Torr
2026-02-09T07:30:11.453480,41705.645,5.2e-06,Torr
2026-02-09T07:30:18.562913,41712.754,5.2e-06,Torr
2026-02-09T07:30:23.593262,41717.784,5.2e-06,Torr
2026-02-09T07:30:30.718344,41724.909,5.3e-06,Torr
2026-02-09T07:30:35.748733,41729.940,5.2e-06,Torr
2026-02-09T07:30:42.858105,41737.049,5.2e-06,Torr
2026-02-09T07:30:47.888563,41742.080,5.2e-06,Torr
2026-02-09T07:30:54.997931,41749.189,5.2500000000000006e-06,Torr
2026-02-09T07:31:00.028433,41754.220,5.3e-06,Torr
2026-02-09T07:31:07.137788,41761.329,5.2e-06,Torr
2026-02-09T07:31:12.168135,41766.359,5.3e-06,Torr
2026-02-09T07:31:19.277537,41773.469,5.2500000000000006e-06,Torr
2026-02-09T07:31:24.307945,41778.499,5.2e-06,Torr
2026-02-09T07:31:31.432977,41785.624,5.2500000000000006e-06,Torr
2026-02-09T07:31:36.463579,41790.655,5.3e-06,Torr
2026-02-09T07:31:43.572802,41797.764,5.3e-06,Torr
2026-02-09T07:31:48.603172,41802.794,5.3e-06,Torr
2026-02-09T07:31:55.712653,41809.904,5.2e-06,Torr
2026-02-09T07:32:00.742973,41814.934,5.3e-06,Torr
2026-02-09T07:32:07.852442,41822.044,5.3e-06,Torr
2026-02-09T07:32:12.882829,41827.074,5.3e-06,Torr
2026-02-09T07:32:19.992192,41834.183,5.3e-06,Torr
2026-02-09T07:32:25.022585,41839.214,5.3e-06,Torr
2026-02-09T07:32:32.147738,41846.339,5.3e-06,Torr
2026-02-09T07:32:37.178038,41851.369,5.3e-06,Torr
2026-02-09T07:32:44.287484,41858.479,5.2500000000000006e-06,Torr
2026-02-09T07:32:49.317822,41863.509,5.3e-06,Torr
2026-02-09T07:32:56.427236,41870.618,5.3e-06,Torr
2026-02-09T07:33:01.457639,41875.649,5.3e-06,Torr
2026-02-09T07:33:08.567022,41882.758,5.35e-06,Torr
2026-02-09T07:33:13.597424,41887.789,5.4e-06,Torr
2026-02-09T07:33:20.706967,41894.898,5.4e-06,Torr
2026-02-09T07:33:25.737310,41899.928,5.3e-06,Torr
2026-02-09T07:33:32.862304,41907.053,5.3e-06,Torr
2026-02-09T07:33:37.892819,41912.084,5.3e-06,Torr
2026-02-09T07:33:45.002072,41919.193,5.35e-06,Torr
2026-02-09T07:33:50.032729,41924.224,5.3e-06,Torr
2026-02-09T07:33:57.141884,41931.333,5.3e-06,Torr
2026-02-09T07:34:02.172304,41936.363,5.3e-06,Torr
2026-02-09T07:34:09.281776,41943.473,5.45e-06,Torr
2026-02-09T07:34:14.312146,41948.503,5.4e-06,Torr
2026-02-09T07:34:21.421542,41955.613,5.45e-06,Torr
2026-02-09T07:34:26.451922,41960.643,5.4e-06,Torr
2026-02-09T07:34:33.576912,41967.768,5.4e-06,Torr
2026-02-09T07:34:38.607358,41972.798,5.4e-06,Torr
2026-02-09T07:34:45.716743,41979.908,5.4e-06,Torr
2026-02-09T07:34:50.747120,41984.938,5.5e-06,Torr
2026-02-09T07:34:57.856587,41992.048,5.4e-06,Torr
2026-02-09T07:35:02.886936,41997.078,5.4e-06,Torr
2026-02-09T07:35:09.996370,42004.188,5.4e-06,Torr
2026-02-09T07:35:15.026741,42009.218,5.5e-06,Torr
2026-02-09T07:35:22.136152,42016.327,5.4e-06,Torr
2026-02-09T07:35:27.166581,42021.358,5.5e-06,Torr
2026-02-09T07:35:34.291615,42028.483,5.5e-06,Torr
2026-02-09T07:35:39.321975,42033.513,5.5e-06,Torr
2026-02-09T07:35:46.431432,42040.623,5.5e-06,Torr
2026-02-09T07:35:51.461793,42045.653,5.5e-06,Torr
2026-02-09T07:35:58.571178,42052.762,5.5e-06,Torr
2026-02-09T07:36:03.601626,42057.793,5.5e-06,Torr
2026-02-09T07:36:10.711066,42064.902,5.5e-06,Torr
2026-02-09T07:36:15.741386,42069.933,5.6e-06,Torr
2026-02-09T07:36:22.850804,42077.042,5.5e-06,Torr
2026-02-09T07:36:27.881249,42082.072,5.5e-06,Torr
2026-02-09T07:36:35.006243,42089.197,5.6e-06,Torr
2026-02-09T07:36:40.036659,42094.228,5.5e-06,Torr
2026-02-09T07:36:47.146074,42101.337,5.6e-06,Torr
2026-02-09T07:36:52.176450,42106.368,5.6e-06,Torr
2026-02-09T07:36:59.285888,42113.477,5.549999999999999e-06,Torr
2026-02-09T07:37:04.316290,42118.507,5.6e-06,Torr
2026-02-09T07:37:11.425629,42125.617,5.6e-06,Torr
2026-02-09T07:37:16.456043,42130.647,5.6e-06,Torr
2026-02-09T07:37:23.565466,42137.757,5.65e-06,Torr
2026-02-09T07:37:28.595989,42142.787,5.6e-06,Torr
2026-02-09T07:37:35.720899,42149.912,5.65e-06,Torr
2026-02-09T07:37:40.751310,42154.942,5.7e-06,Torr
2026-02-09T07:37:47.860670,42162.052,5.7e-06,Torr
2026-02-09T07:37:52.891092,42167.082,5.7e-06,Torr
2026-02-09T07:38:00.000482,42174.192,5.7e-06,Torr
2026-02-09T07:38:05.030962,42179.222,5.6e-06,Torr
2026-02-09T07:38:12.140284,42186.331,5.7e-06,Torr
2026-02-09T07:38:17.170759,42191.362,5.7e-06,Torr
2026-02-09T07:38:24.280113,42198.471,5.7e-06,Torr
2026-02-09T07:38:29.310498,42203.502,5.7e-06,Torr
2026-02-09T07:38:36.435575,42210.627,5.7e-06,Torr
2026-02-09T07:38:41.465941,42215.657,5.6e-06,Torr
2026-02-09T07:38:48.575312,42222.766,5.7e-06,Torr
2026-02-09T07:38:53.605748,42227.797,5.7e-06,Torr
2026-02-09T07:39:00.715189,42234.906,5.75e-06,Torr
2026-02-09T07:39:05.745556,42239.937,5.8e-06,Torr
2026-02-09T07:39:12.854916,42247.046,5.85e-06,Torr
2026-02-09T07:39:17.885350,42252.076,5.9e-06,Torr
2026-02-09T07:39:24.994783,42259.186,5.8e-06,Torr
2026-02-09T07:39:30.025190,42264.216,5.8e-06,Torr
2026-02-09T07:39:37.150246,42271.341,5.75e-06,Torr
2026-02-09T07:39:42.180627,42276.372,5.8e-06,Torr
2026-02-09T07:39:49.290059,42283.481,5.8e-06,Torr
2026-02-09T07:39:54.320394,42288.512,5.9e-06,Torr
2026-02-09T07:40:01.429774,42295.621,5.85e-06,Torr
2026-02-09T07:40:06.460222,42300.651,5.8e-06,Torr
2026-02-09T07:40:13.569626,42307.761,5.85e-06,Torr
2026-02-09T07:40:18.600310,42312.791,5.9e-06,Torr
2026-02-09T07:40:25.709442,42319.901,5.9e-06,Torr
2026-02-09T07:40:30.739808,42324.931,5.9e-06,Torr
2026-02-09T07:40:37.864865,42332.056,5.9e-06,Torr
2026-02-09T07:40:42.895299,42337.086,5.9e-06,Torr
2026-02-09T07:40:50.004637,42344.196,5.9e-06,Torr
2026-02-09T07:40:55.035049,42349.226,5.9e-06,Torr
2026-02-09T07:41:02.144528,42356.336,5.9e-06,Torr
2026-02-09T07:41:07.174872,42361.366,5.9e-06,Torr
2026-02-09T07:41:14.284266,42368.475,5.9e-06,Torr
2026-02-09T07:41:19.314893,42373.506,5.9e-06,Torr
2026-02-09T07:41:26.424114,42380.615,5.950000000000001e-06,Torr
2026-02-09T07:41:31.454515,42385.646,6e-06,Torr
2026-02-09T07:41:38.579547,42392.771,5.9e-06,Torr
2026-02-09T07:41:43.609894,42397.801,6.1e-06,Torr
2026-02-09T07:41:50.719296,42404.910,6e-06,Torr
2026-02-09T07:41:55.749712,42409.941,6.1e-06,Torr
2026-02-09T07:42:02.859168,42417.050,6e-06,Torr
2026-02-09T07:42:07.889518,42422.081,6.1e-06,Torr
2026-02-09T07:42:14.998891,42429.190,6.1e-06,Torr
2026-02-09T07:42:20.029308,42434.220,6e-06,Torr
2026-02-09T07:42:27.138746,42441.330,6.1e-06,Torr
2026-02-09T07:42:32.169151,42446.360,6.1e-06,Torr
2026-02-09T07:42:39.294206,42453.485,6.1e-06,Torr
2026-02-09T07:42:44.324606,42458.516,6.1e-06,Torr
2026-02-09T07:42:51.434000,42465.625,6.1e-06,Torr
2026-02-09T07:42:56.464353,42470.655,6.1e-06,Torr
2026-02-09T07:43:03.573781,42477.765,6.1e-06,Torr
2026-02-09T07:43:08.604347,42482.795,6.1e-06,Torr
2026-02-09T07:43:15.713571,42489.905,6.05e-06,Torr
2026-02-09T07:43:20.743971,42494.935,6.1e-06,Torr
2026-02-09T07:43:27.853407,42502.045,6.1e-06,Torr
2026-02-09T07:43:32.883779,42507.075,6.1e-06,Torr
2026-02-09T07:43:40.008775,42514.200,6.15e-06,Torr
2026-02-09T07:43:45.039226,42519.230,6.1e-06,Torr
2026-02-09T07:43:52.148603,42526.340,6.2499999999999995e-06,Torr
2026-02-09T07:43:57.179239,42531.370,6.2e-06,Torr
2026-02-09T07:44:04.288485,42538.480,6.650000000000001e-06,Torr
2026-02-09T07:44:09.318816,42543.510,6.5e-06,Torr
2026-02-09T07:44:16.428319,42550.619,6.35e-06,Torr
2026-02-09T07:44:21.458641,42555.650,6.3e-06,Torr
2026-02-09T07:44:28.568022,42562.759,6.3e-06,Torr
2026-02-09T07:44:33.598463,42567.790,6.3e-06,Torr
2026-02-09T07:44:40.723509,42574.915,6.3e-06,Torr
2026-02-09T07:44:45.753862,42579.945,6.3e-06,Torr
2026-02-09T07:44:52.863248,42587.054,6.3e-06,Torr
2026-02-09T07:44:57.893717,42592.085,6.2e-06,Torr
2026-02-09T07:45:05.003061,42599.194,6.3e-06,Torr
2026-02-09T07:45:10.033480,42604.225,6.4e-06,Torr
2026-02-09T07:45:17.142874,42611.334,6.3e-06,Torr
2026-02-09T07:45:22.173296,42616.364,6.3e-06,Torr
2026-02-09T07:45:29.282694,42623.474,6.3e-06,Torr
2026-02-09T07:45:34.313166,42628.504,6.3e-06,Torr
2026-02-09T07:45:41.438088,42635.629,6.3e-06,Torr
2026-02-09T07:45:46.468523,42640.660,6.4e-06,Torr
2026-02-09T07:45:53.577937,42647.769,6.4e-06,Torr
2026-02-09T07:45:58.608441,42652.800,6.4e-06,Torr
2026-02-09T07:46:05.717778,42659.909,6.4e-06,Torr
2026-02-09T07:46:10.748118,42664.939,6.5e-06,Torr
2026-02-09T07:46:17.857531,42672.049,6.5e-06,Torr
2026-02-09T07:46:22.887978,42677.079,6.4e-06,Torr
2026-02-09T07:46:29.997363,42684.189,6.449999999999999e-06,Torr
2026-02-09T07:46:35.027845,42689.219,6.5e-06,Torr
2026-02-09T07:46:42.152819,42696.344,6.5000000000000004e-06,Torr
2026-02-09T07:46:47.183164,42701.374,6.5e-06,Torr
2026-02-09T07:46:54.292646,42708.484,6.5e-06,Torr
2026-02-09T07:46:59.323116,42713.514,6.6e-06,Torr
2026-02-09T07:47:06.432342,42720.623,6.55e-06,Torr
2026-02-09T07:47:11.462792,42725.654,6.6e-06,Torr
2026-02-09T07:47:18.572204,42732.763,6.55e-06,Torr
2026-02-09T07:47:23.602630,42737.794,6.5e-06,Torr
2026-02-09T07:47:30.711975,42744.903,6.6e-06,Torr
2026-02-09T07:47:35.742388,42749.934,6.6e-06,Torr
2026-02-09T07:47:42.867621,42757.059,6.6e-06,Torr
2026-02-09T07:47:47.897918,42762.089,6.6e-06,Torr
2026-02-09T07:47:55.007274,42769.198,6.6e-06,Torr
2026-02-09T07:48:00.037643,42774.229,6.6e-06,Torr
2026-02-09T07:48:07.147063,42781.338,6.6e-06,Torr
2026-02-09T07:48:12.177506,42786.369,6.6e-06,Torr
2026-02-09T07:48:19.286873,42793.478,6.7e-06,Torr
2026-02-09T07:48:24.317295,42798.508,6.7e-06,Torr
2026-02-09T07:48:31.426681,42805.618,6.75e-06,Torr
2026-02-09T07:48:36.457160,42810.648,6.8e-06,Torr
2026-02-09T07:48:43.582045,42817.773,6.75e-06,Torr
2026-02-09T07:48:48.612514,42822.804,6.8e-06,Torr
2026-02-09T07:48:55.721917,42829.913,6.7e-06,Torr
2026-02-09T07:49:00.752302,42834.943,6.7e-06,Torr
2026-02-09T07:49:07.861670,42842.053,6.8e-06,Torr
2026-02-09T07:49:12.892262,42847.083,6.8e-06,Torr
2026-02-09T07:49:20.001520,42854.193,6.8e-06,Torr
2026-02-09T07:49:25.031906,42859.223,6.8e-06,Torr
2026-02-09T07:49:32.141335,42866.332,6.8e-06,Torr
2026-02-09T07:49:37.171744,42871.363,6.8e-06,Torr
2026-02-09T07:49:44.296771,42878.488,7e-06,Torr
2026-02-09T07:49:49.327151,42883.518,7e-06,Torr
2026-02-09T07:49:56.436532,42890.628,6.9e-06,Torr
2026-02-09T07:50:01.466912,42895.658,6.9e-06,Torr
2026-02-09T07:50:08.576312,42902.767,6.8e-06,Torr
2026-02-09T07:50:13.606783,42907.798,6.8e-06,Torr
2026-02-09T07:50:20.716189,42914.907,6.8500000000000005e-06,Torr
2026-02-09T07:50:25.746567,42919.938,6.8e-06,Torr
2026-02-09T07:50:32.855944,42927.047,6.9e-06,Torr
2026-02-09T07:50:37.886345,42932.077,6.9e-06,Torr
2026-02-09T07:50:45.011396,42939.203,6.9e-06,Torr
2026-02-09T07:50:50.041795,42944.233,7e-06,Torr
2026-02-09T07:50:57.151236,42951.342,6.9499999999999995e-06,Torr
2026-02-09T07:51:02.181651,42956.373,7e-06,Torr
2026-02-09T07:51:09.291045,42963.482,7.05e-06,Torr
2026-02-09T07:51:14.321420,42968.513,7.1e-06,Torr
2026-02-09T07:51:21.430835,42975.622,7e-06,Torr
2026-02-09T07:51:26.461233,42980.652,7.1e-06,Torr
2026-02-09T07:51:33.570618,42987.762,7.05e-06,Torr
2026-02-09T07:51:38.601021,42992.792,7e-06,Torr
2026-02-09T07:51:45.726064,42999.917,7.1e-06,Torr
2026-02-09T07:51:50.756449,43004.948,7.1e-06,Torr
2026-02-09T07:51:57.865849,43012.057,7.05e-06,Torr
2026-02-09T07:52:02.896285,43017.087,7.1e-06,Torr
2026-02-09T07:52:10.005689,43024.197,7.149999999999999e-06,Torr
2026-02-09T07:52:15.036060,43029.227,7.1e-06,Torr
2026-02-09T07:52:22.145487,43036.337,7.2e-06,Torr
2026-02-09T07:52:27.175855,43041.367,7.1e-06,Torr
2026-02-09T07:52:34.285280,43048.476,7.1e-06,Torr
2026-02-09T07:52:39.315730,43053.507,7.2e-06,Torr
2026-02-09T07:52:46.440707,43060.632,7.3e-06,Torr
2026-02-09T07:52:51.471138,43065.662,7.2e-06,Torr
2026-02-09T07:52:58.580513,43072.772,7.3e-06,Torr
2026-02-09T07:53:03.610965,43077.802,7.3e-06,Torr
2026-02-09T07:53:10.720307,43084.911,7.3e-06,Torr
2026-02-09T07:53:15.750728,43089.942,7.3e-06,Torr
2026-02-09T07:53:22.860147,43097.051,7.3e-06,Torr
2026-02-09T07:53:27.890511,43102.082,7.3e-06,Torr
2026-02-09T07:53:34.999926,43109.191,7.350000000000001e-06,Torr
2026-02-09T07:53:40.030316,43114.221,7.3e-06,Torr
2026-02-09T07:53:47.155360,43121.346,7.4e-06,Torr
2026-02-09T07:53:52.185744,43126.377,7.5e-06,Torr
2026-02-09T07:53:59.295170,43133.486,7.45e-06,Torr
2026-02-09T07:54:04.325747,43138.517,7.4e-06,Torr
2026-02-09T07:54:11.435000,43145.626,7.45e-06,Torr
2026-02-09T07:54:16.465382,43150.657,7.5e-06,Torr
2026-02-09T07:54:23.574765,43157.766,7.5e-06,Torr
2026-02-09T07:54:28.605211,43162.796,7.5e-06,Torr
2026-02-09T07:54:35.714576,43169.906,7.6e-06,Torr
2026-02-09T07:54:40.744992,43174.936,7.6e-06,Torr
2026-02-09T07:54:47.870018,43182.061,7.6e-06,Torr
2026-02-09T07:54:52.900419,43187.092,7.6e-06,Torr
2026-02-09T07:55:00.009987,43194.201,7.6e-06,Torr
2026-02-09T07:55:05.040252,43199.231,7.6e-06,Torr
2026-02-09T07:55:12.149629,43206.341,7.65e-06,Torr
2026-02-09T07:55:17.180067,43211.371,7.6e-06,Torr
2026-02-09T07:55:24.275384,43218.467,7.8e-06,Torr
2026-02-09T07:55:29.305798,43223.497,7.7e-06,Torr
2026-02-09T07:55:34.336711,43228.528,7.8e-06,Torr
2026-02-09T07:55:41.524225,43235.715,7.8e-06,Torr
2026-02-09T07:55:46.554685,43240.746,7.8e-06,Torr
2026-02-09T07:55:53.679806,43247.871,7.850000000000001e-06,Torr
2026-02-09T07:55:58.710037,43252.901,7.9e-06,Torr
2026-02-09T07:56:05.819498,43260.011,7.899999999999999e-06,Torr
2026-02-09T07:56:10.849847,43265.041,7.8e-06,Torr
2026-02-09T07:56:17.959233,43272.150,7.850000000000001e-06,Torr
2026-02-09T07:56:22.989656,43277.181,7.9e-06,Torr
2026-02-09T07:56:30.114695,43284.306,7.9e-06,Torr
2026-02-09T07:56:35.145136,43289.336,7.9e-06,Torr
2026-02-09T07:56:42.254528,43296.446,7.95e-06,Torr
2026-02-09T07:56:47.285121,43301.476,8.2e-06,Torr
2026-02-09T07:56:54.409924,43308.601,8.1e-06,Torr
2026-02-09T07:56:59.440338,43313.631,8e-06,Torr
2026-02-09T07:57:06.549713,43320.741,7.95e-06,Torr
2026-02-09T07:57:11.580256,43325.771,8e-06,Torr
2026-02-09T07:57:18.689592,43332.881,8e-06,Torr
2026-02-09T07:57:23.720142,43337.911,8.2e-06,Torr
2026-02-09T07:57:30.829364,43345.021,8.2e-06,Torr
2026-02-09T07:57:35.859762,43350.051,8.2e-06,Torr
2026-02-09T07:57:42.969170,43357.160,8.15e-06,Torr
2026-02-09T07:57:47.999570,43362.191,8.1e-06,Torr
2026-02-09T07:57:55.124595,43369.316,8.2e-06,Torr
2026-02-09T07:58:00.154989,43374.346,8.2e-06,Torr
2026-02-09T07:58:07.264420,43381.456,8.25e-06,Torr
2026-02-09T07:58:12.294812,43386.486,8.2e-06,Torr
2026-02-09T07:58:19.404167,43393.595,8.2e-06,Torr
2026-02-09T07:58:24.434641,43398.626,8.2e-06,Torr
2026-02-09T07:58:31.544032,43405.735,8.25e-06,Torr
2026-02-09T07:58:36.574445,43410.766,8.2e-06,Torr
2026-02-09T07:58:43.683964,43417.875,8.25e-06,Torr
2026-02-09T07:58:48.714406,43422.906,8.2e-06,Torr
2026-02-09T07:58:55.839209,43430.030,8.35e-06,Torr
2026-02-09T07:59:00.869646,43435.061,8.5e-06,Torr
2026-02-09T07:59:07.979112,43442.170,8.35e-06,Torr
2026-02-09T07:59:13.009447,43447.201,8.4e-06,Torr
2026-02-09T07:59:20.118910,43454.310,8.5e-06,Torr
2026-02-09T07:59:25.149258,43459.340,8.5e-06,Torr
2026-02-09T07:59:32.258711,43466.450,8.5e-06,Torr
2026-02-09T07:59:37.289089,43471.480,8.5e-06,Torr
2026-02-09T07:59:44.398446,43478.590,8.5e-06,Torr
2026-02-09T07:59:49.428870,43483.620,8.6e-06,Torr
2026-02-09T07:59:56.553917,43490.745,8.6e-06,Torr
2026-02-09T08:00:01.584448,43495.776,8.5e-06,Torr
2026-02-09T08:00:08.693751,43502.885,8.550000000000001e-06,Torr
2026-02-09T08:00:13.724114,43507.915,8.6e-06,Torr
2026-02-09T08:00:20.833558,43515.025,8.700000000000001e-06,Torr
2026-02-09T08:00:25.863908,43520.055,8.7e-06,Torr
2026-02-09T08:00:32.973337,43527.164,8.599999999999999e-06,Torr
2026-02-09T08:00:38.003696,43532.195,8.8e-06,Torr
2026-02-09T08:00:45.113087,43539.304,8.75e-06,Torr
2026-02-09T08:00:50.143556,43544.335,8.7e-06,Torr
2026-02-09T08:00:57.268559,43551.460,8.85e-06,Torr
2026-02-09T08:01:02.298939,43556.490,8.8e-06,Torr
2026-02-09T08:01:09.408330,43563.599,8.8e-06,Torr
2026-02-09T08:01:14.438737,43568.630,8.8e-06,Torr
2026-02-09T08:01:21.563780,43575.755,8.9e-06,Torr
2026-02-09T08:01:26.594200,43580.785,9e-06,Torr
2026-02-09T08:01:33.703654,43587.895,8.9e-06,Torr
2026-02-09T08:01:38.734068,43592.925,9.1e-06,Torr
2026-02-09T08:01:45.843462,43600.035,8.95e-06,Torr
2026-02-09T08:01:50.873845,43605.065,8.9e-06,Torr
2026-02-09T08:01:58.000077,43612.191,9.05e-06,Torr
2026-02-09T08:02:03.029249,43617.220,8.9e-06,Torr
2026-02-09T08:02:10.232325,43624.423,9.05e-06,Torr
2026-02-09T08:02:15.262816,43629.454,9.1e-06,Torr
2026-02-09T08:02:22.372172,43636.563,9.149999999999999e-06,Torr
2026-02-09T08:02:27.402637,43641.594,9.2e-06,Torr
2026-02-09T08:02:34.511995,43648.703,9.149999999999999e-06,Torr
2026-02-09T08:02:39.542434,43653.734,9.2e-06,Torr
2026-02-09T08:02:46.651806,43660.843,9.2e-06,Torr
2026-02-09T08:02:51.682199,43665.873,9.4e-06,Torr
2026-02-09T08:02:58.807231,43672.998,9.299999999999999e-06,Torr
2026-02-09T08:03:03.837656,43678.029,9.5e-06,Torr
2026-02-09T08:03:10.947051,43685.138,9.45e-06,Torr
2026-02-09T08:03:15.977434,43690.169,9.3e-06,Torr
2026-02-09T08:03:23.086866,43697.278,9.4e-06,Torr
2026-02-09T08:03:28.117229,43702.308,9.5e-06,Torr
2026-02-09T08:03:35.226635,43709.418,9.5e-06,Torr
2026-02-09T08:03:40.257053,43714.448,9.5e-06,Torr
2026-02-09T08:03:47.366423,43721.558,9.45e-06,Torr
2026-02-09T08:03:52.396833,43726.588,9.5e-06,Torr
2026-02-09T08:03:59.521880,43733.713,9.5e-06,Torr
2026-02-09T08:04:04.552326,43738.743,9.7e-06,Torr
2026-02-09T08:04:11.661727,43745.853,9.6e-06,Torr
2026-02-09T08:04:16.692074,43750.883,9.7e-06,Torr
2026-02-09T08:04:23.801517,43757.993,9.8e-06,Torr
2026-02-09T08:04:28.831986,43763.023,9.7e-06,Torr
2026-02-09T08:04:35.941313,43770.132,9.8e-06,Torr
2026-02-09T08:04:40.971740,43775.163,9.8e-06,Torr
2026-02-09T08:04:48.081109,43782.272,9.8e-06,Torr
2026-02-09T08:04:53.111735,43787.303,9.8e-06,Torr
2026-02-09T08:05:00.236490,43794.428,9.75e-06,Torr
2026-02-09T08:05:05.267055,43799.458,9.9e-06,Torr
2026-02-09T08:05:12.376356,43806.567,9.800000000000001e-06,Torr
2026-02-09T08:05:17.406795,43811.598,9.8e-06,Torr
2026-02-09T08:05:24.516179,43818.707,9.8e-06,Torr
2026-02-09T08:05:29.546604,43823.738,1e-05,Torr
2026-02-09T08:05:36.655978,43830.847,9.849999999999999e-06,Torr
2026-02-09T08:05:41.686378,43835.878,1e-05,Torr
2026-02-09T08:05:48.795797,43842.987,1e-05,Torr
2026-02-09T08:05:53.826245,43848.017,1e-05,Torr
2026-02-09T08:06:00.951207,43855.142,1e-05,Torr
2026-02-09T08:06:05.981650,43860.173,1e-05,Torr
2026-02-09T08:06:13.091074,43867.282,1e-05,Torr
2026-02-09T08:06:18.121441,43872.313,1e-05,Torr
2026-02-09T08:06:25.230918,43879.422,1e-05,Torr
2026-02-09T08:06:30.261203,43884.452,1e-05,Torr
2026-02-09T08:06:37.370566,43891.562,1e-05,Torr
2026-02-09T08:06:42.401011,43896.592,1e-05,Torr
2026-02-09T08:06:49.510426,43903.702,1e-05,Torr
2026-02-09T08:06:54.540811,43908.732,1e-05,Torr
2026-02-09T08:07:01.665833,43915.857,1.0500000000000001e-05,Torr
2026-02-09T08:07:06.696249,43920.887,1e-05,Torr
2026-02-09T08:07:13.805687,43927.997,1.0500000000000001e-05,Torr
2026-02-09T08:07:18.836061,43933.027,1.1e-05,Torr
2026-02-09T08:07:25.945516,43940.137,1.1e-05,Torr
2026-02-09T08:07:30.975859,43945.167,1.1e-05,Torr
2026-02-09T08:07:38.085284,43952.276,1.1e-05,Torr
2026-02-09T08:07:43.115720,43957.307,1.1e-05,Torr
2026-02-09T08:07:50.225051,43964.416,1.1e-05,Torr
2026-02-09T08:07:55.255469,43969.447,1.1e-05,Torr
2026-02-09T08:08:02.380543,43976.572,1.1e-05,Torr
2026-02-09T08:08:07.410912,43981.602,1.1e-05,Torr
2026-02-09T08:08:14.520343,43988.711,1.1e-05,Torr
2026-02-09T08:08:19.550804,43993.742,1.1e-05,Torr
2026-02-09T08:08:26.660097,44000.851,1.1e-05,Torr
2026-02-09T08:08:31.690579,44005.882,1.1e-05,Torr
2026-02-09T08:08:38.815502,44013.007,1.1e-05,Torr
2026-02-09T08:08:43.845927,44018.037,1.1e-05,Torr
2026-02-09T08:08:50.955385,44025.147,1.1e-05,Torr
2026-02-09T08:08:55.985872,44030.177,1.1e-05,Torr
2026-02-09T08:09:03.110741,44037.302,1.1e-05,Torr
2026-02-09T08:09:08.141166,44042.332,1.1e-05,Torr
2026-02-09T08:09:15.250581,44049.442,1.1e-05,Torr
2026-02-09T08:09:20.281030,44054.472,1.1e-05,Torr
2026-02-09T08:09:27.390396,44061.582,1.1e-05,Torr
2026-02-09T08:09:32.420796,44066.612,1.1e-05,Torr
2026-02-09T08:09:39.530187,44073.721,1.1e-05,Torr
2026-02-09T08:09:44.560711,44078.752,1.1e-05,Torr
2026-02-09T08:09:51.670054,44085.861,1.1e-05,Torr
2026-02-09T08:09:56.700426,44090.892,1.1e-05,Torr
2026-02-09T08:10:03.825459,44098.017,1.1e-05,Torr
2026-02-09T08:10:08.855823,44103.047,1.1e-05,Torr
2026-02-09T08:10:15.965260,44110.156,1.15e-05,Torr
2026-02-09T08:10:20.995646,44115.187,1.2e-05,Torr
2026-02-09T08:10:28.105024,44122.296,1.2e-05,Torr
2026-02-09T08:10:33.135487,44127.327,1.2e-05,Torr
2026-02-09T08:10:40.244883,44134.436,1.2e-05,Torr
2026-02-09T08:10:45.275272,44139.466,1.2e-05,Torr
2026-02-09T08:10:52.384640,44146.576,1.2e-05,Torr
2026-02-09T08:10:57.415096,44151.606,1.2e-05,Torr
2026-02-09T08:11:04.540052,44158.731,1.2e-05,Torr
2026-02-09T08:11:09.570476,44163.762,1.2e-05,Torr
2026-02-09T08:11:16.680003,44170.871,1.2e-05,Torr
2026-02-09T08:11:21.710328,44175.901,1.2e-05,Torr
2026-02-09T08:11:28.819754,44183.011,1.2e-05,Torr
2026-02-09T08:11:33.850086,44188.041,1.2e-05,Torr
2026-02-09T08:11:40.959577,44195.151,1.2e-05,Torr
2026-02-09T08:11:45.989924,44200.181,1.2e-05,Torr
2026-02-09T08:11:53.099341,44207.290,1.2e-05,Torr
2026-02-09T08:11:58.129694,44212.321,1.2e-05,Torr
2026-02-09T08:12:05.254729,44219.446,1.2e-05,Torr
2026-02-09T08:12:10.285235,44224.476,1.2e-05,Torr
2026-02-09T08:12:17.394570,44231.586,1.2e-05,Torr
2026-02-09T08:12:22.425142,44236.616,1.2e-05,Torr
2026-02-09T08:12:29.534343,44243.725,1.2e-05,Torr
2026-02-09T08:12:34.564910,44248.756,1.2e-05,Torr
2026-02-09T08:12:41.674251,44255.865,1.2e-05,Torr
2026-02-09T08:12:46.704553,44260.896,1.2e-05,Torr
2026-02-09T08:12:53.813977,44268.005,1.2499999999999999e-05,Torr
2026-02-09T08:12:58.844363,44273.036,1.3e-05,Torr
2026-02-09T08:13:05.969414,44280.161,1.3e-05,Torr
2026-02-09T08:13:10.999797,44285.191,1.2e-05,Torr
2026-02-09T08:13:18.109211,44292.300,1.3e-05,Torr
2026-02-09T08:13:23.139593,44297.331,1.3e-05,Torr
2026-02-09T08:13:30.249025,44304.440,1.3e-05,Torr
2026-02-09T08:13:35.279449,44309.471,1.3e-05,Torr
2026-02-09T08:13:42.388795,44316.580,1.3e-05,Torr
2026-02-09T08:13:47.419214,44321.610,1.3e-05,Torr
2026-02-09T08:13:54.528645,44328.720,1.3e-05,Torr
2026-02-09T08:13:59.559021,44333.750,1.3e-05,Torr
2026-02-09T08:14:06.684067,44340.875,1.3e-05,Torr
2026-02-09T08:14:11.714475,44345.906,1.3e-05,Torr
2026-02-09T08:14:18.823901,44353.015,1.3e-05,Torr
2026-02-09T08:14:23.854371,44358.046,1.3e-05,Torr
2026-02-09T08:14:30.963713,44365.155,1.3e-05,Torr
2026-02-09T08:14:35.994062,44370.185,1.3e-05,Torr
2026-02-09T08:14:43.103456,44377.295,1.3e-05,Torr
2026-02-09T08:14:48.133935,44382.325,1.3e-05,Torr
2026-02-09T08:14:55.243260,44389.434,1.3e-05,Torr
2026-02-09T08:15:00.273687,44394.465,1.3e-05,Torr
2026-02-09T08:15:07.398733,44401.590,1.4e-05,Torr
2026-02-09T08:15:12.429144,44406.620,1.3e-05,Torr
2026-02-09T08:15:19.538516,44413.730,1.4e-05,Torr
2026-02-09T08:15:24.568959,44418.760,1.4e-05,Torr
2026-02-09T08:15:31.678422,44425.870,1.35e-05,Torr
2026-02-09T08:15:36.708704,44430.900,1.4e-05,Torr
2026-02-09T08:15:43.818131,44438.009,1.4e-05,Torr
2026-02-09T08:15:48.848538,44443.040,1.4e-05,Torr
2026-02-09T08:15:55.957986,44450.149,1.4e-05,Torr
2026-02-09T08:16:00.988332,44455.179,1.4e-05,Torr
2026-02-09T08:16:08.113371,44462.305,1.4e-05,Torr
2026-02-09T08:16:13.143816,44467.335,1.4e-05,Torr
2026-02-09T08:16:20.253155,44474.444,1.4e-05,Torr
2026-02-09T08:16:25.283586,44479.475,1.4e-05,Torr
2026-02-09T08:16:32.392955,44486.584,1.4e-05,Torr
2026-02-09T08:16:37.423392,44491.615,1.4e-05,Torr
2026-02-09T08:16:44.532768,44498.724,1.4e-05,Torr
2026-02-09T08:16:49.563335,44503.754,1.4e-05,Torr
2026-02-09T08:16:56.672677,44510.864,1.4e-05,Torr
2026-02-09T08:17:01.703019,44515.894,1.4e-05,Torr
2026-02-09T08:17:08.828072,44523.019,1.45e-05,Torr
2026-02-09T08:17:13.858455,44528.050,1.5e-05,Torr
2026-02-09T08:17:20.967890,44535.159,1.45e-05,Torr
2026-02-09T08:17:25.998229,44540.189,1.5e-05,Torr
2026-02-09T08:17:33.107615,44547.299,1.5e-05,Torr
2026-02-09T08:17:38.138028,44552.329,1.5e-05,Torr
2026-02-09T08:17:45.247460,44559.439,1.5e-05,Torr
2026-02-09T08:17:50.277863,44564.469,1.5e-05,Torr
2026-02-09T08:17:57.387257,44571.578,1.5e-05,Torr
2026-02-09T08:18:02.417651,44576.609,1.5e-05,Torr
2026-02-09T08:18:09.558374,44583.750,1.5e-05,Torr
2026-02-09T08:18:14.588707,44588.780,1.5e-05,Torr
2026-02-09T08:18:21.698138,44595.889,1.5e-05,Torr
2026-02-09T08:18:26.728498,44600.920,1.5e-05,Torr
2026-02-09T08:18:33.837880,44608.029,1.5e-05,Torr
2026-02-09T08:18:38.868304,44613.059,1.5e-05,Torr
2026-02-09T08:18:45.977750,44620.169,1.5e-05,Torr
2026-02-09T08:18:51.008146,44625.199,1.5e-05,Torr
2026-02-09T08:18:58.117570,44632.309,1.5e-05,Torr
2026-02-09T08:19:03.147898,44637.339,1.6e-05,Torr
2026-02-09T08:19:10.272926,44644.464,1.6e-05,Torr
2026-02-09T08:19:15.303524,44649.495,1.6e-05,Torr
2026-02-09T08:19:22.412733,44656.604,1.6e-05,Torr
2026-02-09T08:19:27.443310,44661.634,1.6e-05,Torr
2026-02-09T08:19:34.552547,44668.744,1.6e-05,Torr
2026-02-09T08:19:39.583063,44673.774,1.6e-05,Torr
2026-02-09T08:19:46.692316,44680.883,1.6e-05,Torr
2026-02-09T08:19:51.722809,44685.914,1.6e-05,Torr
2026-02-09T08:19:58.834704,44693.026,1.6e-05,Torr
2026-02-09T08:20:03.863014,44698.054,1.6e-05,Torr
2026-02-09T08:20:11.050132,44705.241,1.6e-05,Torr
2026-02-09T08:20:16.080623,44710.272,1.6e-05,Torr
2026-02-09T08:20:23.189875,44717.381,1.6e-05,Torr
2026-02-09T08:20:28.220309,44722.411,1.6e-05,Torr
2026-02-09T08:20:35.329729,44729.521,1.65e-05,Torr
2026-02-09T08:20:40.360100,44734.551,1.6e-05,Torr
2026-02-09T08:20:47.469520,44741.661,1.65e-05,Torr
2026-02-09T08:20:52.499954,44746.691,1.7e-05,Torr
2026-02-09T08:20:59.609341,44753.800,1.65e-05,Torr
2026-02-09T08:21:04.639753,44758.831,1.7e-05,Torr
2026-02-09T08:21:11.764740,44765.956,1.7e-05,Torr
2026-02-09T08:21:16.795154,44770.986,1.7e-05,Torr
2026-02-09T08:21:23.904545,44778.096,1.7e-05,Torr
2026-02-09T08:21:28.934960,44783.126,1.7e-05,Torr
2026-02-09T08:21:36.044399,44790.236,1.7e-05,Torr
2026-02-09T08:21:41.074822,44795.266,1.7e-05,Torr
2026-02-09T08:21:48.184151,44802.375,1.7e-05,Torr
2026-02-09T08:21:53.214607,44807.406,1.7e-05,Torr
2026-02-09T08:22:00.324033,44814.515,1.7e-05,Torr
2026-02-09T08:22:05.354443,44819.546,1.7e-05,Torr
2026-02-09T08:22:12.479430,44826.671,1.7e-05,Torr
2026-02-09T08:22:17.509798,44831.701,1.8e-05,Torr
2026-02-09T08:22:24.619227,44838.810,1.75e-05,Torr
2026-02-09T08:22:29.649615,44843.841,1.7e-05,Torr
2026-02-09T08:22:36.759032,44850.950,1.8e-05,Torr
2026-02-09T08:22:41.789406,44855.981,1.8e-05,Torr
2026-02-09T08:22:48.898862,44863.090,1.8e-05,Torr
2026-02-09T08:22:53.929210,44868.120,1.8e-05,Torr
2026-02-09T08:23:01.038609,44875.230,1.8e-05,Torr
2026-02-09T08:23:06.069053,44880.260,1.8e-05,Torr
2026-02-09T08:23:13.194117,44887.385,1.8e-05,Torr
2026-02-09T08:23:18.224462,44892.416,1.8e-05,Torr
2026-02-09T08:23:25.333900,44899.525,1.8e-05,Torr
2026-02-09T08:23:30.364252,44904.555,1.8e-05,Torr
2026-02-09T08:23:37.473696,44911.665,1.8e-05,Torr
2026-02-09T08:23:42.504081,44916.695,1.8e-05,Torr
2026-02-09T08:23:49.613502,44923.805,1.8e-05,Torr
2026-02-09T08:23:54.643883,44928.835,1.9e-05,Torr
2026-02-09T08:24:01.753313,44935.944,1.8500000000000002e-05,Torr
2026-02-09T08:24:06.783726,44940.975,1.9e-05,Torr
2026-02-09T08:24:13.908702,44948.100,1.9e-05,Torr
2026-02-09T08:24:18.939113,44953.130,1.9e-05,Torr
2026-02-09T08:24:26.048570,44960.240,1.9e-05,Torr
2026-02-09T08:24:31.078911,44965.270,1.9e-05,Torr
2026-02-09T08:24:38.188292,44972.379,1.9e-05,Torr
2026-02-09T08:24:43.218743,44977.410,1.9e-05,Torr
2026-02-09T08:24:50.328171,44984.519,1.9e-05,Torr
2026-02-09T08:24:55.358577,44989.550,1.9e-05,Torr
2026-02-09T08:25:02.467922,44996.659,1.95e-05,Torr
2026-02-09T08:25:07.498408,45001.690,1.9e-05,Torr
2026-02-09T08:25:14.623374,45008.815,2e-05,Torr
2026-02-09T08:25:19.653761,45013.845,2e-05,Torr
2026-02-09T08:25:26.763158,45020.954,2e-05,Torr
2026-02-09T08:25:31.793572,45025.985,2e-05,Torr
2026-02-09T08:25:38.902982,45033.094,2e-05,Torr
2026-02-09T08:25:43.933375,45038.125,2e-05,Torr
2026-02-09T08:25:51.042852,45045.234,2e-05,Torr
2026-02-09T08:25:56.073229,45050.264,2e-05,Torr
2026-02-09T08:26:03.182613,45057.374,2e-05,Torr
2026-02-09T08:26:08.213018,45062.404,2e-05,Torr
2026-02-09T08:26:15.338035,45069.529,2e-05,Torr
2026-02-09T08:26:20.368445,45074.560,2e-05,Torr
2026-02-09T08:26:27.477868,45081.669,2e-05,Torr
2026-02-09T08:26:32.508264,45086.699,2e-05,Torr
2026-02-09T08:26:39.617668,45093.809,2e-05,Torr
2026-02-09T08:26:44.648054,45098.839,2e-05,Torr
2026-02-09T08:26:51.757446,45105.949,2.1e-05,Torr
2026-02-09T08:26:56.787849,45110.979,2.1e-05,Torr
2026-02-09T08:27:03.897258,45118.088,2.1e-05,Torr
2026-02-09T08:27:08.927850,45123.119,2.1e-05,Torr
2026-02-09T08:27:16.052767,45130.244,2.1e-05,Torr
2026-02-09T08:27:21.083071,45135.274,2.1e-05,Torr
2026-02-09T08:27:28.192490,45142.384,2.1e-05,Torr
2026-02-09T08:27:33.222904,45147.414,2.1e-05,Torr
2026-02-09T08:27:40.332297,45154.523,2.2e-05,Torr
2026-02-09T08:27:45.362691,45159.554,2.2e-05,Torr
2026-02-09T08:27:52.474101,45166.665,2.15e-05,Torr
2026-02-09T08:27:57.518113,45171.709,2.2e-05,Torr
2026-02-09T08:28:04.627488,45178.819,2.2e-05,Torr
2026-02-09T08:28:09.657974,45183.849,2.2e-05,Torr
2026-02-09T08:28:16.782979,45190.974,2.2e-05,Torr
2026-02-09T08:28:21.813535,45196.005,2.2e-05,Torr
2026-02-09T08:28:28.922823,45203.114,2.2e-05,Torr
2026-02-09T08:28:33.953210,45208.144,2.2e-05,Torr
2026-02-09T08:28:41.078214,45215.269,2.2499999999999998e-05,Torr
2026-02-09T08:28:46.108634,45220.300,2.2e-05,Torr
2026-02-09T08:28:53.218036,45227.409,2.3e-05,Torr
2026-02-09T08:28:58.248425,45232.440,2.3e-05,Torr
2026-02-09T08:29:05.357803,45239.549,2.3e-05,Torr
2026-02-09T08:29:10.388205,45244.579,2.3e-05,Torr
2026-02-09T08:29:17.513245,45251.704,2.3e-05,Torr
2026-02-09T08:29:22.543739,45256.735,2.3e-05,Torr
2026-02-09T08:29:29.668795,45263.860,2.3e-05,Torr
2026-02-09T08:29:34.699064,45268.890,2.3e-05,Torr
2026-02-09T08:29:41.808497,45276.000,2.3500000000000002e-05,Torr
2026-02-09T08:29:46.838872,45281.030,2.4e-05,Torr
2026-02-09T08:29:53.948273,45288.139,2.3500000000000002e-05,Torr
2026-02-09T08:29:58.978757,45293.170,2.4e-05,Torr
2026-02-09T08:30:06.088067,45300.279,2.4e-05,Torr
2026-02-09T08:30:11.118469,45305.310,2.4e-05,Torr
2026-02-09T08:30:18.243523,45312.435,2.4e-05,Torr
2026-02-09T08:30:23.273914,45317.465,2.4e-05,Torr
2026-02-09T08:30:30.383303,45324.574,2.45e-05,Torr
2026-02-09T08:30:35.413717,45329.605,2.4e-05,Torr
2026-02-09T08:30:42.538706,45336.730,2.4e-05,Torr
2026-02-09T08:30:47.569191,45341.760,2.5e-05,Torr
2026-02-09T08:30:54.678566,45348.870,2.5e-05,Torr
2026-02-09T08:30:59.708971,45353.900,2.5e-05,Torr
2026-02-09T08:31:06.818598,45361.010,2.5e-05,Torr
2026-02-09T08:31:11.848762,45366.040,2.5e-05,Torr
2026-02-09T08:31:18.973759,45373.165,2.5e-05,Torr
2026-02-09T08:31:24.004184,45378.195,2.6e-05,Torr
2026-02-09T08:31:31.113637,45385.305,2.5e-05,Torr
2026-02-09T08:31:36.143987,45390.335,2.5e-05,Torr
2026-02-09T08:31:43.253526,45397.445,2.5e-05,Torr
2026-02-09T08:31:48.283864,45402.475,2.6e-05,Torr
2026-02-09T08:31:55.393210,45409.584,2.55e-05,Torr
2026-02-09T08:32:00.423621,45414.615,2.6e-05,Torr
2026-02-09T08:32:07.533056,45421.724,2.6e-05,Torr
2026-02-09T08:32:12.563431,45426.755,2.6e-05,Torr
2026-02-09T08:32:19.688424,45433.880,2.6e-05,Torr
2026-02-09T08:32:24.718874,45438.910,2.6e-05,Torr
2026-02-09T08:32:31.828309,45446.019,2.6e-05,Torr
2026-02-09T08:32:36.858640,45451.050,2.7e-05,Torr
2026-02-09T08:32:43.968067,45458.159,2.7e-05,Torr
2026-02-09T08:32:48.998450,45463.190,2.7e-05,Torr
2026-02-09T08:32:56.107883,45470.299,2.7e-05,Torr
2026-02-09T08:33:01.138269,45475.329,2.7e-05,Torr
2026-02-09T08:33:08.247758,45482.439,2.8e-05,Torr
2026-02-09T08:33:13.278058,45487.469,2.8e-05,Torr
2026-02-09T08:33:20.403122,45494.594,2.8e-05,Torr
2026-02-09T08:33:25.433617,45499.625,2.8e-05,Torr
2026-02-09T08:33:32.542942,45506.734,2.8e-05,Torr
2026-02-09T08:33:37.573291,45511.764,2.8e-05,Torr
2026-02-09T08:33:44.682666,45518.874,2.8e-05,Torr
2026-02-09T08:33:49.713122,45523.904,2.8e-05,Torr
2026-02-09T08:33:56.822548,45531.014,2.8e-05,Torr
2026-02-09T08:34:01.852979,45536.044,2.8e-05,Torr
2026-02-09T08:34:08.962358,45543.153,2.85e-05,Torr
2026-02-09T08:34:13.992847,45548.184,2.8e-05,Torr
2026-02-09T08:34:21.117793,45555.309,2.85e-05,Torr
2026-02-09T08:34:26.148190,45560.339,2.9e-05,Torr
2026-02-09T08:34:33.273239,45567.464,2.9e-05,Torr
2026-02-09T08:34:38.303652,45572.495,3e-05,Torr
2026-02-09T08:34:45.413029,45579.604,2.9e-05,Torr
2026-02-09T08:34:50.443383,45584.635,2.9e-05,Torr
2026-02-09T08:34:57.552843,45591.744,3e-05,Torr
2026-02-09T08:35:02.583191,45596.774,3e-05,Torr
2026-02-09T08:35:09.692695,45603.884,3e-05,Torr
2026-02-09T08:35:14.723014,45608.914,3e-05,Torr
2026-02-09T08:35:21.848142,45616.039,3e-05,Torr
2026-02-09T08:35:26.878434,45621.070,3e-05,Torr
2026-02-09T08:35:33.987839,45628.179,3.1e-05,Torr
2026-02-09T08:35:39.018270,45633.209,3e-05,Torr
2026-02-09T08:35:46.127688,45640.319,3.1e-05,Torr
2026-02-09T08:35:51.158080,45645.349,3.1e-05,Torr
2026-02-09T08:35:58.267406,45652.459,3.1e-05,Torr
2026-02-09T08:36:03.298023,45657.489,3.1e-05,Torr
2026-02-09T08:36:10.422929,45664.614,3.1e-05,Torr
2026-02-09T08:36:15.453273,45669.644,3.2e-05,Torr
2026-02-09T08:36:22.578319,45676.769,3.1e-05,Torr
2026-02-09T08:36:27.608724,45681.800,3.1e-05,Torr
2026-02-09T08:36:34.718161,45688.909,3.2e-05,Torr
2026-02-09T08:36:39.748527,45693.940,3.1e-05,Torr
2026-02-09T08:36:46.857966,45701.049,3.2e-05,Torr
2026-02-09T08:36:51.888325,45706.079,3.2e-05,Torr
2026-02-09T08:36:58.997688,45713.189,3.2e-05,Torr
2026-02-09T08:37:04.028130,45718.219,3.2e-05,Torr
2026-02-09T08:37:11.137546,45725.329,3.3e-05,Torr
2026-02-09T08:37:16.167935,45730.359,3.3e-05,Torr
2026-02-09T08:37:23.292990,45737.484,3.3e-05,Torr
2026-02-09T08:37:28.323374,45742.515,3.3e-05,Torr
2026-02-09T08:37:35.432755,45749.624,3.3e-05,Torr
2026-02-09T08:37:40.463161,45754.654,3.3e-05,Torr
2026-02-09T08:37:47.572595,45761.764,3.35e-05,Torr
2026-02-09T08:37:52.602977,45766.794,3.3e-05,Torr
2026-02-09T08:37:59.712383,45773.904,3.4e-05,Torr
2026-02-09T08:38:04.742794,45778.934,3.4e-05,Torr
2026-02-09T08:38:11.852210,45786.043,3.4e-05,Torr
2026-02-09T08:38:16.882636,45791.074,3.4e-05,Torr
2026-02-09T08:38:24.007631,45798.199,3.5e-05,Torr
2026-02-09T08:38:29.038016,45803.229,3.5e-05,Torr
2026-02-09T08:38:36.147437,45810.339,3.5499999999999996e-05,Torr
2026-02-09T08:38:41.178046,45815.369,3.6e-05,Torr
2026-02-09T08:38:48.287295,45822.478,3.6e-05,Torr
2026-02-09T08:38:53.317637,45827.509,3.6e-05,Torr
2026-02-09T08:39:00.427067,45834.618,3.6e-05,Torr
2026-02-09T08:39:05.457498,45839.649,3.6e-05,Torr
2026-02-09T08:39:12.567061,45846.758,3.65e-05,Torr
2026-02-09T08:39:17.597233,45851.788,3.7e-05,Torr
2026-02-09T08:39:24.722247,45858.913,3.7e-05,Torr
2026-02-09T08:39:29.752655,45863.944,3.7e-05,Torr
2026-02-09T08:39:36.862136,45871.053,3.8e-05,Torr
2026-02-09T08:39:41.892481,45876.084,3.8e-05,Torr
2026-02-09T08:39:49.001853,45883.193,3.8e-05,Torr
2026-02-09T08:39:54.032333,45888.223,3.8e-05,Torr
2026-02-09T08:40:01.141749,45895.333,3.8e-05,Torr
2026-02-09T08:40:06.172094,45900.363,3.8e-05,Torr
2026-02-09T08:40:13.281510,45907.473,3.8e-05,Torr
2026-02-09T08:40:18.312083,45912.503,3.9e-05,Torr
2026-02-09T08:40:25.436954,45919.628,3.9e-05,Torr
2026-02-09T08:40:30.467319,45924.658,3.9e-05,Torr
2026-02-09T08:40:37.576771,45931.768,3.95e-05,Torr
2026-02-09T08:40:42.607175,45936.798,3.9e-05,Torr
2026-02-09T08:40:49.716541,45943.908,3.95e-05,Torr
2026-02-09T08:40:54.747047,45948.938,4e-05,Torr
2026-02-09T08:41:01.856325,45956.047,4e-05,Torr
2026-02-09T08:41:06.886729,45961.078,4e-05,Torr
2026-02-09T08:41:13.996180,45968.187,4.05e-05,Torr
2026-02-09T08:41:19.026594,45973.218,4.1e-05,Torr
2026-02-09T08:41:26.151606,45980.343,4.1e-05,Torr
2026-02-09T08:41:31.181991,45985.373,4.1e-05,Torr
2026-02-09T08:41:38.291416,45992.483,4.1e-05,Torr
2026-02-09T08:41:43.321786,45997.513,4.1e-05,Torr
2026-02-09T08:41:50.431175,46004.622,4.2e-05,Torr
2026-02-09T08:41:55.461629,46009.653,4.2e-05,Torr
2026-02-09T08:42:02.571018,46016.762,4.3e-05,Torr
2026-02-09T08:42:07.601393,46021.793,4.3e-05,Torr
2026-02-09T08:42:14.710812,46028.902,4.3e-05,Torr
2026-02-09T08:42:19.741193,46033.932,4.3e-05,Torr
2026-02-09T08:42:26.866257,46041.057,4.3e-05,Torr
2026-02-09T08:42:31.896640,46046.088,4.4e-05,Torr
2026-02-09T08:42:39.006082,46053.197,4.4e-05,Torr
2026-02-09T08:42:44.036503,46058.228,4.4e-05,Torr
2026-02-09T08:42:51.145856,46065.337,4.4e-05,Torr
2026-02-09T08:42:56.176294,46070.367,4.4e-05,Torr
2026-02-09T08:43:03.285627,46077.477,4.55e-05,Torr
2026-02-09T08:43:08.316033,46082.507,4.6e-05,Torr
2026-02-09T08:43:15.425441,46089.617,4.6e-05,Torr
2026-02-09T08:43:20.455861,46094.647,4.6e-05,Torr
2026-02-09T08:43:27.580925,46101.772,4.6e-05,Torr
2026-02-09T08:43:32.611300,46106.802,4.7e-05,Torr
2026-02-09T08:43:39.720693,46113.912,4.7e-05,Torr
2026-02-09T08:43:44.751092,46118.942,4.8e-05,Torr
2026-02-09T08:43:51.860535,46126.052,4.75e-05,Torr
2026-02-09T08:43:56.890941,46131.082,4.7e-05,Torr
2026-02-09T08:44:04.000306,46138.191,4.8e-05,Torr
2026-02-09T08:44:09.030740,46143.222,4.8e-05,Torr
2026-02-09T08:44:16.155783,46150.347,4.85e-05,Torr
2026-02-09T08:44:21.186224,46155.377,5e-05,Torr
2026-02-09T08:44:28.311148,46162.502,4.9e-05,Torr
2026-02-09T08:44:33.341566,46167.533,5e-05,Torr
2026-02-09T08:44:40.451004,46174.642,4.95e-05,Torr
2026-02-09T08:44:45.481376,46179.673,5e-05,Torr
2026-02-09T08:44:52.590801,46186.782,5e-05,Torr
2026-02-09T08:44:57.621183,46191.812,5.1e-05,Torr
2026-02-09T08:45:04.730644,46198.922,5.05e-05,Torr
2026-02-09T08:45:09.760987,46203.952,5.1e-05,Torr
2026-02-09T08:45:16.870437,46211.062,5.15e-05,Torr
2026-02-09T08:45:21.900832,46216.092,5.1e-05,Torr
2026-02-09T08:45:29.025854,46223.217,5.2e-05,Torr
2026-02-09T08:45:34.056225,46228.247,5.3e-05,Torr
2026-02-09T08:45:41.165688,46235.357,5.3e-05,Torr
2026-02-09T08:45:46.196010,46240.387,5.3e-05,Torr
2026-02-09T08:45:53.305436,46247.497,5.3e-05,Torr
2026-02-09T08:45:58.335837,46252.527,5.4e-05,Torr
2026-02-09T08:46:05.445257,46259.636,5.35e-05,Torr
2026-02-09T08:46:10.475669,46264.667,5.4e-05,Torr
2026-02-09T08:46:17.585089,46271.776,5.4499999999999997e-05,Torr
2026-02-09T08:46:22.615569,46276.807,5.6e-05,Torr
2026-02-09T08:46:29.740524,46283.932,5.55e-05,Torr
2026-02-09T08:46:34.770865,46288.962,5.6e-05,Torr
2026-02-09T08:46:41.895904,46296.087,5.6e-05,Torr
2026-02-09T08:46:46.926339,46301.117,5.6e-05,Torr
2026-02-09T08:46:54.035733,46308.227,6.05e-05,Torr
2026-02-09T08:46:59.066175,46313.257,6.4e-05,Torr
2026-02-09T08:47:06.175686,46320.367,6.5e-05,Torr
2026-02-09T08:47:11.205967,46325.397,6.6e-05,Torr
2026-02-09T08:47:18.315336,46332.506,6.65e-05,Torr
2026-02-09T08:47:23.345737,46337.537,6.7e-05,Torr
2026-02-09T08:47:30.470751,46344.662,6.7e-05,Torr
2026-02-09T08:47:35.501403,46349.693,6.8e-05,Torr
2026-02-09T08:47:42.610616,46356.802,6.85e-05,Torr
2026-02-09T08:47:47.641011,46361.832,6.8e-05,Torr
2026-02-09T08:47:54.750388,46368.942,7e-05,Torr
2026-02-09T08:47:59.780867,46373.972,6.9e-05,Torr
2026-02-09T08:48:06.890236,46381.081,7.15e-05,Torr
2026-02-09T08:48:11.920542,46386.112,7.2e-05,Torr
2026-02-09T08:48:19.030018,46393.221,7.2e-05,Torr
2026-02-09T08:48:24.060378,46398.252,7.2e-05,Torr
2026-02-09T08:48:31.185391,46405.377,7.3e-05,Torr
2026-02-09T08:48:36.215855,46410.407,7.4e-05,Torr
2026-02-09T08:48:43.325300,46417.516,7.4e-05,Torr
2026-02-09T08:48:48.355646,46422.547,7.5e-05,Torr
2026-02-09T08:48:55.465076,46429.656,7.500000000000001e-05,Torr
2026-02-09T08:49:00.495448,46434.687,7.5e-05,Torr
2026-02-09T08:49:07.604877,46441.796,7.65e-05,Torr
2026-02-09T08:49:12.635255,46446.826,7.7e-05,Torr
2026-02-09T08:49:19.744639,46453.936,7.75e-05,Torr
2026-02-09T08:49:24.775016,46458.966,7.8e-05,Torr
2026-02-09T08:49:31.900063,46466.091,7.75e-05,Torr
2026-02-09T08:49:36.930672,46471.122,7.9e-05,Torr
2026-02-09T08:49:44.039852,46478.231,8e-05,Torr
2026-02-09T08:49:49.070257,46483.261,8e-05,Torr
2026-02-09T08:49:56.195317,46490.386,7.999999999999999e-05,Torr
2026-02-09T08:50:01.225696,46495.417,8e-05,Torr
2026-02-09T08:50:08.335144,46502.526,8.15e-05,Torr
2026-02-09T08:50:13.365538,46507.557,8.2e-05,Torr
2026-02-09T08:50:20.474970,46514.666,8.3e-05,Torr
2026-02-09T08:50:25.505336,46519.696,8.3e-05,Torr
2026-02-09T08:50:32.630357,46526.821,8.35e-05,Torr
2026-02-09T08:50:37.660738,46531.852,8.5e-05,Torr
2026-02-09T08:50:44.785792,46538.977,8.6e-05,Torr
2026-02-09T08:50:49.816210,46544.007,8.6e-05,Torr
2026-02-09T08:50:56.925606,46551.117,8.8e-05,Torr
2026-02-09T08:51:01.955948,46556.147,8.9e-05,Torr
2026-02-09T08:51:09.080974,46563.272,8.950000000000001e-05,Torr
2026-02-09T08:51:14.111411,46568.303,9e-05,Torr
2026-02-09T08:51:21.220780,46575.412,9.2e-05,Torr
2026-02-09T08:51:26.251220,46580.442,9.3e-05,Torr
2026-02-09T08:51:33.376302,46587.567,9.2e-05,Torr
2026-02-09T08:51:38.406729,46592.598,9.3e-05,Torr
2026-02-09T08:51:45.516064,46599.707,9.400000000000001e-05,Torr
2026-02-09T08:51:50.546441,46604.738,9.6e-05,Torr
2026-02-09T08:51:57.655866,46611.847,9.5e-05,Torr
2026-02-09T08:52:02.686262,46616.877,9.6e-05,Torr
2026-02-09T08:52:09.795651,46623.987,9.7e-05,Torr
2026-02-09T08:52:14.826076,46629.017,9.8e-05,Torr
2026-02-09T08:52:21.951068,46636.142,9.9e-05,Torr
2026-02-09T08:52:26.981483,46641.173,9.9e-05,Torr
2026-02-09T08:52:34.106552,46648.298,0.0001,Torr
2026-02-09T08:52:39.136987,46653.328,0.0001,Torr
2026-02-09T08:52:46.246335,46660.437,0.0001,Torr
2026-02-09T08:52:51.276732,46665.468,0.0001,Torr
2026-02-09T08:52:58.386125,46672.577,0.0001,Torr
2026-02-09T08:53:03.416547,46677.608,0.00011,Torr
2026-02-09T08:53:10.525932,46684.717,0.00011,Torr
2026-02-09T08:53:15.556353,46689.747,0.00011,Torr
2026-02-09T08:53:22.665757,46696.857,0.00011,Torr
2026-02-09T08:53:27.696270,46701.887,0.00011,Torr
2026-02-09T08:53:34.821303,46709.012,0.00011,Torr
2026-02-09T08:53:39.851576,46714.043,0.00011,Torr
2026-02-09T08:53:46.961019,46721.152,0.00011,Torr
2026-02-09T08:53:51.991398,46726.183,0.00011,Torr
2026-02-09T08:53:59.116448,46733.308,0.00012,Torr
2026-02-09T08:54:04.146911,46738.338,0.00012,Torr
2026-02-09T08:54:11.256206,46745.447,0.00012,Torr
2026-02-09T08:54:16.286588,46750.478,0.00012,Torr
2026-02-09T08:54:23.411719,46757.603,0.00012,Torr
2026-02-09T08:54:28.442091,46762.633,0.00012,Torr
2026-02-09T08:54:35.567123,46769.758,0.00012,Torr
2026-02-09T08:54:40.597492,46774.789,0.00012,Torr
2026-02-09T08:54:47.706939,46781.898,0.00012,Torr
2026-02-09T08:54:52.737324,46786.928,0.00012,Torr
2026-02-09T08:54:59.862349,46794.053,0.00012,Torr
2026-02-09T08:55:04.892721,46799.084,0.00012,Torr
2026-02-09T08:55:12.002156,46806.193,0.00013,Torr
2026-02-09T08:55:17.032515,46811.224,0.00013,Torr
2026-02-09T08:55:24.143460,46818.335,0.00013,Torr
2026-02-09T08:55:29.173880,46823.365,0.00013,Torr
2026-02-09T08:55:37.314322,46831.505,0.00013,Torr
2026-02-09T08:55:42.344897,46836.536,0.00013,Torr
2026-02-09T08:55:49.454255,46843.645,0.00013,Torr
2026-02-09T08:55:54.484732,46848.676,0.00013,Torr
2026-02-09T08:56:01.609719,46855.801,0.00013,Torr
2026-02-09T08:56:06.640102,46860.831,0.00013,Torr
2026-02-09T08:56:13.749580,46867.941,0.00013,Torr
2026-02-09T08:56:18.779894,46872.971,0.00014,Torr
2026-02-09T08:56:25.889353,46880.080,0.00014,Torr
2026-02-09T08:56:30.919714,46885.111,0.00014,Torr
2026-02-09T08:56:38.029108,46892.220,0.00014,Torr
2026-02-09T08:56:43.059509,46897.251,0.00014,Torr
2026-02-09T08:56:50.169015,46904.360,0.00014,Torr
2026-02-09T08:56:55.199327,46909.390,0.00014,Torr
2026-02-09T08:57:02.324352,46916.515,0.00014,Torr
2026-02-09T08:57:07.354781,46921.546,0.00014,Torr
2026-02-09T08:57:14.464276,46928.655,0.00014,Torr
2026-02-09T08:57:19.494571,46933.686,0.00014,Torr
2026-02-09T08:57:26.619568,46940.811,0.00014,Torr
2026-02-09T08:57:31.649993,46945.841,0.00014,Torr
2026-02-09T08:57:38.759726,46952.951,0.00015,Torr
2026-02-09T08:57:43.790738,46957.982,0.00015,Torr
2026-02-09T08:57:50.914821,46965.106,0.00015,Torr
2026-02-09T08:57:55.945270,46970.136,0.00015,Torr
2026-02-09T08:58:03.070414,46977.262,0.00015,Torr
2026-02-09T08:58:08.100701,46982.292,0.00015,Torr
2026-02-09T08:58:15.225702,46989.417,0.000155,Torr
2026-02-09T08:58:20.256108,46994.447,0.00016,Torr
2026-02-09T08:58:27.365530,47001.557,0.00016,Torr
2026-02-09T08:58:32.396383,47006.588,0.00016,Torr
2026-02-09T08:58:39.520943,47013.712,0.00016,Torr
2026-02-09T08:58:44.551385,47018.743,0.00016,Torr
2026-02-09T08:58:51.660766,47025.852,0.00017,Torr
2026-02-09T08:58:56.691144,47030.882,0.00017,Torr
2026-02-09T08:59:03.816145,47038.007,0.00017,Torr
2026-02-09T08:59:08.846571,47043.038,0.00017,Torr
2026-02-09T08:59:15.955919,47050.147,0.00017,Torr
2026-02-09T08:59:20.986361,47055.178,0.00017,Torr
2026-02-09T08:59:28.095806,47062.287,0.00017500000000000003,Torr
2026-02-09T08:59:33.126223,47067.317,0.00018,Torr
2026-02-09T08:59:40.235620,47074.427,0.00018,Torr
2026-02-09T08:59:45.265979,47079.457,0.00018,Torr
2026-02-09T08:59:52.375422,47086.567,0.00018,Torr
2026-02-09T08:59:57.405795,47091.597,0.00018,Torr
2026-02-09T09:00:04.530843,47098.722,0.000185,Torr
2026-02-09T09:00:09.561200,47103.752,0.00019,Torr
2026-02-09T09:00:16.670692,47110.862,0.00019,Torr
2026-02-09T09:00:21.701076,47115.892,0.00019,Torr
2026-02-09T09:00:28.810413,47123.002,0.00019,Torr
2026-02-09T09:00:33.840811,47128.032,0.00019,Torr
2026-02-09T09:00:40.950313,47135.141,0.00019,Torr
2026-02-09T09:00:45.980664,47140.172,0.0002,Torr
2026-02-09T09:00:53.090040,47147.281,0.0002,Torr
2026-02-09T09:00:58.120626,47152.312,0.0002,Torr
2026-02-09T09:01:05.245511,47159.437,0.0002,Torr
2026-02-09T09:01:10.276001,47164.467,0.0002,Torr
2026-02-09T09:01:17.385317,47171.576,0.0002,Torr
2026-02-09T09:01:22.415704,47176.607,0.00021,Torr
2026-02-09T09:01:29.525129,47183.716,0.00021,Torr
2026-02-09T09:01:34.555643,47188.747,0.00021,Torr
2026-02-09T09:01:41.664898,47195.856,0.00021500000000000002,Torr
2026-02-09T09:01:46.695295,47200.886,0.00022,Torr
2026-02-09T09:01:53.804752,47207.996,0.00022,Torr
2026-02-09T09:01:58.835085,47213.026,0.00022,Torr
2026-02-09T09:02:05.960166,47220.151,0.00022,Torr
2026-02-09T09:02:10.990563,47225.182,0.00022,Torr
2026-02-09T09:02:18.117104,47232.308,0.000225,Torr
2026-02-09T09:02:23.161618,47237.353,0.00023,Torr
2026-02-09T09:02:30.286650,47244.478,0.00023,Torr
2026-02-09T09:02:35.317038,47249.508,0.00023,Torr
2026-02-09T09:02:42.442010,47256.633,0.00024,Torr
2026-02-09T09:02:47.472472,47261.664,0.00023,Torr
2026-02-09T09:02:54.597515,47268.789,0.00024,Torr
2026-02-09T09:02:59.627901,47273.819,0.00024,Torr
2026-02-09T09:03:06.752925,47280.944,0.00024,Torr
2026-02-09T09:03:11.783352,47285.974,0.00024,Torr
2026-02-09T09:03:18.892670,47293.084,0.000245,Torr
2026-02-09T09:03:23.923125,47298.114,0.00025,Torr
2026-02-09T09:03:31.032520,47305.224,0.00025,Torr
2026-02-09T09:03:36.062907,47310.254,0.00025,Torr
2026-02-09T09:03:43.187934,47317.379,0.00026,Torr
2026-02-09T09:03:48.218368,47322.410,0.00026,Torr
2026-02-09T09:03:55.327731,47329.519,0.00026,Torr
2026-02-09T09:04:00.358159,47334.549,0.00026,Torr
2026-02-09T09:04:07.483201,47341.674,0.000265,Torr
2026-02-09T09:04:12.513852,47346.705,0.00027,Torr
2026-02-09T09:04:19.638593,47353.830,0.00027,Torr
2026-02-09T09:04:24.669022,47358.860,0.00027,Torr
2026-02-09T09:04:31.794060,47365.985,0.00027,Torr
2026-02-09T09:04:36.824450,47371.016,0.00028,Torr
2026-02-09T09:04:43.933867,47378.125,0.00028,Torr
2026-02-09T09:04:48.964528,47383.156,0.00028,Torr
2026-02-09T09:04:56.073671,47390.265,0.00028,Torr
2026-02-09T09:05:01.104023,47395.295,0.00029,Torr
2026-02-09T09:05:08.229057,47402.420,0.00029,Torr
2026-02-09T09:05:13.259486,47407.451,0.00029,Torr
2026-02-09T09:05:20.368882,47414.560,0.0003,Torr
2026-02-09T09:05:25.399277,47419.590,0.0003,Torr
2026-02-09T09:05:32.508677,47426.700,0.0003,Torr
2026-02-09T09:05:37.539223,47431.730,0.0003,Torr
2026-02-09T09:05:44.664139,47438.855,0.0003,Torr
2026-02-09T09:05:49.694577,47443.886,0.00031,Torr
2026-02-09T09:05:56.803931,47450.995,0.00031,Torr
2026-02-09T09:06:01.834336,47456.025,0.00031,Torr
2026-02-09T09:06:08.959352,47463.150,0.00031,Torr
2026-02-09T09:06:13.989744,47468.181,0.00032,Torr
2026-02-09T09:06:21.114834,47475.306,0.00032,Torr
2026-02-09T09:06:26.145437,47480.337,0.00032,Torr
2026-02-09T09:06:33.254592,47487.446,1.75e-05,Torr
2026-02-09T09:06:38.284959,47492.476,9.1e-06,Torr
2026-02-09T09:06:45.410024,47499.601,7.75e-06,Torr
2026-02-09T09:06:50.440449,47504.632,7e-06,Torr
2026-02-09T09:06:57.565488,47511.757,6.5000000000000004e-06,Torr
2026-02-09T09:07:02.595906,47516.787,5.9e-06,Torr
2026-02-09T09:07:09.720953,47523.912,5.8e-06,Torr
2026-02-09T09:07:14.751267,47528.942,5.5e-06,Torr
2026-02-09T09:07:21.876312,47536.067,5.3e-06,Torr
2026-02-09T09:07:26.906847,47541.098,5.1e-06,Torr
2026-02-09T09:07:34.016340,47548.207,4.9999999999999996e-06,Torr
2026-02-09T09:07:39.062142,47553.253,4.9e-06,Torr
2026-02-09T09:07:46.187162,47560.378,4.75e-06,Torr
2026-02-09T09:07:51.217560,47565.409,4.6e-06,Torr
2026-02-09T09:07:58.327072,47572.518,4.5500000000000005e-06,Torr
2026-02-09T09:08:03.357385,47577.549,4.5e-06,Torr
2026-02-09T09:08:10.482431,47584.674,4.45e-06,Torr
2026-02-09T09:08:15.512889,47589.704,4.4e-06,Torr
2026-02-09T09:08:22.637803,47596.829,4.350000000000001e-06,Torr
2026-02-09T09:08:27.668208,47601.859,4.3e-06,Torr
2026-02-09T09:08:34.793318,47608.984,4.2e-06,Torr
2026-02-09T09:08:39.823715,47614.015,4.2e-06,Torr
2026-02-09T09:08:46.948720,47621.140,4.2e-06,Torr
2026-02-09T09:08:51.979094,47626.170,4.2e-06,Torr
2026-02-09T09:08:59.088513,47633.280,4.149999999999999e-06,Torr
2026-02-09T09:09:04.118905,47638.310,4.2e-06,Torr
2026-02-09T09:09:11.243979,47645.435,4.149999999999999e-06,Torr
2026-02-09T09:09:16.274346,47650.465,4.3e-06,Torr
2026-02-09T09:09:23.383972,47657.575,4.2e-06,Torr
2026-02-09T09:09:28.429831,47662.621,4.2e-06,Torr
2026-02-09T09:09:35.554849,47669.746,4.1e-06,Torr
2026-02-09T09:09:40.585193,47674.776,4.1e-06,Torr
2026-02-09T09:09:47.710197,47681.901,4.1e-06,Torr
2026-02-09T09:09:52.740628,47686.932,4.1e-06,Torr
2026-02-09T09:09:59.850070,47694.041,4.1e-06,Torr
2026-02-09T09:10:04.880679,47699.072,4.1e-06,Torr
2026-02-09T09:10:12.005527,47706.197,4.1e-06,Torr
2026-02-09T09:10:17.035852,47711.227,4.1e-06,Torr
2026-02-09T09:10:24.160868,47718.352,4.1e-06,Torr
2026-02-09T09:10:29.191355,47723.382,4.1e-06,Torr
2026-02-09T09:10:36.316385,47730.508,4.1e-06,Torr
2026-02-09T09:10:41.346727,47735.538,4.1e-06,Torr
2026-02-09T09:10:48.456161,47742.647,4.05e-06,Torr
2026-02-09T09:10:53.486527,47747.678,4.1e-06,Torr
2026-02-09T09:11:00.595933,47754.787,4.1e-06,Torr
2026-02-09T09:11:05.626345,47759.817,4.1e-06,Torr
2026-02-09T09:11:12.751351,47766.942,4.1e-06,Torr
2026-02-09T09:11:17.782090,47771.973,4.1e-06,Torr
2026-02-09T09:11:24.906759,47779.098,4.1e-06,Torr
2026-02-09T09:11:29.937197,47784.128,4.1e-06,Torr
2026-02-09T09:11:37.046643,47791.238,4.149999999999999e-06,Torr
2026-02-09T09:11:42.077005,47796.268,4.1e-06,Torr
2026-02-09T09:11:49.202049,47803.393,4.149999999999999e-06,Torr
2026-02-09T09:11:54.232434,47808.424,4.1e-06,Torr
2026-02-09T09:12:01.357520,47815.549,4.149999999999999e-06,Torr
2026-02-09T09:12:06.387871,47820.579,4.1e-06,Torr
2026-02-09T09:12:13.512895,47827.704,4.2e-06,Torr
2026-02-09T09:12:18.543331,47832.734,4.2e-06,Torr
2026-02-09T09:12:25.668371,47839.860,4.2e-06,Torr
2026-02-09T09:12:30.698763,47844.890,4.2e-06,Torr
2026-02-09T09:12:37.823772,47852.015,4.2e-06,Torr
2026-02-09T09:12:42.854160,47857.045,4.2e-06,Torr
2026-02-09T09:12:49.979238,47864.170,4.2e-06,Torr
2026-02-09T09:12:55.009749,47869.201,4.2e-06,Torr
2026-02-09T09:13:02.118997,47876.310,4.2e-06,Torr
2026-02-09T09:13:07.149595,47881.341,4.2e-06,Torr
2026-02-09T09:13:14.274423,47888.466,4.3e-06,Torr
2026-02-09T09:13:19.304957,47893.496,4.3e-06,Torr
2026-02-09T09:13:26.429862,47900.621,4.2999999999999995e-06,Torr
2026-02-09T09:13:31.460327,47905.651,4.3e-06,Torr
2026-02-09T09:13:38.569656,47912.761,4.25e-06,Torr
2026-02-09T09:13:43.600101,47917.791,4.2e-06,Torr
2026-02-09T09:13:50.725085,47924.916,4.350000000000001e-06,Torr
2026-02-09T09:13:55.755492,47929.947,4.3e-06,Torr
2026-02-09T09:14:02.864928,47937.056,4.4e-06,Torr
2026-02-09T09:14:07.895349,47942.086,4.4e-06,Torr
2026-02-09T09:14:15.020361,47949.212,4.3e-06,Torr
2026-02-09T09:14:20.050719,47954.242,4.3e-06,Torr
2026-02-09T09:14:27.175841,47961.367,4.4e-06,Torr
2026-02-09T09:14:32.206155,47966.397,4.3e-06,Torr
2026-02-09T09:14:39.315576,47973.507,4.4e-06,Torr
2026-02-09T09:14:44.345981,47978.537,4.4e-06,Torr
2026-02-09T09:14:51.471003,47985.662,4.4e-06,Torr
2026-02-09T09:14:56.501395,47990.693,4.4e-06,Torr
2026-02-09T09:15:03.610812,47997.802,4.4e-06,Torr
2026-02-09T09:15:08.641455,48002.833,4.4e-06,Torr
2026-02-09T09:15:15.766273,48009.957,4.4e-06,Torr
2026-02-09T09:15:20.796635,48014.988,4.5e-06,Torr
2026-02-09T09:15:27.905978,48022.097,4.45e-06,Torr
2026-02-09T09:15:32.936437,48027.128,4.5e-06,Torr
2026-02-09T09:15:40.045859,48034.237,4.45e-06,Torr
2026-02-09T09:15:45.076238,48039.267,4.5e-06,Torr
2026-02-09T09:15:52.201307,48046.392,4.5e-06,Torr
2026-02-09T09:15:57.231715,48051.423,4.5e-06,Torr
2026-02-09T09:16:04.341087,48058.532,4.4e-06,Torr
2026-02-09T09:16:09.371515,48063.563,4.5e-06,Torr
2026-02-09T09:16:16.496558,48070.688,4.5e-06,Torr
2026-02-09T09:16:21.526893,48075.718,4.5e-06,Torr
2026-02-09T09:16:28.651982,48082.843,4.5e-06,Torr
2026-02-09T09:16:33.682323,48087.873,4.5e-06,Torr
2026-02-09T09:16:40.809199,48095.000,4.5e-06,Torr
2026-02-09T09:16:45.853425,48100.045,4.5e-06,Torr
2026-02-09T09:16:52.962860,48107.154,4.5e-06,Torr
2026-02-09T09:16:57.993177,48112.184,4.5e-06,Torr
2026-02-09T09:17:05.118247,48119.309,4.5e-06,Torr
2026-02-09T09:17:10.148620,48124.340,4.5e-06,Torr
2026-02-09T09:17:17.273618,48131.465,4.5e-06,Torr
2026-02-09T09:17:22.304042,48136.495,4.5e-06,Torr
2026-02-09T09:17:29.429037,48143.620,4.5e-06,Torr
2026-02-09T09:17:34.459486,48148.651,4.5e-06,Torr
2026-02-09T09:17:41.584537,48155.776,4.5e-06,Torr
2026-02-09T09:17:46.614898,48160.806,4.5e-06,Torr
2026-02-09T09:17:53.739996,48167.931,4.5e-06,Torr
2026-02-09T09:17:58.770327,48172.961,4.5e-06,Torr
2026-02-09T09:18:05.879772,48180.071,4.5e-06,Torr
2026-02-09T09:18:10.910384,48185.102,4.5e-06,Torr
2026-02-09T09:18:18.035167,48192.226,4.6e-06,Torr
2026-02-09T09:18:23.065629,48197.257,4.6e-06,Torr
2026-02-09T09:18:30.190621,48204.382,4.6499999999999995e-06,Torr
2026-02-09T09:18:35.221007,48209.412,5.1e-06,Torr
2026-02-09T09:18:42.346087,48216.537,4.9e-06,Torr
2026-02-09T09:18:47.376447,48221.568,4.7e-06,Torr
2026-02-09T09:18:54.501500,48228.693,4.7e-06,Torr
2026-02-09T09:18:59.531870,48233.723,4.6e-06,Torr
2026-02-09T09:19:06.656889,48240.848,4.7e-06,Torr
2026-02-09T09:19:11.687289,48245.878,4.6e-06,Torr
2026-02-09T09:19:18.812371,48253.004,4.6499999999999995e-06,Torr
2026-02-09T09:19:23.842713,48258.034,4.6e-06,Torr
2026-02-09T09:19:30.967771,48265.159,4.6499999999999995e-06,Torr
2026-02-09T09:19:35.998143,48270.189,4.7e-06,Torr
2026-02-09T09:19:43.123182,48277.314,4.6499999999999995e-06,Torr
2026-02-09T09:19:48.153586,48282.345,4.6e-06,Torr
2026-02-09T09:19:55.278618,48289.470,4.6499999999999995e-06,Torr
2026-02-09T09:20:00.309009,48294.500,4.7e-06,Torr
2026-02-09T09:20:07.434080,48301.625,4.7e-06,Torr
2026-02-09T09:20:12.464587,48306.656,4.7e-06,Torr
2026-02-09T09:20:19.589511,48313.781,4.7e-06,Torr
2026-02-09T09:20:24.619873,48318.811,4.9e-06,Torr
2026-02-09T09:20:31.744929,48325.936,5.2e-06,Torr
2026-02-09T09:20:36.775585,48330.967,5.2e-06,Torr
2026-02-09T09:20:43.884694,48338.076,4.9999999999999996e-06,Torr
2026-02-09T09:20:48.915118,48343.106,4.9e-06,Torr
2026-02-09T09:20:56.040181,48350.231,4.8e-06,Torr
2026-02-09T09:21:01.070586,48355.262,4.7e-06,Torr
2026-02-09T09:21:08.195587,48362.387,4.7e-06,Torr
2026-02-09T09:21:13.226092,48367.417,4.7e-06,Torr
2026-02-09T09:21:20.350976,48374.542,4.7e-06,Torr
2026-02-09T09:21:25.381445,48379.573,4.7e-06,Torr
2026-02-09T09:21:32.506489,48386.698,4.7e-06,Torr
2026-02-09T09:21:37.536911,48391.728,4.7e-06,Torr
2026-02-09T09:21:44.661876,48398.853,4.6e-06,Torr
2026-02-09T09:21:49.692262,48403.883,4.7e-06,Torr
2026-02-09T09:21:56.801619,48410.993,4.6499999999999995e-06,Torr
2026-02-09T09:22:01.832199,48416.023,4.7e-06,Torr
2026-02-09T09:22:08.941477,48423.133,4.6499999999999995e-06,Torr
2026-02-09T09:22:13.971947,48428.163,4.7e-06,Torr
2026-02-09T09:22:21.096978,48435.288,4.7e-06,Torr
2026-02-09T09:22:26.127294,48440.318,4.6e-06,Torr
2026-02-09T09:22:33.252382,48447.444,4.6499999999999995e-06,Torr
2026-02-09T09:22:38.282727,48452.474,4.7e-06,Torr
2026-02-09T09:22:45.392198,48459.583,4.6499999999999995e-06,Torr
2026-02-09T09:22:50.423018,48464.614,4.7e-06,Torr
2026-02-09T09:22:57.547600,48471.739,4.6499999999999995e-06,Torr
2026-02-09T09:23:02.578044,48476.769,4.6e-06,Torr
2026-02-09T09:23:09.702979,48483.894,4.7e-06,Torr
2026-02-09T09:23:14.733417,48488.925,4.7e-06,Torr
2026-02-09T09:23:21.858433,48496.050,4.7e-06,Torr
2026-02-09T09:23:26.889036,48501.080,4.7e-06,Torr
2026-02-09T09:23:34.013901,48508.205,4.6499999999999995e-06,Torr
2026-02-09T09:23:39.044393,48513.236,4.7e-06,Torr
2026-02-09T09:23:46.170029,48520.361,4.7e-06,Torr
2026-02-09T09:23:51.199897,48525.391,4.7e-06,Torr
2026-02-09T09:23:58.402797,48532.594,4.6499999999999995e-06,Torr
2026-02-09T09:24:03.434083,48537.625,4.7e-06,Torr
2026-02-09T09:24:10.558275,48544.749,4.7e-06,Torr
2026-02-09T09:24:15.588865,48549.780,4.7e-06,Torr
2026-02-09T09:24:22.713754,48556.905,4.7e-06,Torr
2026-02-09T09:24:27.744152,48561.935,4.7e-06,Torr
2026-02-09T09:24:34.869179,48569.060,4.7e-06,Torr
2026-02-09T09:24:39.899531,48574.091,4.7e-06,Torr
2026-02-09T09:24:47.024561,48581.216,4.7e-06,Torr
2026-02-09T09:24:52.054950,48586.246,4.7e-06,Torr
2026-02-09T09:24:59.180115,48593.371,4.7e-06,Torr
2026-02-09T09:25:04.210498,48598.402,4.7e-06,Torr
2026-02-09T09:25:11.319758,48605.511,4.7e-06,Torr
2026-02-09T09:25:16.350259,48610.541,4.7e-06,Torr
2026-02-09T09:25:23.475261,48617.666,4.7e-06,Torr
2026-02-09T09:25:28.505616,48622.697,4.7e-06,Torr
2026-02-09T09:25:35.630684,48629.822,4.7e-06,Torr
2026-02-09T09:25:40.661067,48634.852,4.7e-06,Torr
2026-02-09T09:25:47.786082,48641.977,4.7e-06,Torr
2026-02-09T09:25:52.816761,48647.008,4.7e-06,Torr
2026-02-09T09:25:59.941510,48654.133,4.7e-06,Torr
2026-02-09T09:26:04.972046,48659.163,4.7e-06,Torr
2026-02-09T09:26:12.096931,48666.288,4.7e-06,Torr
2026-02-09T09:26:17.127373,48671.319,4.7e-06,Torr
2026-02-09T09:26:24.252363,48678.444,4.7e-06,Torr
2026-02-09T09:26:29.282915,48683.474,4.7e-06,Torr
2026-02-09T09:26:36.392245,48690.583,4.7e-06,Torr
2026-02-09T09:26:41.422587,48695.614,4.7e-06,Torr
2026-02-09T09:26:48.531972,48702.723,4.75e-06,Torr
2026-02-09T09:26:53.562555,48707.754,4.7e-06,Torr
2026-02-09T09:27:00.687472,48714.879,4.7e-06,Torr
2026-02-09T09:27:05.717861,48719.909,4.7e-06,Torr
2026-02-09T09:27:12.842885,48727.034,4.7e-06,Torr
2026-02-09T09:27:17.873442,48732.065,4.7e-06,Torr
2026-02-09T09:27:24.998292,48739.189,4.75e-06,Torr
2026-02-09T09:27:30.028749,48744.220,4.7e-06,Torr
2026-02-09T09:27:37.153728,48751.345,4.75e-06,Torr
2026-02-09T09:27:42.184114,48756.375,4.7e-06,Torr
2026-02-09T09:27:49.309177,48763.500,4.75e-06,Torr
2026-02-09T09:27:54.339545,48768.531,4.8e-06,Torr
2026-02-09T09:28:01.464583,48775.656,4.75e-06,Torr
2026-02-09T09:28:06.494969,48780.686,4.7e-06,Torr
2026-02-09T09:28:13.604352,48787.795,4.75e-06,Torr
2026-02-09T09:28:18.634778,48792.826,4.8e-06,Torr
2026-02-09T09:28:25.759856,48799.951,4.8e-06,Torr
2026-02-09T09:28:30.790317,48804.981,4.8e-06,Torr
2026-02-09T09:28:37.915246,48812.106,4.8e-06,Torr
2026-02-09T09:28:42.945698,48817.137,4.8e-06,Torr
2026-02-09T09:28:50.055029,48824.246,4.849999999999999e-06,Torr
2026-02-09T09:28:55.085432,48829.277,4.8e-06,Torr
2026-02-09T09:29:02.210492,48836.402,4.9e-06,Torr
2026-02-09T09:29:07.241674,48841.433,4.7e-06,Torr
2026-02-09T09:29:14.365957,48848.557,4.75e-06,Torr
2026-02-09T09:29:19.396347,48853.587,4.8e-06,Torr
2026-02-09T09:29:26.521381,48860.713,4.8e-06,Torr
2026-02-09T09:29:31.552029,48865.743,4.7e-06,Torr
2026-02-09T09:29:38.676831,48872.868,4.849999999999999e-06,Torr
2026-02-09T09:29:43.707336,48877.898,4.9e-06,Torr
2026-02-09T09:29:50.832216,48885.023,4.849999999999999e-06,Torr
2026-02-09T09:29:55.862795,48890.054,4.8e-06,Torr
2026-02-09T09:30:02.987587,48897.179,4.9e-06,Torr
2026-02-09T09:30:08.018164,48902.209,4.8e-06,Torr
2026-02-09T09:30:15.143039,48909.334,4.849999999999999e-06,Torr
2026-02-09T09:30:20.173460,48914.365,4.8e-06,Torr
2026-02-09T09:30:27.298522,48921.490,4.9e-06,Torr
2026-02-09T09:30:32.329023,48926.520,4.9e-06,Torr
2026-02-09T09:30:39.453911,48933.645,4.9e-06,Torr
2026-02-09T09:30:44.484314,48938.675,4.9e-06,Torr
2026-02-09T09:30:51.609313,48945.800,4.849999999999999e-06,Torr
2026-02-09T09:30:56.640032,48950.831,4.9e-06,Torr
2026-02-09T09:31:03.764767,48957.956,4.9e-06,Torr
2026-02-09T09:31:08.795845,48962.987,4.8e-06,Torr
2026-02-09T09:31:15.920239,48970.111,4.9e-06,Torr
2026-02-09T09:31:20.950605,48975.142,4.9e-06,Torr
2026-02-09T09:31:28.075652,48982.267,4.9e-06,Torr
2026-02-09T09:31:33.106292,48987.297,4.9e-06,Torr
2026-02-09T09:31:40.231047,48994.422,4.9e-06,Torr
2026-02-09T09:31:45.262276,48999.453,4.9e-06,Torr
2026-02-09T09:31:52.386554,49006.578,4.9e-06,Torr
2026-02-09T09:31:57.416942,49011.608,4.9e-06,Torr
2026-02-09T09:32:04.541928,49018.733,4.9e-06,Torr
2026-02-09T09:32:09.572321,49023.763,4.9e-06,Torr
2026-02-09T09:32:16.697365,49030.889,4.9e-06,Torr
2026-02-09T09:32:21.728149,49035.919,4.9e-06,Torr
2026-02-09T09:32:28.852762,49043.044,4.9e-06,Torr
2026-02-09T09:32:33.883233,49048.074,4.9e-06,Torr
2026-02-09T09:32:41.008173,49055.199,4.9e-06,Torr
2026-02-09T09:32:46.038791,49060.230,4.9e-06,Torr
2026-02-09T09:32:53.163690,49067.355,4.9e-06,Torr
2026-02-09T09:32:58.209663,49072.401,4.9e-06,Torr
2026-02-09T09:33:05.334722,49079.526,4.9e-06,Torr
2026-02-09T09:33:10.365125,49084.556,4.9e-06,Torr
2026-02-09T09:33:17.474679,49091.666,4.95e-06,Torr
2026-02-09T09:33:22.504914,49096.696,4.9e-06,Torr
2026-02-09T09:33:29.629980,49103.821,4.95e-06,Torr
2026-02-09T09:33:34.660690,49108.852,5e-06,Torr
2026-02-09T09:33:41.785367,49115.977,4.9e-06,Torr
2026-02-09T09:33:46.816238,49121.007,4.9e-06,Torr
2026-02-09T09:33:53.940759,49128.132,5.050000000000001e-06,Torr
2026-02-09T09:33:58.971672,49133.163,5e-06,Torr
2026-02-09T09:34:06.096249,49140.287,4.95e-06,Torr
2026-02-09T09:34:11.126636,49145.318,5e-06,Torr
2026-02-09T09:34:18.251696,49152.443,5.050000000000001e-06,Torr
2026-02-09T09:34:23.282928,49157.474,5.1e-06,Torr
2026-02-09T09:34:30.407091,49164.598,5e-06,Torr
2026-02-09T09:34:35.437619,49169.629,5e-06,Torr
2026-02-09T09:34:42.562537,49176.754,5e-06,Torr
2026-02-09T09:34:47.593083,49181.784,5.1e-06,Torr
2026-02-09T09:34:54.702322,49188.893,4.9999999999999996e-06,Torr
2026-02-09T09:34:59.732793,49193.924,5e-06,Torr
2026-02-09T09:35:06.842168,49201.033,5e-06,Torr
2026-02-09T09:35:11.872494,49206.064,5.1e-06,Torr
2026-02-09T09:35:18.997567,49213.189,5.050000000000001e-06,Torr
2026-02-09T09:35:24.027940,49218.219,5e-06,Torr
2026-02-09T09:35:31.152952,49225.344,5e-06,Torr
2026-02-09T09:35:36.183453,49230.375,5.1e-06,Torr
2026-02-09T09:35:43.308407,49237.500,5.050000000000001e-06,Torr
2026-02-09T09:35:48.338824,49242.530,5.1e-06,Torr
2026-02-09T09:35:55.463804,49249.655,5.050000000000001e-06,Torr
2026-02-09T09:36:00.494267,49254.685,5.1e-06,Torr
2026-02-09T09:36:07.603744,49261.795,5.1e-06,Torr
2026-02-09T09:36:12.634042,49266.825,5.1e-06,Torr
2026-02-09T09:36:19.743458,49273.935,5.1e-06,Torr
2026-02-09T09:36:24.773921,49278.965,5.1e-06,Torr
2026-02-09T09:36:31.898885,49286.090,5.1e-06,Torr
2026-02-09T09:36:36.929903,49291.121,5.1e-06,Torr
2026-02-09T09:36:44.054309,49298.245,5.1e-06,Torr
2026-02-09T09:36:49.100335,49303.291,5.1e-06,Torr
2026-02-09T09:36:56.225393,49310.417,5.1e-06,Torr
2026-02-09T09:37:01.255768,49315.447,5.1e-06,Torr
2026-02-09T09:37:08.380777,49322.572,5.1e-06,Torr
2026-02-09T09:37:13.411413,49327.603,5.1e-06,Torr
2026-02-09T09:37:20.536263,49334.727,5.1e-06,Torr
2026-02-09T09:37:25.566697,49339.758,5.1e-06,Torr
2026-02-09T09:37:32.691690,49346.883,5.15e-06,Torr
2026-02-09T09:37:37.722098,49351.913,5.1e-06,Torr
2026-02-09T09:37:44.847105,49359.038,5.1e-06,Torr
2026-02-09T09:37:49.877492,49364.069,5.1e-06,Torr
2026-02-09T09:37:57.002560,49371.194,5.15e-06,Torr
2026-02-09T09:38:02.032955,49376.224,5.1e-06,Torr
2026-02-09T09:38:09.157924,49383.349,5.2500000000000006e-06,Torr
2026-02-09T09:38:14.188342,49388.379,5.2e-06,Torr
2026-02-09T09:38:21.313383,49395.505,5.2e-06,Torr
2026-02-09T09:38:26.344238,49400.535,5.2e-06,Torr
2026-02-09T09:38:33.468856,49407.660,5.15e-06,Torr
2026-02-09T09:38:38.499648,49412.691,5.2e-06,Torr
2026-02-09T09:38:45.624229,49419.815,5.2e-06,Torr
2026-02-09T09:38:50.655126,49424.846,5.2e-06,Torr
2026-02-09T09:38:57.779658,49431.971,5.2500000000000006e-06,Torr
2026-02-09T09:39:02.810529,49437.002,5.2e-06,Torr
2026-02-09T09:39:09.935117,49444.126,5.2500000000000006e-06,Torr
2026-02-09T09:39:14.965598,49449.157,5.2e-06,Torr
2026-02-09T09:39:22.090541,49456.282,5.3e-06,Torr
2026-02-09T09:39:27.120926,49461.312,5.2e-06,Torr
2026-02-09T09:39:34.245976,49468.437,5.2500000000000006e-06,Torr
2026-02-09T09:39:39.276373,49473.468,5.2e-06,Torr
2026-02-09T09:39:46.401432,49480.593,5.2e-06,Torr
2026-02-09T09:39:51.432171,49485.623,5.3e-06,Torr
2026-02-09T09:39:58.556847,49492.748,5.3e-06,Torr
2026-02-09T09:40:03.587519,49497.779,5.3e-06,Torr
2026-02-09T09:40:10.712279,49504.903,5.2500000000000006e-06,Torr
2026-02-09T09:40:15.742676,49509.934,5.3e-06,Torr
2026-02-09T09:40:22.867694,49517.059,5.2500000000000006e-06,Torr
2026-02-09T09:40:27.898073,49522.089,5.3e-06,Torr
2026-02-09T09:40:35.023103,49529.214,5.3e-06,Torr
2026-02-09T09:40:40.069121,49534.260,5.3e-06,Torr
2026-02-09T09:40:47.194151,49541.385,5.3e-06,Torr
2026-02-09T09:40:52.224580,49546.416,5.3e-06,Torr
2026-02-09T09:40:59.349585,49553.541,5.3e-06,Torr
2026-02-09T09:41:04.395659,49558.587,5.3e-06,Torr
2026-02-09T09:41:11.520578,49565.712,5.4e-06,Torr
2026-02-09T09:41:16.551234,49570.742,5.3e-06,Torr
2026-02-09T09:41:23.660447,49577.852,6.1e-06,Torr
2026-02-09T09:41:28.691008,49582.882,5.9e-06,Torr
2026-02-09T09:41:35.815926,49590.007,5.7e-06,Torr
2026-02-09T09:41:40.846778,49595.038,5.5e-06,Torr
2026-02-09T09:41:47.971350,49602.162,5.4e-06,Torr
2026-02-09T09:41:53.001740,49607.193,5.4e-06,Torr
2026-02-09T09:42:00.126796,49614.318,5.4e-06,Torr
2026-02-09T09:42:05.157218,49619.348,5.4e-06,Torr
2026-02-09T09:42:12.282198,49626.473,5.4e-06,Torr
2026-02-09T09:42:17.312607,49631.504,5.4e-06,Torr
2026-02-09T09:42:24.437631,49638.629,5.35e-06,Torr
2026-02-09T09:42:29.468009,49643.659,5.4e-06,Torr
2026-02-09T09:42:36.593074,49650.784,5.7e-06,Torr
2026-02-09T09:42:41.624215,49655.815,5.6e-06,Torr
2026-02-09T09:42:48.748513,49662.940,5.5e-06,Torr
2026-02-09T09:42:53.779209,49667.970,5.5e-06,Torr
2026-02-09T09:43:00.903904,49675.095,5.4e-06,Torr
2026-02-09T09:43:05.934335,49680.125,5.5e-06,Torr
2026-02-09T09:43:13.059478,49687.251,5.45e-06,Torr
2026-02-09T09:43:18.090479,49692.282,5.4e-06,Torr
2026-02-09T09:43:25.214763,49699.406,5.45e-06,Torr
2026-02-09T09:43:30.245531,49704.437,5.5e-06,Torr
2026-02-09T09:43:37.370145,49711.561,5.4e-06,Torr
2026-02-09T09:43:42.400651,49716.592,5.5e-06,Torr
2026-02-09T09:43:49.525633,49723.717,5.45e-06,Torr
2026-02-09T09:43:54.556648,49728.748,5.4e-06,Torr
2026-02-09T09:44:01.681158,49735.872,5.45e-06,Torr
2026-02-09T09:44:06.712096,49740.903,5.4e-06,Torr
2026-02-09T09:44:13.836514,49748.028,5.5e-06,Torr
2026-02-09T09:44:18.866890,49753.058,5.5e-06,Torr
2026-02-09T09:44:25.991947,49760.183,5.5e-06,Torr
2026-02-09T09:44:31.022360,49765.213,5.4e-06,Torr
2026-02-09T09:44:38.147357,49772.338,5.5e-06,Torr
2026-02-09T09:44:43.178273,49777.369,5.5e-06,Torr
2026-02-09T09:44:50.302809,49784.494,5.549999999999999e-06,Torr
2026-02-09T09:44:55.333901,49789.525,5.5e-06,Torr
2026-02-09T09:45:02.458259,49796.649,5.5e-06,Torr
2026-02-09T09:45:07.488801,49801.680,5.5e-06,Torr
2026-02-09T09:45:14.613734,49808.805,5.6e-06,Torr
2026-02-09T09:45:19.659679,49813.851,5.6e-06,Torr
2026-02-09T09:45:26.784662,49820.976,5.6e-06,Torr
2026-02-09T09:45:31.815910,49826.007,5.6e-06,Torr
2026-02-09T09:45:38.940130,49833.131,5.6e-06,Torr
2026-02-09T09:45:43.986302,49838.177,5.6e-06,Torr
2026-02-09T09:45:51.111193,49845.302,5.65e-06,Torr
2026-02-09T09:45:56.142581,49850.334,5.6e-06,Torr
2026-02-09T09:46:03.266630,49857.458,5.7e-06,Torr
2026-02-09T09:46:08.297527,49862.489,5.6e-06,Torr
2026-02-09T09:46:15.422042,49869.613,5.7e-06,Torr
2026-02-09T09:46:20.453015,49874.644,5.7e-06,Torr
2026-02-09T09:46:27.577507,49881.769,5.7e-06,Torr
2026-02-09T09:46:32.608029,49886.799,5.7e-06,Torr
2026-02-09T09:46:39.732872,49893.924,5.7e-06,Torr
2026-02-09T09:46:44.763424,49898.955,5.7e-06,Torr
2026-02-09T09:46:51.888288,49906.079,5.7e-06,Torr
2026-02-09T09:46:56.918752,49911.110,5.7e-06,Torr
2026-02-09T09:47:04.043777,49918.235,5.7e-06,Torr
2026-02-09T09:47:09.074268,49923.265,5.7e-06,Torr
2026-02-09T09:47:16.199154,49930.390,5.7e-06,Torr
2026-02-09T09:47:21.245187,49935.436,5.7e-06,Torr
2026-02-09T09:47:28.370268,49942.561,5.7e-06,Torr
2026-02-09T09:47:33.400768,49947.592,5.8e-06,Torr
2026-02-09T09:47:40.525699,49954.717,5.75e-06,Torr
2026-02-09T09:47:45.556864,49959.748,5.7e-06,Torr
2026-02-09T09:47:52.681219,49966.872,5.8e-06,Torr
2026-02-09T09:47:57.711612,49971.903,5.7e-06,Torr
2026-02-09T09:48:04.836563,49979.028,5.8e-06,Torr
2026-02-09T09:48:09.866923,49984.058,5.8e-06,Torr
2026-02-09T09:48:16.991976,49991.183,5.9e-06,Torr
2026-02-09T09:48:22.022533,49996.214,5.8e-06,Torr
2026-02-09T09:48:29.147342,50003.338,5.8e-06,Torr
2026-02-09T09:48:34.177818,50008.369,5.9e-06,Torr
2026-02-09T09:48:41.302811,50015.494,5.9e-06,Torr
2026-02-09T09:48:46.333847,50020.525,5.9e-06,Torr
2026-02-09T09:48:53.458264,50027.649,5.9e-06,Torr
2026-02-09T09:48:58.488816,50032.680,5.8e-06,Torr
2026-02-09T09:49:05.613709,50039.805,5.9e-06,Torr
2026-02-09T09:49:10.644798,50044.836,5.9e-06,Torr
2026-02-09T09:49:17.769140,50051.960,5.9e-06,Torr
2026-02-09T09:49:22.799970,50056.991,5.9e-06,Torr
2026-02-09T09:49:29.924540,50064.116,5.9e-06,Torr
2026-02-09T09:49:34.970547,50069.162,5.9e-06,Torr
2026-02-09T09:49:42.095555,50076.287,6.05e-06,Torr
2026-02-09T09:49:47.125971,50081.317,6e-06,Torr
2026-02-09T09:49:54.251006,50088.442,5.950000000000001e-06,Torr
2026-02-09T09:49:59.282218,50093.473,5.9e-06,Torr
2026-02-09T09:50:06.406449,50100.598,6.05e-06,Torr
2026-02-09T09:50:11.437732,50105.629,6.1e-06,Torr
2026-02-09T09:50:18.561876,50112.753,6.1e-06,Torr
2026-02-09T09:50:23.592494,50117.784,6e-06,Torr
2026-02-09T09:50:30.717327,50124.908,6.1e-06,Torr
2026-02-09T09:50:35.748663,50129.940,6.1e-06,Torr
2026-02-09T09:50:42.872753,50137.064,6.1e-06,Torr
2026-02-09T09:50:47.903136,50142.094,6e-06,Torr
2026-02-09T09:50:55.028181,50149.219,6.1e-06,Torr
2026-02-09T09:51:00.059316,50154.250,6.1e-06,Torr
2026-02-09T09:51:07.183594,50161.375,6.1e-06,Torr
2026-02-09T09:51:12.214016,50166.405,6.1e-06,Torr
2026-02-09T09:51:19.339074,50173.530,6.1e-06,Torr
2026-02-09T09:51:24.370203,50178.561,6.2e-06,Torr
2026-02-09T09:51:31.494445,50185.686,6.2e-06,Torr
2026-02-09T09:51:36.540447,50190.732,6.2e-06,Torr
2026-02-09T09:51:43.665514,50197.857,6.2e-06,Torr
2026-02-09T09:51:48.711556,50202.903,6.2e-06,Torr
2026-02-09T09:51:55.836591,50210.028,6.2499999999999995e-06,Torr
2026-02-09T09:52:00.882583,50215.074,6.3e-06,Torr
2026-02-09T09:52:08.007612,50222.199,6.2499999999999995e-06,Torr
2026-02-09T09:52:13.038057,50227.229,6.3e-06,Torr
2026-02-09T09:52:20.163010,50234.354,6.3e-06,Torr
2026-02-09T09:52:25.193635,50239.385,6.3e-06,Torr
2026-02-09T09:52:32.318523,50246.510,6.3e-06,Torr
2026-02-09T09:52:37.348886,50251.540,6.3e-06,Torr
2026-02-09T09:52:44.473876,50258.665,6.3e-06,Torr
2026-02-09T09:52:49.505105,50263.696,6.3e-06,Torr
2026-02-09T09:52:56.629357,50270.820,6.3e-06,Torr
2026-02-09T09:53:01.659774,50275.851,6.3e-06,Torr
2026-02-09T09:53:08.784792,50282.976,6.35e-06,Torr
2026-02-09T09:53:13.815278,50288.006,6.4e-06,Torr
2026-02-09T09:53:20.940232,50295.131,6.449999999999999e-06,Torr
2026-02-09T09:53:25.970729,50300.162,6.3e-06,Torr
2026-02-09T09:53:33.095646,50307.287,6.55e-06,Torr
2026-02-09T09:53:38.126045,50312.317,6.4e-06,Torr
2026-02-09T09:53:45.251020,50319.442,6.5000000000000004e-06,Torr
2026-02-09T09:53:50.281508,50324.473,6.6e-06,Torr
2026-02-09T09:53:57.406521,50331.598,6.6e-06,Torr
2026-02-09T09:54:02.436868,50336.628,6.6e-06,Torr
2026-02-09T09:54:09.561913,50343.753,6.6e-06,Torr
2026-02-09T09:54:14.592993,50348.784,6.6e-06,Torr
2026-02-09T09:54:21.717358,50355.908,6.6e-06,Torr
2026-02-09T09:54:26.747732,50360.939,6.6e-06,Torr
2026-02-09T09:54:33.872804,50368.064,6.6e-06,Torr
2026-02-09T09:54:38.903177,50373.094,6.6e-06,Torr
2026-02-09T09:54:46.028224,50380.219,6.7e-06,Torr
2026-02-09T09:54:51.058844,50385.250,6.7e-06,Torr
2026-02-09T09:54:58.183656,50392.375,6.7e-06,Torr
2026-02-09T09:55:03.214275,50397.405,6.6e-06,Torr
2026-02-09T09:55:10.339056,50404.530,6.8e-06,Torr
2026-02-09T09:55:15.369699,50409.561,6.8e-06,Torr
2026-02-09T09:55:22.480392,50416.672,6.7e-06,Torr
2026-02-09T09:55:27.510929,50421.702,6.7e-06,Torr
2026-02-09T09:55:34.635840,50428.827,6.8e-06,Torr
2026-02-09T09:55:39.697870,50433.889,6.8e-06,Torr
2026-02-09T09:55:44.728449,50438.920,6.8e-06,Torr
2026-02-09T09:55:51.853383,50446.045,6.8e-06,Torr
2026-02-09T09:55:56.884660,50451.076,6.8e-06,Torr
2026-02-09T09:56:04.008859,50458.200,6.8e-06,Torr
2026-02-09T09:56:09.039438,50463.231,6.8e-06,Torr
2026-02-09T09:56:16.164265,50470.355,6.8500000000000005e-06,Torr
2026-02-09T09:56:21.210290,50475.401,6.9e-06,Torr
2026-02-09T09:56:28.335376,50482.527,6.9e-06,Torr
2026-02-09T09:56:33.365715,50487.557,7e-06,Torr
2026-02-09T09:56:40.490747,50494.682,6.9499999999999995e-06,Torr
2026-02-09T09:56:45.521250,50499.712,7e-06,Torr
2026-02-09T09:56:52.646169,50506.837,7.05e-06,Torr
2026-02-09T09:56:57.676668,50511.868,7.1e-06,Torr
2026-02-09T09:57:04.801591,50518.993,7e-06,Torr
2026-02-09T09:57:09.832914,50524.024,7.1e-06,Torr
2026-02-09T09:57:16.957079,50531.148,7e-06,Torr
2026-02-09T09:57:21.988352,50536.179,7.1e-06,Torr
2026-02-09T09:57:29.112468,50543.304,7.1e-06,Torr
2026-02-09T09:57:34.142878,50548.334,7.1e-06,Torr
2026-02-09T09:57:41.267888,50555.459,7.1e-06,Torr
2026-02-09T09:57:46.298402,50560.490,7.1e-06,Torr
2026-02-09T09:57:53.423578,50567.615,7.1e-06,Torr
2026-02-09T09:57:58.469403,50572.661,7.1e-06,Torr
2026-02-09T09:58:05.594354,50579.785,7.2e-06,Torr
2026-02-09T09:58:10.624907,50584.816,7.2e-06,Torr
2026-02-09T09:58:17.749803,50591.941,7.25e-06,Torr
2026-02-09T09:58:22.780665,50596.972,7.1e-06,Torr
2026-02-09T09:58:29.905209,50604.096,7.3e-06,Torr
2026-02-09T09:58:34.935630,50609.127,7.3e-06,Torr
2026-02-09T09:58:42.060646,50616.252,7.25e-06,Torr
2026-02-09T09:58:47.091157,50621.282,7.3e-06,Torr
2026-02-09T09:58:54.216087,50628.407,7.25e-06,Torr
2026-02-09T09:58:59.246569,50633.438,7.3e-06,Torr
2026-02-09T09:59:06.371550,50640.563,7.3e-06,Torr
2026-02-09T09:59:11.401985,50645.593,7.3e-06,Torr
2026-02-09T09:59:18.526921,50652.718,7.3e-06,Torr
2026-02-09T09:59:23.557428,50657.749,7.4e-06,Torr
2026-02-09T09:59:30.682397,50664.874,7.350000000000001e-06,Torr
2026-02-09T09:59:35.712883,50669.904,7.3e-06,Torr
2026-02-09T09:59:42.837822,50677.029,7.4e-06,Torr
2026-02-09T09:59:47.868287,50682.059,7.4e-06,Torr
2026-02-09T09:59:54.993292,50689.184,7.5e-06,Torr
2026-02-09T10:00:00.024176,50694.215,7.5e-06,Torr
2026-02-09T10:00:07.148669,50701.340,7.6e-06,Torr
2026-02-09T10:00:12.194779,50706.386,7.6e-06,Torr
2026-02-09T10:00:19.319711,50713.511,7.5500000000000006e-06,Torr
2026-02-09T10:00:24.350528,50718.542,7.6e-06,Torr
2026-02-09T10:00:31.475148,50725.666,7.5500000000000006e-06,Torr
2026-02-09T10:00:36.506368,50730.698,7.6e-06,Torr
2026-02-09T10:00:43.630597,50737.822,7.6e-06,Torr
2026-02-09T10:00:48.661975,50742.853,7.6e-06,Torr
2026-02-09T10:00:55.786008,50749.977,7.65e-06,Torr
2026-02-09T10:01:00.816896,50755.008,7.6e-06,Torr
2026-02-09T10:01:07.941468,50762.133,7.65e-06,Torr
2026-02-09T10:01:12.987457,50767.179,7.7e-06,Torr
2026-02-09T10:01:20.112535,50774.304,7.8e-06,Torr
2026-02-09T10:01:25.158534,50779.350,7.9e-06,Torr
2026-02-09T10:01:32.283597,50786.475,7.8e-06,Torr
2026-02-09T10:01:37.329595,50791.521,7.8e-06,Torr
2026-02-09T10:01:44.454611,50798.646,7.75e-06,Torr
2026-02-09T10:01:49.485653,50803.677,7.8e-06,Torr
2026-02-09T10:01:56.610014,50810.801,7.850000000000001e-06,Torr
2026-02-09T10:02:01.640921,50815.832,7.9e-06,Torr
2026-02-09T10:02:08.765443,50822.957,7.9e-06,Torr
2026-02-09T10:02:13.795885,50827.987,7.9e-06,Torr
2026-02-09T10:02:20.920899,50835.112,7.9e-06,Torr
2026-02-09T10:02:25.967027,50840.158,7.9e-06,Torr
2026-02-09T10:02:33.092012,50847.283,7.850000000000001e-06,Torr
2026-02-09T10:02:38.137990,50852.329,7.9e-06,Torr
2026-02-09T10:02:45.263052,50859.454,8.1e-06,Torr
2026-02-09T10:02:50.293598,50864.485,8.1e-06,Torr
2026-02-09T10:02:57.418900,50871.610,8.15e-06,Torr
2026-02-09T10:03:02.464469,50876.656,8.1e-06,Torr
2026-02-09T10:03:09.589536,50883.781,8.05e-06,Torr
2026-02-09T10:03:14.619932,50888.811,8.1e-06,Torr
2026-02-09T10:03:21.744943,50895.936,8.2e-06,Torr
2026-02-09T10:03:26.791177,50900.982,8.2e-06,Torr
2026-02-09T10:03:33.916088,50908.107,8.2e-06,Torr
2026-02-09T10:03:38.962013,50913.153,8.2e-06,Torr
2026-02-09T10:03:46.087015,50920.278,8.15e-06,Torr
2026-02-09T10:03:51.117513,50925.309,8.2e-06,Torr
2026-02-09T10:03:58.242536,50932.434,8.25e-06,Torr
2026-02-09T10:04:03.273633,50937.465,8.3e-06,Torr
2026-02-09T10:04:10.397903,50944.589,8.35e-06,Torr
2026-02-09T10:04:15.428343,50949.619,8.2e-06,Torr
2026-02-09T10:04:22.553336,50956.744,8.400000000000001e-06,Torr
2026-02-09T10:04:27.584700,50961.776,8.4e-06,Torr
2026-02-09T10:04:34.708781,50968.900,8.400000000000001e-06,Torr
2026-02-09T10:04:39.754777,50973.946,8.4e-06,Torr
2026-02-09T10:04:46.879907,50981.071,8.5e-06,Torr
2026-02-09T10:04:51.925868,50986.117,8.5e-06,Torr
2026-02-09T10:04:59.050934,50993.242,8.5e-06,Torr
2026-02-09T10:05:04.082225,50998.273,8.6e-06,Torr
2026-02-09T10:05:11.206316,51005.397,8.550000000000001e-06,Torr
2026-02-09T10:05:16.237597,51010.429,8.6e-06,Torr
2026-02-09T10:05:23.361723,51017.553,8.599999999999999e-06,Torr
2026-02-09T10:05:28.407743,51022.599,8.8e-06,Torr
2026-02-09T10:05:35.532847,51029.724,8.8e-06,Torr
2026-02-09T10:05:40.578802,51034.770,8.7e-06,Torr
2026-02-09T10:05:47.703814,51041.895,8.75e-06,Torr
2026-02-09T10:05:52.735226,51046.926,8.8e-06,Torr
2026-02-09T10:05:59.859317,51054.050,8.8e-06,Torr
2026-02-09T10:06:04.905286,51059.096,8.8e-06,Torr
2026-02-09T10:06:12.030338,51066.221,8.85e-06,Torr
2026-02-09T10:06:17.060704,51071.252,8.8e-06,Torr
2026-02-09T10:06:24.185807,51078.377,8.9e-06,Torr
2026-02-09T10:06:29.231776,51083.423,8.8e-06,Torr
2026-02-09T10:06:36.356803,51090.548,8.999999999999999e-06,Torr
2026-02-09T10:06:41.402827,51095.594,9.1e-06,Torr
2026-02-09T10:06:48.527916,51102.719,8.95e-06,Torr
2026-02-09T10:06:53.558952,51107.750,9.1e-06,Torr
2026-02-09T10:07:00.683316,51114.874,8.999999999999999e-06,Torr
2026-02-09T10:07:05.713696,51119.905,9.2e-06,Torr
2026-02-09T10:07:12.838742,51127.030,9.149999999999999e-06,Torr
2026-02-09T10:07:17.869766,51132.061,9.1e-06,Torr
2026-02-09T10:07:24.994216,51139.185,9.149999999999999e-06,Torr
2026-02-09T10:07:30.025481,51144.217,9.1e-06,Torr
2026-02-09T10:07:37.149549,51151.341,9.149999999999999e-06,Torr
2026-02-09T10:07:42.180568,51156.372,9.3e-06,Torr
2026-02-09T10:07:49.305050,51163.496,9.3e-06,Torr
2026-02-09T10:07:54.336091,51168.527,9.2e-06,Torr
2026-02-09T10:08:01.460473,51175.652,9.400000000000001e-06,Torr
2026-02-09T10:08:06.491850,51180.683,9.4e-06,Torr
2026-02-09T10:08:13.615920,51187.807,9.5e-06,Torr
2026-02-09T10:08:18.661880,51192.853,9.4e-06,Torr
2026-02-09T10:08:25.786901,51199.978,9.45e-06,Torr
2026-02-09T10:08:30.818528,51205.010,9.4e-06,Torr
2026-02-09T10:08:37.942326,51212.133,9.45e-06,Torr
2026-02-09T10:08:42.973390,51217.165,9.5e-06,Torr
2026-02-09T10:08:50.097788,51224.289,9.45e-06,Torr
2026-02-09T10:08:55.129088,51229.320,9.7e-06,Torr
2026-02-09T10:09:02.253225,51236.444,9.75e-06,Torr
2026-02-09T10:09:07.284342,51241.475,9.5e-06,Torr
2026-02-09T10:09:14.408632,51248.600,9.75e-06,Torr
2026-02-09T10:09:19.454795,51253.646,9.8e-06,Torr
2026-02-09T10:09:26.579671,51260.771,9.75e-06,Torr
2026-02-09T10:09:31.625825,51265.817,9.8e-06,Torr
2026-02-09T10:09:38.750765,51272.942,9.8e-06,Torr
2026-02-09T10:09:43.796770,51277.988,9.8e-06,Torr
2026-02-09T10:09:50.921839,51285.113,9.849999999999999e-06,Torr
2026-02-09T10:09:55.967823,51290.159,9.8e-06,Torr
2026-02-09T10:10:03.092889,51297.284,9.950000000000001e-06,Torr
2026-02-09T10:10:08.138880,51302.330,1e-05,Torr
2026-02-09T10:10:15.263922,51309.455,9.950000000000001e-06,Torr
2026-02-09T10:10:20.294857,51314.486,1e-05,Torr
2026-02-09T10:10:27.419369,51321.611,1e-05,Torr
2026-02-09T10:10:32.465365,51326.657,1e-05,Torr
2026-02-09T10:10:39.590410,51333.782,1e-05,Torr
2026-02-09T10:10:44.636429,51338.828,1e-05,Torr
2026-02-09T10:10:51.761427,51345.953,1e-05,Torr
2026-02-09T10:10:56.807548,51350.999,1e-05,Torr
2026-02-09T10:11:03.932477,51358.124,1e-05,Torr
2026-02-09T10:11:08.978526,51363.170,1e-05,Torr
2026-02-09T10:11:16.103624,51370.295,1e-05,Torr
2026-02-09T10:11:21.149598,51375.341,1e-05,Torr
2026-02-09T10:11:28.274593,51382.466,1.0500000000000001e-05,Torr
2026-02-09T10:11:33.320615,51387.512,1.1e-05,Torr
2026-02-09T10:11:40.445715,51394.637,1.1e-05,Torr
2026-02-09T10:11:45.491783,51399.683,1.1e-05,Torr
2026-02-09T10:11:52.616685,51406.808,1.1e-05,Torr
2026-02-09T10:11:57.662874,51411.854,1.1e-05,Torr
2026-02-09T10:12:04.787783,51418.979,1.1e-05,Torr
2026-02-09T10:12:09.833916,51424.025,1.1e-05,Torr
2026-02-09T10:12:16.958859,51431.150,1.1e-05,Torr
2026-02-09T10:12:21.990272,51436.181,1.1e-05,Torr
2026-02-09T10:12:29.114259,51443.305,1.1e-05,Torr
2026-02-09T10:12:34.160282,51448.351,1.1e-05,Torr
2026-02-09T10:12:41.285329,51455.476,1.1e-05,Torr
2026-02-09T10:12:46.316202,51460.507,1.1e-05,Torr
2026-02-09T10:12:53.440813,51467.632,1.1e-05,Torr
2026-02-09T10:12:58.486775,51472.678,1.1e-05,Torr
2026-02-09T10:13:05.611809,51479.803,1.1e-05,Torr
2026-02-09T10:13:10.657891,51484.849,1.1e-05,Torr
2026-02-09T10:13:17.782892,51491.974,1.1e-05,Torr
2026-02-09T10:13:22.828865,51497.020,1.1e-05,Torr
2026-02-09T10:13:29.953863,51504.145,1.1e-05,Torr
2026-02-09T10:13:34.999973,51509.191,1.1e-05,Torr
2026-02-09T10:13:42.125008,51516.316,1.1e-05,Torr
2026-02-09T10:13:47.171023,51521.362,1.1e-05,Torr
2026-02-09T10:13:54.296074,51528.487,1.1e-05,Torr
2026-02-09T10:13:59.342045,51533.533,1.1e-05,Torr
2026-02-09T10:14:06.467093,51540.658,1.1e-05,Torr
2026-02-09T10:14:11.498152,51545.689,1.1e-05,Torr
2026-02-09T10:14:18.622524,51552.814,1.1e-05,Torr
2026-02-09T10:14:23.653000,51557.844,1.2e-05,Torr
2026-02-09T10:14:30.777919,51564.969,1.15e-05,Torr
2026-02-09T10:14:35.824230,51570.015,1.2e-05,Torr
2026-02-09T10:14:42.948941,51577.140,1.2e-05,Torr
2026-02-09T10:14:47.979966,51582.171,1.2e-05,Torr
2026-02-09T10:14:55.104420,51589.296,1.2e-05,Torr
2026-02-09T10:15:00.150483,51594.342,1.2e-05,Torr
2026-02-09T10:15:07.275464,51601.467,1.2e-05,Torr
2026-02-09T10:15:12.321574,51606.513,1.2e-05,Torr
2026-02-09T10:15:19.446485,51613.638,1.2e-05,Torr
2026-02-09T10:15:24.492577,51618.684,1.2e-05,Torr
2026-02-09T10:15:31.617585,51625.809,1.2e-05,Torr
2026-02-09T10:15:36.663601,51630.855,1.2e-05,Torr
2026-02-09T10:15:43.788626,51637.980,1.2e-05,Torr
2026-02-09T10:15:48.819350,51643.010,1.2e-05,Torr
2026-02-09T10:15:55.944062,51650.135,1.2e-05,Torr
2026-02-09T10:16:00.975351,51655.166,1.2e-05,Torr
2026-02-09T10:16:08.099452,51662.291,1.2e-05,Torr
2026-02-09T10:16:13.145517,51667.337,1.2e-05,Torr
2026-02-09T10:16:20.270504,51674.462,1.2499999999999999e-05,Torr
2026-02-09T10:16:25.301441,51679.493,1.2e-05,Torr
2026-02-09T10:16:32.425965,51686.617,1.3e-05,Torr
2026-02-09T10:16:37.472025,51691.663,1.3e-05,Torr
2026-02-09T10:16:44.596975,51698.788,1.3e-05,Torr
2026-02-09T10:16:49.643047,51703.834,1.3e-05,Torr
2026-02-09T10:16:56.783786,51710.975,1.3e-05,Torr
2026-02-09T10:17:01.829780,51716.021,1.3e-05,Torr
2026-02-09T10:17:08.954782,51723.146,1.3e-05,Torr
2026-02-09T10:17:14.000822,51728.192,1.3e-05,Torr
2026-02-09T10:17:21.125837,51735.317,1.3e-05,Torr
2026-02-09T10:17:26.171858,51740.363,1.3e-05,Torr
2026-02-09T10:17:33.296861,51747.488,1.3e-05,Torr
2026-02-09T10:17:38.342891,51752.534,1.3e-05,Torr
2026-02-09T10:17:45.467962,51759.659,1.3e-05,Torr
2026-02-09T10:17:50.513949,51764.705,1.3e-05,Torr
2026-02-09T10:17:57.639024,51771.830,1.3e-05,Torr
2026-02-09T10:18:02.684990,51776.876,1.4e-05,Torr
2026-02-09T10:18:09.810046,51784.001,1.4e-05,Torr
2026-02-09T10:18:14.841329,51789.032,1.4e-05,Torr
2026-02-09T10:18:21.965494,51796.157,1.4e-05,Torr
2026-02-09T10:18:26.996337,51801.187,1.4e-05,Torr
2026-02-09T10:18:34.120839,51808.312,1.4e-05,Torr
2026-02-09T10:18:39.166952,51813.358,1.4e-05,Torr
2026-02-09T10:18:46.291953,51820.483,1.4e-05,Torr
2026-02-09T10:18:51.322896,51825.514,1.4e-05,Torr
2026-02-09T10:18:58.447395,51832.639,1.4e-05,Torr
2026-02-09T10:19:03.493390,51837.685,1.4e-05,Torr
2026-02-09T10:19:10.618437,51844.810,1.4e-05,Torr
2026-02-09T10:19:15.648944,51849.840,1.4e-05,Torr
2026-02-09T10:19:22.773819,51856.965,1.4e-05,Torr
2026-02-09T10:19:27.819907,51862.011,1.4e-05,Torr
2026-02-09T10:19:34.944893,51869.136,1.4e-05,Torr
2026-02-09T10:19:39.975496,51874.167,1.4e-05,Torr
2026-02-09T10:19:47.100379,51881.292,1.4e-05,Torr
2026-02-09T10:19:52.146607,51886.338,1.4e-05,Torr
2026-02-09T10:19:59.271387,51893.463,1.45e-05,Torr
2026-02-09T10:20:04.317446,51898.509,1.5e-05,Torr
2026-02-09T10:20:11.442450,51905.634,1.5e-05,Torr
2026-02-09T10:20:16.473751,51910.665,1.5e-05,Torr
2026-02-09T10:20:23.597914,51917.789,1.5e-05,Torr
2026-02-09T10:20:28.643898,51922.835,1.5e-05,Torr
2026-02-09T10:20:35.768964,51929.960,1.5e-05,Torr
2026-02-09T10:20:40.814951,51935.006,1.5e-05,Torr
2026-02-09T10:20:47.939963,51942.131,1.5e-05,Torr
2026-02-09T10:20:52.971171,51947.162,1.5e-05,Torr
2026-02-09T10:21:00.095437,51954.287,1.5e-05,Torr
2026-02-09T10:21:05.126780,51959.318,1.5e-05,Torr
2026-02-09T10:21:12.250878,51966.442,1.5e-05,Torr
2026-02-09T10:21:17.281235,51971.472,1.5e-05,Torr
2026-02-09T10:21:24.406289,51978.597,1.5e-05,Torr
2026-02-09T10:21:29.452301,51983.643,1.6e-05,Torr
2026-02-09T10:21:36.577376,51990.769,1.6e-05,Torr
2026-02-09T10:21:41.623368,51995.815,1.6e-05,Torr
2026-02-09T10:21:48.748435,52002.940,1.6e-05,Torr
2026-02-09T10:21:53.794521,52007.986,1.6e-05,Torr
2026-02-09T10:22:00.919441,52015.111,1.6e-05,Torr
2026-02-09T10:22:05.965462,52020.157,1.6e-05,Torr
2026-02-09T10:22:13.090497,52027.282,1.6e-05,Torr
2026-02-09T10:22:18.136513,52032.328,1.6e-05,Torr
2026-02-09T10:22:25.261542,52039.453,1.6e-05,Torr
2026-02-09T10:22:30.307573,52044.499,1.6e-05,Torr
2026-02-09T10:22:37.432616,52051.624,1.6e-05,Torr
2026-02-09T10:22:42.478620,52056.670,1.6e-05,Torr
2026-02-09T10:22:49.603690,52063.795,1.65e-05,Torr
2026-02-09T10:22:54.649676,52068.841,1.6e-05,Torr
2026-02-09T10:23:01.774655,52075.966,1.65e-05,Torr
2026-02-09T10:23:06.820804,52081.012,1.7e-05,Torr
2026-02-09T10:23:13.945774,52088.137,1.7e-05,Torr
2026-02-09T10:23:18.991827,52093.183,1.7e-05,Torr
2026-02-09T10:23:26.116853,52100.308,1.7e-05,Torr
2026-02-09T10:23:31.162837,52105.354,1.7e-05,Torr
2026-02-09T10:23:38.287865,52112.479,1.7e-05,Torr
2026-02-09T10:23:43.333903,52117.525,1.7e-05,Torr
2026-02-09T10:23:50.458979,52124.650,1.7e-05,Torr
2026-02-09T10:23:55.504952,52129.696,1.8e-05,Torr
2026-02-09T10:24:02.630030,52136.821,1.7e-05,Torr
2026-02-09T10:24:07.676034,52141.867,1.8e-05,Torr
2026-02-09T10:24:14.801003,52148.992,1.75e-05,Torr
2026-02-09T10:24:19.847087,52154.038,1.8e-05,Torr
2026-02-09T10:24:26.972141,52161.163,1.8e-05,Torr
2026-02-09T10:24:32.018147,52166.209,1.8e-05,Torr
2026-02-09T10:24:39.143180,52173.334,1.8e-05,Torr
2026-02-09T10:24:44.189225,52178.380,1.8e-05,Torr
2026-02-09T10:24:51.314198,52185.505,1.8e-05,Torr
2026-02-09T10:24:56.345580,52190.537,1.8e-05,Torr
2026-02-09T10:25:03.486158,52197.677,1.8e-05,Torr
2026-02-09T10:25:08.531389,52202.723,1.8e-05,Torr
2026-02-09T10:25:15.656313,52209.847,1.8e-05,Torr
2026-02-09T10:25:20.702336,52214.893,1.8e-05,Torr
2026-02-09T10:25:27.827422,52222.019,1.8500000000000002e-05,Torr
2026-02-09T10:25:32.858765,52227.050,1.9e-05,Torr
2026-02-09T10:25:39.982787,52234.174,1.8500000000000002e-05,Torr
2026-02-09T10:25:45.028814,52239.220,1.9e-05,Torr
2026-02-09T10:25:52.153866,52246.345,1.9e-05,Torr
2026-02-09T10:25:57.185281,52251.376,1.9e-05,Torr
2026-02-09T10:26:04.309285,52258.500,1.9e-05,Torr
2026-02-09T10:26:09.355293,52263.546,1.9e-05,Torr
2026-02-09T10:26:16.480357,52270.671,1.9e-05,Torr
2026-02-09T10:26:21.526352,52275.717,2e-05,Torr
2026-02-09T10:26:28.651420,52282.843,2e-05,Torr
2026-02-09T10:26:33.697399,52287.889,2e-05,Torr
2026-02-09T10:26:40.822467,52295.014,2e-05,Torr
2026-02-09T10:26:45.853766,52300.045,2e-05,Torr
2026-02-09T10:26:52.977852,52307.169,2e-05,Torr
2026-02-09T10:26:58.023920,52312.215,2e-05,Torr
2026-02-09T10:27:05.148942,52319.340,2e-05,Torr
2026-02-09T10:27:10.194934,52324.386,2e-05,Torr
2026-02-09T10:27:17.319943,52331.511,2e-05,Torr
2026-02-09T10:27:22.366026,52336.557,2e-05,Torr
2026-02-09T10:27:29.491089,52343.682,2.05e-05,Torr
2026-02-09T10:27:34.537047,52348.728,2e-05,Torr
2026-02-09T10:27:41.662075,52355.853,2e-05,Torr
2026-02-09T10:27:46.708101,52360.899,2.1e-05,Torr
2026-02-09T10:27:53.833057,52368.024,2.05e-05,Torr
2026-02-09T10:27:58.879159,52373.070,2.1e-05,Torr
2026-02-09T10:28:06.004187,52380.195,2.1e-05,Torr
2026-02-09T10:28:11.035084,52385.226,2.1e-05,Torr
2026-02-09T10:28:18.159586,52392.351,2.1e-05,Torr
2026-02-09T10:28:23.190874,52397.382,2.1e-05,Torr
2026-02-09T10:28:30.314986,52404.506,2.1e-05,Torr
2026-02-09T10:28:35.346323,52409.537,2.1e-05,Torr
2026-02-09T10:28:42.470474,52416.662,2.1e-05,Torr
2026-02-09T10:28:47.516552,52421.708,2.2e-05,Torr
2026-02-09T10:28:54.641503,52428.833,2.2e-05,Torr
2026-02-09T10:28:59.687579,52433.879,2.2e-05,Torr
2026-02-09T10:29:06.812614,52441.004,2.2e-05,Torr
2026-02-09T10:29:11.858682,52446.050,2.2e-05,Torr
2026-02-09T10:29:18.983610,52453.175,2.2499999999999998e-05,Torr
2026-02-09T10:29:24.029665,52458.221,2.3e-05,Torr
2026-02-09T10:29:31.154701,52465.346,2.2499999999999998e-05,Torr
2026-02-09T10:29:36.200700,52470.392,2.2e-05,Torr
2026-02-09T10:29:43.325785,52477.517,2.3e-05,Torr
2026-02-09T10:29:48.371773,52482.563,2.3e-05,Torr
2026-02-09T10:29:55.496803,52489.688,2.3e-05,Torr
2026-02-09T10:30:00.543038,52494.734,2.3e-05,Torr
2026-02-09T10:30:07.667933,52501.859,2.3e-05,Torr
2026-02-09T10:30:12.713980,52506.905,2.3e-05,Torr
2026-02-09T10:30:19.838923,52514.030,2.3500000000000002e-05,Torr
2026-02-09T10:30:24.884930,52519.076,2.4e-05,Torr
2026-02-09T10:30:32.009970,52526.201,2.3500000000000002e-05,Torr
2026-02-09T10:30:37.056004,52531.247,2.4e-05,Torr
2026-02-09T10:30:44.181103,52538.372,2.4e-05,Torr
2026-02-09T10:30:49.227284,52543.418,2.4e-05,Torr
2026-02-09T10:30:56.352064,52550.543,2.4e-05,Torr
2026-02-09T10:31:01.398219,52555.589,2.4e-05,Torr
2026-02-09T10:31:08.523164,52562.714,2.45e-05,Torr
2026-02-09T10:31:13.569140,52567.760,2.5e-05,Torr
2026-02-09T10:31:20.694236,52574.885,2.45e-05,Torr
2026-02-09T10:31:25.740225,52579.931,2.5e-05,Torr
2026-02-09T10:31:32.865209,52587.056,2.5e-05,Torr
2026-02-09T10:31:37.911249,52592.102,2.5e-05,Torr
2026-02-09T10:31:45.036264,52599.227,2.5e-05,Torr
2026-02-09T10:31:50.082292,52604.273,2.5e-05,Torr
2026-02-09T10:31:57.207389,52611.399,2.55e-05,Torr
2026-02-09T10:32:02.253366,52616.445,2.5e-05,Torr
2026-02-09T10:32:09.378439,52623.570,2.6e-05,Torr
2026-02-09T10:32:14.424529,52628.616,2.6e-05,Torr
2026-02-09T10:32:21.549532,52635.741,2.55e-05,Torr
2026-02-09T10:32:26.595504,52640.787,2.6e-05,Torr
2026-02-09T10:32:33.720535,52647.912,2.6e-05,Torr
2026-02-09T10:32:38.766527,52652.958,2.6e-05,Torr
2026-02-09T10:32:45.891626,52660.083,2.65e-05,Torr
2026-02-09T10:32:50.937577,52665.129,2.6e-05,Torr
2026-02-09T10:32:58.062659,52672.254,2.7e-05,Torr
2026-02-09T10:33:03.108707,52677.300,2.7e-05,Torr
2026-02-09T10:33:10.233615,52684.425,2.7e-05,Torr
2026-02-09T10:33:15.279687,52689.471,2.7e-05,Torr
2026-02-09T10:33:22.404705,52696.596,2.8e-05,Torr
2026-02-09T10:33:27.450739,52701.642,2.8e-05,Torr
2026-02-09T10:33:34.575825,52708.767,2.7499999999999998e-05,Torr
2026-02-09T10:33:39.621988,52713.813,2.8e-05,Torr
2026-02-09T10:33:46.746850,52720.938,2.8e-05,Torr
2026-02-09T10:33:51.792830,52725.984,2.8e-05,Torr
2026-02-09T10:33:58.917886,52733.109,2.8e-05,Torr
2026-02-09T10:34:03.963905,52738.155,2.8e-05,Torr
2026-02-09T10:34:11.088986,52745.280,2.85e-05,Torr
2026-02-09T10:34:16.135009,52750.326,2.9e-05,Torr
2026-02-09T10:34:23.260046,52757.451,2.9e-05,Torr
2026-02-09T10:34:28.306040,52762.497,3e-05,Torr
2026-02-09T10:34:35.431037,52769.622,2.9e-05,Torr
2026-02-09T10:34:40.477071,52774.668,2.9e-05,Torr
2026-02-09T10:34:47.602065,52781.793,2.95e-05,Torr
2026-02-09T10:34:52.648263,52786.839,3e-05,Torr
2026-02-09T10:34:59.773182,52793.964,3e-05,Torr
2026-02-09T10:35:04.819255,52799.010,3e-05,Torr
2026-02-09T10:35:11.944251,52806.135,3.0500000000000003e-05,Torr
2026-02-09T10:35:16.990226,52811.181,3.1e-05,Torr
2026-02-09T10:35:24.115284,52818.306,3.0500000000000003e-05,Torr
2026-02-09T10:35:29.146589,52823.338,3.1e-05,Torr
2026-02-09T10:35:36.270737,52830.462,3.1e-05,Torr
2026-02-09T10:35:41.316917,52835.508,3.2e-05,Torr
2026-02-09T10:35:48.441735,52842.633,3.15e-05,Torr
2026-02-09T10:35:53.487766,52847.679,3.2e-05,Torr
2026-02-09T10:36:00.612828,52854.804,3.2e-05,Torr
2026-02-09T10:36:05.658805,52859.850,3.2e-05,Torr
2026-02-09T10:36:12.783853,52866.975,3.2e-05,Torr
2026-02-09T10:36:17.829872,52872.021,3.3e-05,Torr
2026-02-09T10:36:24.954935,52879.146,3.2500000000000004e-05,Torr
2026-02-09T10:36:30.000936,52884.192,3.3e-05,Torr
2026-02-09T10:36:37.125997,52891.317,3.3e-05,Torr
2026-02-09T10:36:42.171977,52896.363,3.3e-05,Torr
2026-02-09T10:36:49.297035,52903.488,3.3e-05,Torr
2026-02-09T10:36:54.343047,52908.534,3.3e-05,Torr
2026-02-09T10:37:01.468136,52915.659,3.4e-05,Torr
2026-02-09T10:37:06.514104,52920.705,3.4e-05,Torr
2026-02-09T10:37:13.639156,52927.830,3.4e-05,Torr
2026-02-09T10:37:18.685389,52932.877,3.4e-05,Torr
2026-02-09T10:37:25.810160,52940.001,3.4e-05,Torr
2026-02-09T10:37:30.856246,52945.047,3.4e-05,Torr
2026-02-09T10:37:37.981276,52952.172,3.45e-05,Torr
2026-02-09T10:37:43.027283,52957.218,3.5e-05,Torr
2026-02-09T10:37:50.152317,52964.343,3.5499999999999996e-05,Torr
2026-02-09T10:37:55.198316,52969.389,3.5e-05,Torr
2026-02-09T10:38:02.323322,52976.514,3.5499999999999996e-05,Torr
2026-02-09T10:38:07.369357,52981.560,3.6e-05,Torr
2026-02-09T10:38:14.494428,52988.686,3.6e-05,Torr
2026-02-09T10:38:19.540499,52993.732,3.6e-05,Torr
2026-02-09T10:38:26.665484,53000.857,3.7e-05,Torr
2026-02-09T10:38:31.711458,53005.903,3.7e-05,Torr
2026-02-09T10:38:38.836522,53013.028,3.7e-05,Torr
2026-02-09T10:38:43.882598,53018.074,3.7e-05,Torr
2026-02-09T10:38:51.007567,53025.199,3.8e-05,Torr
2026-02-09T10:38:56.053857,53030.245,3.8e-05,Torr
2026-02-09T10:39:03.178565,53037.370,3.8e-05,Torr
2026-02-09T10:39:08.224744,53042.416,3.8e-05,Torr
2026-02-09T10:39:15.349708,53049.541,3.9e-05,Torr
2026-02-09T10:39:20.395679,53054.587,3.9e-05,Torr
2026-02-09T10:39:27.520701,53061.712,3.9e-05,Torr
2026-02-09T10:39:32.566734,53066.758,3.9e-05,Torr
2026-02-09T10:39:39.691783,53073.883,4e-05,Torr
2026-02-09T10:39:44.737784,53078.929,4e-05,Torr
2026-02-09T10:39:51.862874,53086.054,4.05e-05,Torr
2026-02-09T10:39:56.908833,53091.100,4.1e-05,Torr
2026-02-09T10:40:04.033875,53098.225,4.1e-05,Torr
2026-02-09T10:40:09.080173,53103.271,4.2e-05,Torr
2026-02-09T10:40:16.204899,53110.396,4.2e-05,Torr
2026-02-09T10:40:21.250951,53115.442,4.2e-05,Torr
2026-02-09T10:40:28.376016,53122.567,4.25e-05,Torr
2026-02-09T10:40:33.422004,53127.613,4.3e-05,Torr
2026-02-09T10:40:40.547071,53134.738,4.3e-05,Torr
2026-02-09T10:40:45.593063,53139.784,4.3e-05,Torr
2026-02-09T10:40:52.718081,53146.909,4.3e-05,Torr
2026-02-09T10:40:57.764287,53151.955,4.3e-05,Torr
2026-02-09T10:41:04.889256,53159.080,4.3e-05,Torr
2026-02-09T10:41:09.935302,53164.126,4.3e-05,Torr
2026-02-09T10:41:17.060231,53171.251,4.4e-05,Torr
2026-02-09T10:41:22.106210,53176.297,4.3e-05,Torr
2026-02-09T10:41:29.231248,53183.422,4.4e-05,Torr
2026-02-09T10:41:34.277272,53188.468,4.5e-05,Torr
2026-02-09T10:41:41.402320,53195.593,4.4e-05,Torr
2026-02-09T10:41:46.448414,53200.640,4.5e-05,Torr
2026-02-09T10:41:53.573382,53207.765,4.5e-05,Torr
2026-02-09T10:41:58.619389,53212.811,4.6e-05,Torr
2026-02-09T10:42:05.744457,53219.936,4.55e-05,Torr
2026-02-09T10:42:10.790433,53224.982,4.6e-05,Torr
2026-02-09T10:42:17.915471,53232.107,4.65e-05,Torr
2026-02-09T10:42:22.961491,53237.153,4.6e-05,Torr
2026-02-09T10:42:30.086498,53244.278,4.7e-05,Torr
2026-02-09T10:42:35.132538,53249.324,4.7e-05,Torr
2026-02-09T10:42:42.257583,53256.449,4.8e-05,Torr
2026-02-09T10:42:47.303604,53261.495,4.8e-05,Torr
2026-02-09T10:42:54.428666,53268.620,4.85e-05,Torr
2026-02-09T10:42:59.474656,53273.666,5e-05,Torr
2026-02-09T10:43:06.599674,53280.791,4.9e-05,Torr
2026-02-09T10:43:11.645704,53285.837,5e-05,Torr
2026-02-09T10:43:18.770723,53292.962,5e-05,Torr
2026-02-09T10:43:23.816771,53298.008,5e-05,Torr
2026-02-09T10:43:30.941772,53305.133,5.1e-05,Torr
2026-02-09T10:43:35.987836,53310.179,5.1e-05,Torr
2026-02-09T10:43:43.112901,53317.304,5.1e-05,Torr
2026-02-09T10:43:48.158873,53322.350,5.1e-05,Torr
2026-02-09T10:43:55.283905,53329.475,5.1e-05,Torr
2026-02-09T10:44:00.329943,53334.521,5.1e-05,Torr
2026-02-09T10:44:07.455124,53341.646,5.25e-05,Torr
2026-02-09T10:44:12.500982,53346.692,5.3e-05,Torr
2026-02-09T10:44:19.626048,53353.817,5.3e-05,Torr
2026-02-09T10:44:24.672012,53358.863,5.3e-05,Torr
2026-02-09T10:44:31.797060,53365.988,5.35e-05,Torr
2026-02-09T10:44:36.843091,53371.034,5.3e-05,Torr
2026-02-09T10:44:43.968163,53378.159,5.35e-05,Torr
2026-02-09T10:44:49.014427,53383.206,5.5e-05,Torr
2026-02-09T10:44:56.139225,53390.330,5.5e-05,Torr
2026-02-09T10:45:01.185192,53395.376,5.5e-05,Torr
2026-02-09T10:45:08.310247,53402.501,5.6000000000000006e-05,Torr
2026-02-09T10:45:13.356246,53407.547,6.3e-05,Torr
2026-02-09T10:45:20.481281,53414.672,6.4e-05,Torr
2026-02-09T10:45:25.527457,53419.719,6.5e-05,Torr
2026-02-09T10:45:32.652311,53426.843,6.65e-05,Torr
2026-02-09T10:45:37.698348,53431.889,6.7e-05,Torr
2026-02-09T10:45:44.823351,53439.014,6.85e-05,Torr
2026-02-09T10:45:49.869385,53444.061,6.9e-05,Torr
2026-02-09T10:45:56.994467,53451.186,6.9e-05,Torr
2026-02-09T10:46:02.040463,53456.232,7e-05,Torr
2026-02-09T10:46:09.165535,53463.357,7.1e-05,Torr
2026-02-09T10:46:14.211520,53468.403,7.2e-05,Torr
2026-02-09T10:46:21.336598,53475.528,7.25e-05,Torr
2026-02-09T10:46:26.382636,53480.574,7.4e-05,Torr
2026-02-09T10:46:33.507646,53487.699,7.45e-05,Torr
2026-02-09T10:46:38.553630,53492.745,7.5e-05,Torr
2026-02-09T10:46:45.678762,53499.870,7.45e-05,Torr
2026-02-09T10:46:50.724826,53504.916,7.6e-05,Torr
2026-02-09T10:46:57.849783,53512.041,7.75e-05,Torr
2026-02-09T10:47:02.895739,53517.087,7.8e-05,Torr
2026-02-09T10:47:10.020785,53524.212,7.75e-05,Torr
2026-02-09T10:47:15.066822,53529.258,7.8e-05,Torr
2026-02-09T10:47:22.191812,53536.383,8e-05,Torr
2026-02-09T10:47:27.238007,53541.429,8e-05,Torr
2026-02-09T10:47:34.362870,53548.554,7.950000000000001e-05,Torr
2026-02-09T10:47:39.408893,53553.600,8e-05,Torr
2026-02-09T10:47:46.533922,53560.725,8.2e-05,Torr
2026-02-09T10:47:51.579946,53565.771,8.2e-05,Torr
2026-02-09T10:47:58.704999,53572.896,8.3e-05,Torr
2026-02-09T10:48:03.751004,53577.942,8.3e-05,Torr
2026-02-09T10:48:10.876090,53585.067,8.45e-05,Torr
2026-02-09T10:48:15.922141,53590.113,8.5e-05,Torr
2026-02-09T10:48:23.047130,53597.238,8.65e-05,Torr
2026-02-09T10:48:28.093170,53602.284,8.9e-05,Torr
2026-02-09T10:48:35.218118,53609.409,8.950000000000001e-05,Torr
2026-02-09T10:48:40.264207,53614.455,8.9e-05,Torr
2026-02-09T10:48:47.389208,53621.580,8.950000000000001e-05,Torr
2026-02-09T10:48:52.435280,53626.626,9.1e-05,Torr
2026-02-09T10:48:59.560272,53633.751,9.15e-05,Torr
2026-02-09T10:49:04.606452,53638.798,9.2e-05,Torr
2026-02-09T10:49:11.731311,53645.922,9.25e-05,Torr
2026-02-09T10:49:16.777514,53650.969,9.2e-05,Torr
2026-02-09T10:49:23.902335,53658.093,9.35e-05,Torr
2026-02-09T10:49:28.948421,53663.140,9.5e-05,Torr
2026-02-09T10:49:36.073432,53670.265,9.6e-05,Torr
2026-02-09T10:49:41.119469,53675.311,9.7e-05,Torr
2026-02-09T10:49:48.244493,53682.436,9.85e-05,Torr
2026-02-09T10:49:53.290520,53687.482,9.9e-05,Torr
2026-02-09T10:50:00.415519,53694.607,9.85e-05,Torr
2026-02-09T10:50:05.461542,53699.653,0.0001,Torr
2026-02-09T10:50:12.586651,53706.778,0.0001,Torr
2026-02-09T10:50:17.632592,53711.824,0.0001,Torr
2026-02-09T10:50:24.757666,53718.949,0.0001,Torr
2026-02-09T10:50:29.803645,53723.995,0.0001,Torr
2026-02-09T10:50:36.928705,53731.120,0.000105,Torr
2026-02-09T10:50:41.974745,53736.166,0.00011,Torr
2026-02-09T10:50:49.099738,53743.291,0.00011,Torr
2026-02-09T10:50:54.145842,53748.337,0.00011,Torr
2026-02-09T10:51:01.270838,53755.462,0.00011,Torr
2026-02-09T10:51:06.316812,53760.508,0.00011,Torr
2026-02-09T10:51:13.441882,53767.633,0.00011,Torr
2026-02-09T10:51:18.487867,53772.679,0.00011,Torr
2026-02-09T10:51:25.612896,53779.804,0.00011,Torr
2026-02-09T10:51:30.658991,53784.850,0.00011,Torr
2026-02-09T10:51:37.783955,53791.975,0.00011,Torr
2026-02-09T10:51:42.829975,53797.021,0.00011,Torr
2026-02-09T10:51:49.955033,53804.146,0.00012,Torr
2026-02-09T10:51:55.001031,53809.192,0.00012,Torr
2026-02-09T10:52:02.126141,53816.317,0.00012,Torr
2026-02-09T10:52:07.172091,53821.363,0.00012,Torr
2026-02-09T10:52:14.297065,53828.488,0.00012,Torr
2026-02-09T10:52:19.343260,53833.534,0.00012,Torr
2026-02-09T10:52:26.468164,53840.659,0.00012,Torr
2026-02-09T10:52:31.514392,53845.706,0.00012,Torr
2026-02-09T10:52:38.639301,53852.830,0.00012,Torr
2026-02-09T10:52:43.685302,53857.876,0.00013,Torr
2026-02-09T10:52:50.810307,53865.001,0.00013,Torr
2026-02-09T10:52:55.856302,53870.047,0.00013,Torr
2026-02-09T10:53:02.981308,53877.172,0.00013,Torr
2026-02-09T10:53:08.027405,53882.219,0.00013,Torr
2026-02-09T10:53:15.152445,53889.344,0.00013,Torr
2026-02-09T10:53:20.198406,53894.390,0.00013,Torr
2026-02-09T10:53:27.323444,53901.515,0.00013,Torr
2026-02-09T10:53:32.369478,53906.561,0.00013,Torr
2026-02-09T10:53:39.494522,53913.686,0.00013499999999999997,Torr
2026-02-09T10:53:44.540524,53918.732,0.00014,Torr
2026-02-09T10:53:51.665666,53925.857,0.00014,Torr
2026-02-09T10:53:56.711637,53930.903,0.00014,Torr
2026-02-09T10:54:03.836610,53938.028,0.00014,Torr
2026-02-09T10:54:08.882603,53943.074,0.00014,Torr
2026-02-09T10:54:16.007661,53950.199,0.00014,Torr
2026-02-09T10:54:21.053718,53955.245,0.00014,Torr
2026-02-09T10:54:28.178815,53962.370,0.00014,Torr
2026-02-09T10:54:33.224728,53967.416,0.00015,Torr
2026-02-09T10:54:40.349744,53974.541,0.00015,Torr
2026-02-09T10:54:45.395879,53979.587,0.00015,Torr
2026-02-09T10:54:52.520792,53986.712,0.00015,Torr
2026-02-09T10:54:57.566830,53991.758,0.00015,Torr
2026-02-09T10:55:04.691916,53998.883,0.00015,Torr
2026-02-09T10:55:09.737882,54003.929,0.00015,Torr
2026-02-09T10:55:16.862970,54011.054,0.000155,Torr
2026-02-09T10:55:21.908956,54016.100,0.00015,Torr
2026-02-09T10:55:29.018927,54023.210,0.000155,Torr
2026-02-09T10:55:34.064937,54028.256,0.00016,Torr
2026-02-09T10:55:42.205448,54036.397,0.00016,Torr
2026-02-09T10:55:47.251542,54041.443,0.00016,Torr
2026-02-09T10:55:54.376565,54048.568,0.00016,Torr
2026-02-09T10:55:59.422604,54053.614,0.00016,Torr
2026-02-09T10:56:06.547622,54060.739,0.000165,Torr
2026-02-09T10:56:11.593678,54065.785,0.00017,Torr
2026-02-09T10:56:18.718676,54072.910,0.00017,Torr
2026-02-09T10:56:23.764692,54077.956,0.00017,Torr
2026-02-09T10:56:30.889723,54085.081,0.00017,Torr
2026-02-09T10:56:35.935828,54090.127,0.00017,Torr
2026-02-09T10:56:43.060791,54097.252,0.00017500000000000003,Torr
2026-02-09T10:56:48.106832,54102.298,0.00018,Torr
2026-02-09T10:56:55.231841,54109.423,0.00018,Torr
2026-02-09T10:57:00.278013,54114.469,0.00018,Torr
2026-02-09T10:57:07.402904,54121.594,0.00018,Torr
2026-02-09T10:57:12.448958,54126.640,0.00018,Torr
2026-02-09T10:57:19.574000,54133.765,0.00018,Torr
2026-02-09T10:57:24.619986,54138.811,0.00018,Torr
2026-02-09T10:57:31.745070,54145.936,0.000185,Torr
2026-02-09T10:57:36.791039,54150.982,0.00019,Torr
2026-02-09T10:57:43.916073,54158.107,0.00019,Torr
2026-02-09T10:57:48.962102,54163.153,0.00019,Torr
2026-02-09T10:57:56.087114,54170.278,0.00019,Torr
2026-02-09T10:58:01.133193,54175.324,0.0002,Torr
2026-02-09T10:58:08.258162,54182.449,0.0002,Torr
2026-02-09T10:58:13.304240,54187.495,0.0002,Torr
2026-02-09T10:58:20.429208,54194.620,0.0002,Torr
2026-02-09T10:58:25.475262,54199.666,0.0002,Torr
2026-02-09T10:58:32.600424,54206.792,0.00021,Torr
2026-02-09T10:58:37.646281,54211.837,0.00021,Torr
2026-02-09T10:58:44.771342,54218.962,0.00021,Torr
2026-02-09T10:58:49.817406,54224.009,0.00021,Torr
2026-02-09T10:58:56.942422,54231.134,0.00021500000000000002,Torr
2026-02-09T10:59:01.973869,54236.165,0.00022,Torr
2026-02-09T10:59:09.097831,54243.289,0.00022,Torr
2026-02-09T10:59:14.143848,54248.335,0.00022,Torr
2026-02-09T10:59:21.268898,54255.460,0.00022,Torr
2026-02-09T10:59:26.314904,54260.506,0.00022,Torr
2026-02-09T10:59:33.439975,54267.631,0.00022,Torr
2026-02-09T10:59:38.486040,54272.677,0.00022,Torr
2026-02-09T10:59:45.610987,54279.802,0.00022,Torr
2026-02-09T10:59:50.657012,54284.848,0.00023,Torr
2026-02-09T10:59:57.782090,54291.973,0.00023,Torr
2026-02-09T11:00:02.828074,54297.019,0.00023,Torr
2026-02-09T11:00:09.953108,54304.144,0.00023,Torr
2026-02-09T11:00:14.999156,54309.190,0.00023,Torr
2026-02-09T11:00:22.124117,54316.315,0.00024,Torr
2026-02-09T11:00:27.170157,54321.361,0.00024,Torr
2026-02-09T11:00:34.295177,54328.486,0.00024,Torr
2026-02-09T11:00:39.341221,54333.532,0.00025,Torr
2026-02-09T11:00:46.466226,54340.657,0.000245,Torr
2026-02-09T11:00:51.512322,54345.703,0.00025,Torr
2026-02-09T11:00:58.637267,54352.828,0.00025,Torr
2026-02-09T11:01:03.683313,54357.874,0.00025,Torr
2026-02-09T11:01:10.808390,54365.000,0.00026,Torr
2026-02-09T11:01:15.854527,54370.046,0.00026,Torr
2026-02-09T11:01:22.979422,54377.171,0.00026,Torr
2026-02-09T11:01:28.025442,54382.217,0.00026,Torr
2026-02-09T11:01:35.150483,54389.342,0.00026,Torr
2026-02-09T11:01:40.196490,54394.388,0.00027,Torr
2026-02-09T11:01:47.321558,54401.513,0.00027,Torr
2026-02-09T11:01:52.367569,54406.559,0.00027,Torr
2026-02-09T11:01:59.492635,54413.684,0.00027499999999999996,Torr
2026-02-09T11:02:04.538603,54418.730,0.00028,Torr
2026-02-09T11:02:11.663671,54425.855,0.00028,Torr
2026-02-09T11:02:16.709686,54430.901,0.00028,Torr
2026-02-09T11:02:23.834728,54438.026,0.00028,Torr
2026-02-09T11:02:28.880741,54443.072,0.00028,Torr
2026-02-09T11:02:36.005723,54450.197,0.00029,Torr
2026-02-09T11:02:41.051791,54455.243,0.00029,Torr
2026-02-09T11:02:48.177005,54462.368,0.0003,Torr
2026-02-09T11:02:53.222893,54467.414,0.0003,Torr
2026-02-09T11:03:00.347812,54474.539,0.0003,Torr
2026-02-09T11:03:05.393917,54479.585,0.0003,Torr
2026-02-09T11:03:12.518938,54486.710,0.000305,Torr
2026-02-09T11:03:17.564924,54491.756,0.0003,Torr
2026-02-09T11:03:24.689981,54498.881,0.000305,Torr
2026-02-09T11:03:29.735980,54503.927,0.00031,Torr
2026-02-09T11:03:36.861007,54511.052,0.00031,Torr
2026-02-09T11:03:41.907114,54516.098,0.00031,Torr
2026-02-09T11:03:49.032083,54523.223,0.00032,Torr
2026-02-09T11:03:54.078074,54528.269,0.00032,Torr
2026-02-09T11:04:01.203172,54535.394,0.000325,Torr
2026-02-09T11:04:06.249147,54540.440,0.00033,Torr
2026-02-09T11:04:13.374284,54547.565,0.00033,Torr
2026-02-09T11:04:18.420201,54552.611,0.00034,Torr
2026-02-09T11:04:25.545382,54559.737,0.00034,Torr
2026-02-09T11:04:30.591246,54564.782,0.00034,Torr
2026-02-09T11:04:37.716269,54571.907,0.00034,Torr
2026-02-09T11:04:42.762298,54576.953,0.00035,Torr
2026-02-09T11:04:49.887335,54584.078,0.00035,Torr
2026-02-09T11:04:54.933352,54589.124,0.00035,Torr
2026-02-09T11:05:02.058437,54596.250,0.00035,Torr
2026-02-09T11:05:07.104409,54601.296,0.00035,Torr
2026-02-09T11:05:14.229429,54608.421,0.00036,Torr
2026-02-09T11:05:19.275465,54613.467,0.00036,Torr
2026-02-09T11:05:26.400532,54620.592,0.00036,Torr
2026-02-09T11:05:31.446515,54625.638,0.00036,Torr
2026-02-09T11:05:38.571543,54632.763,0.00036,Torr
2026-02-09T11:05:43.617580,54637.809,0.00038,Torr
2026-02-09T11:05:50.742643,54644.934,0.000375,Torr
2026-02-09T11:05:55.788737,54649.980,0.00031,Torr
2026-02-09T11:06:02.913645,54657.105,1.4e-05,Torr
2026-02-09T11:06:07.959734,54662.151,9.6e-06,Torr
2026-02-09T11:06:15.084740,54669.276,8.25e-06,Torr
2026-02-09T11:06:20.130769,54674.322,7.5e-06,Torr
2026-02-09T11:06:27.255763,54681.447,6.9499999999999995e-06,Torr
2026-02-09T11:06:32.301788,54686.493,6.6e-06,Torr
2026-02-09T11:06:39.426786,54693.618,6.2499999999999995e-06,Torr
2026-02-09T11:06:44.472851,54698.664,5.9e-06,Torr
2026-02-09T11:06:51.597888,54705.789,5.75e-06,Torr
2026-02-09T11:06:56.643901,54710.835,5.5e-06,Torr
2026-02-09T11:07:03.769042,54717.960,5.4e-06,Torr
2026-02-09T11:07:08.815028,54723.006,5.3e-06,Torr
2026-02-09T11:07:15.939984,54730.131,5.2e-06,Torr
2026-02-09T11:07:20.986243,54735.177,5.1e-06,Torr
2026-02-09T11:07:28.111021,54742.302,4.9e-06,Torr
2026-02-09T11:07:33.157044,54747.348,4.9e-06,Torr
2026-02-09T11:07:40.282071,54754.473,4.75e-06,Torr
2026-02-09T11:07:45.328171,54759.519,4.7e-06,Torr
2026-02-09T11:07:52.453190,54766.644,4.6499999999999995e-06,Torr
2026-02-09T11:07:57.499168,54771.690,4.6e-06,Torr
2026-02-09T11:08:04.624228,54778.815,4.5e-06,Torr
2026-02-09T11:08:09.670220,54783.861,4.5e-06,Torr
2026-02-09T11:08:16.795182,54790.986,4.5e-06,Torr
2026-02-09T11:08:21.841275,54796.032,4.4e-06,Torr
2026-02-09T11:08:28.966355,54803.157,4.4e-06,Torr
2026-02-09T11:08:34.012333,54808.203,4.4e-06,Torr
2026-02-09T11:08:41.137384,54815.329,4.4e-06,Torr
2026-02-09T11:08:46.183369,54820.375,4.4e-06,Torr
2026-02-09T11:08:53.308420,54827.500,4.3e-06,Torr
2026-02-09T11:08:58.354434,54832.546,4.4e-06,Torr
2026-02-09T11:09:05.479478,54839.671,4.350000000000001e-06,Torr
2026-02-09T11:09:10.525554,54844.717,4.4e-06,Torr
2026-02-09T11:09:17.650558,54851.842,4.25e-06,Torr
2026-02-09T11:09:22.696543,54856.888,4.2e-06,Torr
2026-02-09T11:09:29.821627,54864.013,4.25e-06,Torr
2026-02-09T11:09:34.867825,54869.059,4.2e-06,Torr
2026-02-09T11:09:41.992662,54876.184,4.2e-06,Torr
2026-02-09T11:09:47.038678,54881.230,4.3e-06,Torr
2026-02-09T11:09:54.163638,54888.355,4.3e-06,Torr
2026-02-09T11:09:59.209710,54893.401,4.2e-06,Torr
2026-02-09T11:10:06.334801,54900.526,4.25e-06,Torr
2026-02-09T11:10:11.380755,54905.572,4.2e-06,Torr
2026-02-09T11:10:18.505794,54912.697,4.25e-06,Torr
2026-02-09T11:10:23.552034,54917.743,4.3e-06,Torr
2026-02-09T11:10:30.676936,54924.868,4.25e-06,Torr
2026-02-09T11:10:35.722894,54929.914,4.2e-06,Torr
2026-02-09T11:10:42.847954,54937.039,4.2e-06,Torr
2026-02-09T11:10:47.893978,54942.085,4.3e-06,Torr
2026-02-09T11:10:55.018926,54949.210,4.3e-06,Torr
2026-02-09T11:11:00.064981,54954.256,4.3e-06,Torr
2026-02-09T11:11:07.189994,54961.381,4.4e-06,Torr
2026-02-09T11:11:12.236386,54966.428,4.4e-06,Torr
2026-02-09T11:11:19.361130,54973.552,4.350000000000001e-06,Torr
2026-02-09T11:11:24.407164,54978.598,4.3e-06,Torr
2026-02-09T11:11:31.532156,54985.723,4.4e-06,Torr
2026-02-09T11:11:36.578309,54990.769,4.3e-06,Torr
2026-02-09T11:11:43.703155,54997.894,4.4e-06,Torr
2026-02-09T11:11:48.749211,55002.940,4.4e-06,Torr
2026-02-09T11:11:55.874261,55010.065,4.4e-06,Torr
2026-02-09T11:12:00.920233,55015.111,4.3e-06,Torr
2026-02-09T11:12:08.045269,55022.236,4.4e-06,Torr
2026-02-09T11:12:13.091341,55027.282,4.4e-06,Torr
2026-02-09T11:12:20.216347,55034.407,4.350000000000001e-06,Torr
2026-02-09T11:12:25.262406,55039.454,4.4e-06,Torr
2026-02-09T11:12:32.387413,55046.579,4.4e-06,Torr
2026-02-09T11:12:37.433402,55051.625,4.4e-06,Torr
2026-02-09T11:12:44.558499,55058.750,4.4e-06,Torr
2026-02-09T11:12:49.604677,55063.796,4.5e-06,Torr
2026-02-09T11:12:56.729484,55070.921,4.45e-06,Torr
2026-02-09T11:13:01.775753,55075.967,4.4e-06,Torr
2026-02-09T11:13:08.900547,55083.092,4.45e-06,Torr
2026-02-09T11:13:13.946570,55088.138,4.5e-06,Torr
2026-02-09T11:13:21.071635,55095.263,4.5e-06,Torr
2026-02-09T11:13:26.117625,55100.309,4.5e-06,Torr
2026-02-09T11:13:33.242691,55107.434,4.45e-06,Torr
2026-02-09T11:13:38.288855,55112.480,4.4e-06,Torr
2026-02-09T11:13:45.413676,55119.605,4.5e-06,Torr
2026-02-09T11:13:50.459776,55124.651,4.5e-06,Torr
2026-02-09T11:13:57.584809,55131.776,4.5e-06,Torr
2026-02-09T11:14:02.630785,55136.822,4.5e-06,Torr
2026-02-09T11:14:09.755835,55143.947,4.5e-06,Torr
2026-02-09T11:14:14.801836,55148.993,4.5e-06,Torr
2026-02-09T11:14:21.926944,55156.118,4.5e-06,Torr
2026-02-09T11:14:26.973001,55161.164,4.5e-06,Torr
2026-02-09T11:14:34.097948,55168.289,4.5e-06,Torr
2026-02-09T11:14:39.143955,55173.335,4.5e-06,Torr
2026-02-09T11:14:46.268987,55180.460,4.5e-06,Torr
2026-02-09T11:14:51.315056,55185.506,4.5e-06,Torr
2026-02-09T11:14:58.440043,55192.631,4.5e-06,Torr
2026-02-09T11:15:03.486264,55197.677,4.5e-06,Torr
2026-02-09T11:15:10.611086,55204.802,4.5e-06,Torr
2026-02-09T11:15:15.657102,55209.848,4.5e-06,Torr
2026-02-09T11:15:22.782182,55216.973,4.6e-06,Torr
2026-02-09T11:15:27.828310,55222.019,4.5e-06,Torr
2026-02-09T11:15:34.953211,55229.144,4.6e-06,Torr
2026-02-09T11:15:39.999254,55234.190,4.7e-06,Torr
2026-02-09T11:15:47.124300,55241.315,4.6499999999999995e-06,Torr
2026-02-09T11:15:52.170302,55246.361,4.7e-06,Torr
2026-02-09T11:15:59.295350,55253.486,4.6499999999999995e-06,Torr
2026-02-09T11:16:04.341326,55258.532,4.6e-06,Torr
2026-02-09T11:16:11.466388,55265.658,4.6499999999999995e-06,Torr
2026-02-09T11:16:16.512374,55270.704,4.5e-06,Torr
2026-02-09T11:16:23.637428,55277.829,4.6499999999999995e-06,Torr
2026-02-09T11:16:28.683429,55282.875,4.7e-06,Torr
2026-02-09T11:16:35.808488,55290.000,5.15e-06,Torr
2026-02-09T11:16:40.854480,55295.046,4.9e-06,Torr
2026-02-09T11:16:47.979485,55302.171,5.2500000000000006e-06,Torr
2026-02-09T11:16:53.025524,55307.217,5e-06,Torr
2026-02-09T11:17:00.150621,55314.342,4.9e-06,Torr
2026-02-09T11:17:05.196595,55319.388,4.8e-06,Torr
2026-02-09T11:17:12.321640,55326.513,4.7e-06,Torr
2026-02-09T11:17:17.367654,55331.559,4.7e-06,Torr
2026-02-09T11:17:24.492716,55338.684,4.7e-06,Torr
2026-02-09T11:17:29.538853,55343.730,4.7e-06,Torr
2026-02-09T11:17:36.663693,55350.855,4.7e-06,Torr
2026-02-09T11:17:41.709753,55355.901,4.7e-06,Torr
2026-02-09T11:17:48.834792,55363.026,4.7e-06,Torr
2026-02-09T11:17:53.880814,55368.072,4.7e-06,Torr
2026-02-09T11:18:01.005901,55375.197,4.6499999999999995e-06,Torr
2026-02-09T11:18:06.051914,55380.243,4.6e-06,Torr
2026-02-09T11:18:13.176905,55387.368,4.7e-06,Torr
2026-02-09T11:18:18.222934,55392.414,4.7e-06,Torr
2026-02-09T11:18:25.348010,55399.539,4.75e-06,Torr
2026-02-09T11:18:30.394042,55404.585,4.7e-06,Torr
2026-02-09T11:18:37.519054,55411.710,4.7e-06,Torr
2026-02-09T11:18:42.565030,55416.756,4.7e-06,Torr
2026-02-09T11:18:49.689985,55423.881,4.7e-06,Torr
2026-02-09T11:18:54.736069,55428.927,4.7e-06,Torr
2026-02-09T11:19:01.861109,55436.052,4.7e-06,Torr
2026-02-09T11:19:06.907118,55441.098,4.7e-06,Torr
2026-02-09T11:19:14.032200,55448.223,4.7e-06,Torr
2026-02-09T11:19:19.078187,55453.269,4.7e-06,Torr
2026-02-09T11:19:26.203204,55460.394,4.7e-06,Torr
2026-02-09T11:19:31.249369,55465.441,4.7e-06,Torr
2026-02-09T11:19:38.374293,55472.565,4.7e-06,Torr
2026-02-09T11:19:43.420288,55477.611,4.7e-06,Torr
2026-02-09T11:19:50.545344,55484.736,4.7e-06,Torr
2026-02-09T11:19:55.591366,55489.783,4.7e-06,Torr
2026-02-09T11:20:02.716460,55496.908,4.7e-06,Torr
2026-02-09T11:20:07.762400,55501.954,4.7e-06,Torr
2026-02-09T11:20:14.887443,55509.079,4.7e-06,Torr
2026-02-09T11:20:19.933443,55514.125,4.7e-06,Torr
2026-02-09T11:20:27.058504,55521.250,4.7e-06,Torr
2026-02-09T11:20:32.104519,55526.296,4.7e-06,Torr
2026-02-09T11:20:39.229517,55533.421,4.7e-06,Torr
2026-02-09T11:20:44.275572,55538.467,4.7e-06,Torr
2026-02-09T11:20:51.400650,55545.592,4.7e-06,Torr
2026-02-09T11:20:56.446621,55550.638,4.7e-06,Torr
2026-02-09T11:21:03.571663,55557.763,4.7e-06,Torr
2026-02-09T11:21:08.617671,55562.809,4.7e-06,Torr
2026-02-09T11:21:15.742739,55569.934,4.7e-06,Torr
2026-02-09T11:21:20.788905,55574.980,4.7e-06,Torr
2026-02-09T11:21:27.913799,55582.105,4.7e-06,Torr
2026-02-09T11:21:32.959789,55587.151,4.7e-06,Torr
2026-02-09T11:21:40.084843,55594.276,4.7e-06,Torr
2026-02-09T11:21:45.130866,55599.322,4.7e-06,Torr
2026-02-09T11:21:52.255920,55606.447,4.7e-06,Torr
2026-02-09T11:21:57.301924,55611.493,4.7e-06,Torr
2026-02-09T11:22:04.426886,55618.618,4.8e-06,Torr
2026-02-09T11:22:09.472974,55623.664,4.7e-06,Torr
2026-02-09T11:22:16.597993,55630.789,4.8e-06,Torr
2026-02-09T11:22:21.644002,55635.835,4.8e-06,Torr
2026-02-09T11:22:28.769082,55642.960,4.8e-06,Torr
2026-02-09T11:22:33.815110,55648.006,4.8e-06,Torr
2026-02-09T11:22:40.940094,55655.131,4.8e-06,Torr
2026-02-09T11:22:45.986273,55660.177,4.7e-06,Torr
2026-02-09T11:22:53.111159,55667.302,4.8e-06,Torr
2026-02-09T11:22:58.157174,55672.348,4.9e-06,Torr
2026-02-09T11:23:05.282168,55679.473,4.7e-06,Torr
2026-02-09T11:23:10.328215,55684.519,4.8e-06,Torr
2026-02-09T11:23:17.453248,55691.644,4.75e-06,Torr
2026-02-09T11:23:22.499308,55696.690,4.8e-06,Torr
2026-02-09T11:23:29.624341,55703.815,4.849999999999999e-06,Torr
2026-02-09T11:23:34.670356,55708.861,4.8e-06,Torr
2026-02-09T11:23:41.795431,55715.987,4.849999999999999e-06,Torr
2026-02-09T11:23:46.841402,55721.033,4.8e-06,Torr
2026-02-09T11:23:53.966466,55728.158,4.8e-06,Torr
2026-02-09T11:23:59.012574,55733.204,4.9e-06,Torr
2026-02-09T11:24:06.137456,55740.329,4.75e-06,Torr
2026-02-09T11:24:11.183481,55745.375,4.8e-06,Torr
2026-02-09T11:24:18.308540,55752.500,4.8e-06,Torr
2026-02-09T11:24:23.354753,55757.546,4.8e-06,Torr
2026-02-09T11:24:30.479614,55764.671,4.8e-06,Torr
2026-02-09T11:24:35.525593,55769.717,4.8e-06,Torr
2026-02-09T11:24:42.650644,55776.842,4.8e-06,Torr
2026-02-09T11:24:47.696730,55781.888,4.9e-06,Torr
2026-02-09T11:24:54.821656,55789.013,4.849999999999999e-06,Torr
2026-02-09T11:24:59.867700,55794.059,4.8e-06,Torr
2026-02-09T11:25:06.992780,55801.184,4.8e-06,Torr
2026-02-09T11:25:12.038757,55806.230,4.9e-06,Torr
2026-02-09T11:25:19.163746,55813.355,4.8e-06,Torr
2026-02-09T11:25:24.209845,55818.401,4.8e-06,Torr
2026-02-09T11:25:31.334886,55825.526,4.8e-06,Torr
2026-02-09T11:25:36.380860,55830.572,4.8e-06,Torr
2026-02-09T11:25:43.505959,55837.697,4.8e-06,Torr
2026-02-09T11:25:48.551923,55842.743,4.9e-06,Torr
2026-02-09T11:25:55.677075,55849.868,4.9e-06,Torr
2026-02-09T11:26:00.722971,55854.914,4.9e-06,Torr
2026-02-09T11:26:07.848001,55862.039,4.9e-06,Torr
2026-02-09T11:26:12.894084,55867.085,4.8e-06,Torr
2026-02-09T11:26:20.019088,55874.210,4.9e-06,Torr
2026-02-09T11:26:25.065076,55879.256,4.9e-06,Torr
2026-02-09T11:26:32.190115,55886.381,4.9e-06,Torr
2026-02-09T11:26:37.236130,55891.427,4.9e-06,Torr
2026-02-09T11:26:44.361280,55898.552,4.9e-06,Torr
2026-02-09T11:26:49.407236,55903.598,4.9e-06,Torr
2026-02-09T11:26:56.532247,55910.723,4.9e-06,Torr
2026-02-09T11:27:01.578385,55915.770,4.9e-06,Torr
2026-02-09T11:27:08.703302,55922.894,4.9e-06,Torr
2026-02-09T11:27:13.749291,55927.940,4.8e-06,Torr
2026-02-09T11:27:20.874381,55935.066,4.9e-06,Torr
2026-02-09T11:27:25.920380,55940.112,4.9e-06,Torr
2026-02-09T11:27:33.045412,55947.237,4.9e-06,Torr
2026-02-09T11:27:38.091421,55952.283,4.9e-06,Torr
2026-02-09T11:27:45.216397,55959.408,4.9e-06,Torr
2026-02-09T11:27:50.262455,55964.454,4.9e-06,Torr
2026-02-09T11:27:57.387501,55971.579,4.9e-06,Torr
2026-02-09T11:28:02.433513,55976.625,4.9e-06,Torr
2026-02-09T11:28:09.558555,55983.750,4.9e-06,Torr
2026-02-09T11:28:14.604779,55988.796,4.9e-06,Torr
2026-02-09T11:28:21.729644,55995.921,4.9e-06,Torr
2026-02-09T11:28:26.775620,56000.967,4.9e-06,Torr
2026-02-09T11:28:33.900662,56008.092,4.9e-06,Torr
2026-02-09T11:28:38.946753,56013.138,4.9e-06,Torr
2026-02-09T11:28:46.071710,56020.263,4.9e-06,Torr
2026-02-09T11:28:51.117729,56025.309,4.9e-06,Torr
2026-02-09T11:28:58.242818,56032.434,4.9e-06,Torr
2026-02-09T11:29:03.288779,56037.480,4.9e-06,Torr
2026-02-09T11:29:10.413863,56044.605,4.9e-06,Torr
2026-02-09T11:29:15.459833,56049.651,4.9e-06,Torr
2026-02-09T11:29:22.584891,56056.776,4.9e-06,Torr
2026-02-09T11:29:27.630907,56061.822,4.9e-06,Torr
2026-02-09T11:29:34.755972,56068.947,4.9e-06,Torr
2026-02-09T11:29:39.801986,56073.993,5e-06,Torr
2026-02-09T11:29:46.927001,56081.118,5e-06,Torr
2026-02-09T11:29:51.973047,56086.164,4.9e-06,Torr
2026-02-09T11:29:59.098005,56093.289,4.95e-06,Torr
2026-02-09T11:30:04.144060,56098.335,5e-06,Torr
2026-02-09T11:30:11.269104,56105.460,5e-06,Torr
2026-02-09T11:30:16.315108,56110.506,5e-06,Torr
2026-02-09T11:30:23.440122,56117.631,4.9e-06,Torr
2026-02-09T11:30:28.486147,56122.677,5e-06,Torr
2026-02-09T11:30:35.611243,56129.802,5e-06,Torr
2026-02-09T11:30:40.657281,56134.848,5e-06,Torr
2026-02-09T11:30:47.782300,56141.973,4.9999999999999996e-06,Torr
2026-02-09T11:30:52.828280,56147.019,5.1e-06,Torr
2026-02-09T11:30:59.953339,56154.144,4.95e-06,Torr
2026-02-09T11:31:04.999427,56159.191,5e-06,Torr
2026-02-09T11:31:12.124324,56166.315,4.9999999999999996e-06,Torr
2026-02-09T11:31:17.170377,56171.362,5e-06,Torr
2026-02-09T11:31:24.295444,56178.487,5.050000000000001e-06,Torr
2026-02-09T11:31:29.341468,56183.533,5e-06,Torr
2026-02-09T11:31:36.466509,56190.658,5.050000000000001e-06,Torr
2026-02-09T11:31:41.512522,56195.704,5e-06,Torr
2026-02-09T11:31:48.637518,56202.829,5e-06,Torr
2026-02-09T11:31:53.683537,56207.875,5e-06,Torr
2026-02-09T11:32:00.808546,56215.000,5.1e-06,Torr
2026-02-09T11:32:05.854598,56220.046,5.1e-06,Torr
2026-02-09T11:32:12.979677,56227.171,5.2e-06,Torr
2026-02-09T11:32:18.025644,56232.217,5.2e-06,Torr
2026-02-09T11:32:25.150696,56239.342,5.050000000000001e-06,Torr
2026-02-09T11:32:30.196703,56244.388,5.1e-06,Torr
2026-02-09T11:32:37.321737,56251.513,5.1e-06,Torr
2026-02-09T11:32:42.367785,56256.559,5.1e-06,Torr
2026-02-09T11:32:49.492780,56263.684,5.1e-06,Torr
2026-02-09T11:32:54.538803,56268.730,5.1e-06,Torr
2026-02-09T11:33:01.663862,56275.855,5.050000000000001e-06,Torr
2026-02-09T11:33:06.709858,56280.901,5.1e-06,Torr
2026-02-09T11:33:13.834917,56288.026,5.050000000000001e-06,Torr
2026-02-09T11:33:18.880898,56293.072,5.1e-06,Torr
2026-02-09T11:33:26.005922,56300.197,5.1e-06,Torr
2026-02-09T11:33:31.052049,56305.243,5.1e-06,Torr
2026-02-09T11:33:38.177128,56312.368,5.1e-06,Torr
2026-02-09T11:33:43.223026,56317.414,5.1e-06,Torr
2026-02-09T11:33:50.348101,56324.539,5.1e-06,Torr
2026-02-09T11:33:55.394076,56329.585,5.1e-06,Torr
2026-02-09T11:34:02.519140,56336.710,5.1e-06,Torr
2026-02-09T11:34:07.565131,56341.756,5.1e-06,Torr
2026-02-09T11:34:14.690118,56348.881,5.1e-06,Torr
2026-02-09T11:34:19.736179,56353.927,5.1e-06,Torr
2026-02-09T11:34:26.861202,56361.052,5.2e-06,Torr
2026-02-09T11:34:31.907234,56366.098,5.1e-06,Torr
2026-02-09T11:34:39.032303,56373.223,5.050000000000001e-06,Torr
2026-02-09T11:34:44.078285,56378.269,5.1e-06,Torr
2026-02-09T11:34:51.203377,56385.395,5.2e-06,Torr
2026-02-09T11:34:56.249333,56390.440,5.1e-06,Torr
2026-02-09T11:35:03.374388,56397.566,5.15e-06,Torr
2026-02-09T11:35:08.420414,56402.612,5.1e-06,Torr
2026-02-09T11:35:15.545460,56409.737,5.2e-06,Torr
2026-02-09T11:35:20.591478,56414.783,5.2e-06,Torr
2026-02-09T11:35:27.716452,56421.908,5.15e-06,Torr
2026-02-09T11:35:32.762631,56426.954,5.1e-06,Torr
2026-02-09T11:35:39.887858,56434.079,5.2e-06,Torr
2026-02-09T11:35:44.933761,56439.125,5.2e-06,Torr
2026-02-09T11:35:52.058558,56446.250,5.2e-06,Torr
2026-02-09T11:35:57.104766,56451.296,5.2e-06,Torr
2026-02-09T11:36:04.229593,56458.421,5.3e-06,Torr
2026-02-09T11:36:09.275698,56463.467,5.2e-06,Torr
2026-02-09T11:36:16.400723,56470.592,5.2e-06,Torr
2026-02-09T11:36:21.446723,56475.638,5.3e-06,Torr
2026-02-09T11:36:28.571784,56482.763,5.2500000000000006e-06,Torr
2026-02-09T11:36:33.617803,56487.809,5.2e-06,Torr
2026-02-09T11:36:40.742793,56494.934,5.2500000000000006e-06,Torr
2026-02-09T11:36:45.788839,56499.980,5.3e-06,Torr
2026-02-09T11:36:52.913881,56507.105,5.2500000000000006e-06,Torr
2026-02-09T11:36:57.959889,56512.151,5.3e-06,Torr
2026-02-09T11:37:05.084907,56519.276,5.3e-06,Torr
2026-02-09T11:37:10.130918,56524.322,5.3e-06,Torr
2026-02-09T11:37:17.256007,56531.447,5.3e-06,Torr
2026-02-09T11:37:22.302102,56536.493,5.2e-06,Torr
2026-02-09T11:37:29.427093,56543.618,5.3e-06,Torr
2026-02-09T11:37:34.473048,56548.664,5.3e-06,Torr
2026-02-09T11:37:41.598093,56555.789,5.3e-06,Torr
2026-02-09T11:37:46.644188,56560.835,5.3e-06,Torr
2026-02-09T11:37:53.769095,56567.960,5.3e-06,Torr
2026-02-09T11:37:58.815199,56573.006,5.3e-06,Torr
2026-02-09T11:38:05.940229,56580.131,5.3e-06,Torr
2026-02-09T11:38:10.986202,56585.177,5.3e-06,Torr
2026-02-09T11:38:18.111295,56592.302,5.3e-06,Torr
2026-02-09T11:38:23.157262,56597.348,5.3e-06,Torr
2026-02-09T11:38:30.282351,56604.473,5.35e-06,Torr
2026-02-09T11:38:35.328455,56609.520,5.4e-06,Torr
2026-02-09T11:38:42.453350,56616.644,5.4e-06,Torr
2026-02-09T11:38:47.499405,56621.691,5.4e-06,Torr
2026-02-09T11:38:54.624437,56628.816,5.4e-06,Torr
2026-02-09T11:38:59.670426,56633.862,5.4e-06,Torr
2026-02-09T11:39:06.795494,56640.987,5.45e-06,Torr
2026-02-09T11:39:11.841457,56646.033,5.3e-06,Torr
2026-02-09T11:39:18.966540,56653.158,5.4e-06,Torr
2026-02-09T11:39:24.012672,56658.204,5.4e-06,Torr
2026-02-09T11:39:31.137552,56665.329,5.4e-06,Torr
2026-02-09T11:39:36.183624,56670.375,5.4e-06,Torr
2026-02-09T11:39:43.308663,56677.500,5.4e-06,Torr
2026-02-09T11:39:48.354641,56682.546,5.4e-06,Torr
2026-02-09T11:39:55.479628,56689.671,5.4e-06,Torr
2026-02-09T11:40:00.525739,56694.717,5.4e-06,Torr
2026-02-09T11:40:07.650773,56701.842,5.4e-06,Torr
2026-02-09T11:40:12.696960,56706.888,5.5e-06,Torr
2026-02-09T11:40:19.821796,56714.013,5.4e-06,Torr
2026-02-09T11:40:24.867802,56719.059,5.4e-06,Torr
2026-02-09T11:40:31.992905,56726.184,5.4e-06,Torr
2026-02-09T11:40:37.038857,56731.230,5.5e-06,Torr
2026-02-09T11:40:44.163948,56738.355,5.45e-06,Torr
2026-02-09T11:40:49.209916,56743.401,5.4e-06,Torr
2026-02-09T11:40:56.334983,56750.526,5.5e-06,Torr
2026-02-09T11:41:01.381278,56755.572,5.5e-06,Torr
2026-02-09T11:41:08.505980,56762.697,5.5e-06,Torr
2026-02-09T11:41:13.552130,56767.743,5.5e-06,Torr
2026-02-09T11:41:20.677176,56774.868,5.5e-06,Torr
2026-02-09T11:41:25.723074,56779.914,5.5e-06,Torr
2026-02-09T11:41:32.848114,56787.039,5.45e-06,Torr
2026-02-09T11:41:37.894342,56792.085,5.5e-06,Torr
2026-02-09T11:41:45.019122,56799.210,5.5e-06,Torr
2026-02-09T11:41:50.065224,56804.256,5.5e-06,Torr
2026-02-09T11:41:57.190262,56811.381,5.5e-06,Torr
2026-02-09T11:42:02.236224,56816.427,5.5e-06,Torr
2026-02-09T11:42:09.361387,56823.553,5.549999999999999e-06,Torr
2026-02-09T11:42:14.407289,56828.598,5.5e-06,Torr
2026-02-09T11:42:21.532340,56835.723,5.65e-06,Torr
2026-02-09T11:42:26.578337,56840.769,5.6e-06,Torr
2026-02-09T11:42:33.703479,56847.895,5.549999999999999e-06,Torr
2026-02-09T11:42:38.749401,56852.941,5.5e-06,Torr
2026-02-09T11:42:45.874468,56860.066,5.6e-06,Torr
2026-02-09T11:42:50.920483,56865.112,5.5e-06,Torr
2026-02-09T11:42:58.045467,56872.237,5.549999999999999e-06,Torr
2026-02-09T11:43:03.091499,56877.283,5.6e-06,Torr
2026-02-09T11:43:10.216579,56884.408,5.65e-06,Torr
2026-02-09T11:43:15.262553,56889.454,5.6e-06,Torr
2026-02-09T11:43:22.387661,56896.579,5.6e-06,Torr
2026-02-09T11:43:27.433599,56901.625,5.7e-06,Torr
2026-02-09T11:43:34.558694,56908.750,5.7e-06,Torr
2026-02-09T11:43:39.604813,56913.796,5.7e-06,Torr
2026-02-09T11:43:46.729746,56920.921,5.65e-06,Torr
2026-02-09T11:43:51.775803,56925.967,5.7e-06,Torr
2026-02-09T11:43:58.900798,56933.092,5.7e-06,Torr
2026-02-09T11:44:03.946777,56938.138,5.7e-06,Torr
2026-02-09T11:44:11.071807,56945.263,5.7e-06,Torr
2026-02-09T11:44:16.117826,56950.309,5.7e-06,Torr
2026-02-09T11:44:23.242866,56957.434,5.7e-06,Torr
2026-02-09T11:44:28.288884,56962.480,5.7e-06,Torr
2026-02-09T11:44:35.413956,56969.605,5.7e-06,Torr
2026-02-09T11:44:40.459960,56974.651,5.7e-06,Torr
2026-02-09T11:44:47.584989,56981.776,5.7e-06,Torr
2026-02-09T11:44:52.631161,56986.822,5.7e-06,Torr
2026-02-09T11:44:59.755993,56993.947,5.75e-06,Torr
2026-02-09T11:45:04.802087,56998.993,5.9e-06,Torr
2026-02-09T11:45:11.927109,57006.118,5.8e-06,Torr
2026-02-09T11:45:16.973099,57011.164,5.8e-06,Torr
2026-02-09T11:45:24.098173,57018.289,5.8e-06,Torr
2026-02-09T11:45:29.144156,57023.335,5.8e-06,Torr
2026-02-09T11:45:36.269292,57030.460,6.15e-06,Torr
2026-02-09T11:45:41.315250,57035.506,6.3e-06,Torr
2026-02-09T11:45:48.440264,57042.631,6.1e-06,Torr
2026-02-09T11:45:53.486253,57047.677,6.1e-06,Torr
2026-02-09T11:46:00.611326,57054.802,5.9e-06,Torr
2026-02-09T11:46:05.657310,57059.848,5.9e-06,Torr
2026-02-09T11:46:12.782356,57066.973,5.9e-06,Torr
2026-02-09T11:46:17.828351,57072.019,5.9e-06,Torr
2026-02-09T11:46:24.953408,57079.145,5.9e-06,Torr
2026-02-09T11:46:29.999464,57084.191,5.9e-06,Torr
2026-02-09T11:46:37.124449,57091.316,5.9e-06,Torr
2026-02-09T11:46:42.170479,57096.362,6e-06,Torr
2026-02-09T11:46:49.295549,57103.487,5.9e-06,Torr
2026-02-09T11:46:54.341530,57108.533,5.9e-06,Torr
2026-02-09T11:47:01.466574,57115.658,5.9e-06,Torr
2026-02-09T11:47:06.512676,57120.704,5.9e-06,Torr
2026-02-09T11:47:13.639060,57127.830,6e-06,Torr
2026-02-09T11:47:18.683682,57132.875,6e-06,Torr
2026-02-09T11:47:25.808594,57140.000,5.950000000000001e-06,Torr
2026-02-09T11:47:30.854692,57145.046,6.1e-06,Torr
2026-02-09T11:47:37.979719,57152.171,5.950000000000001e-06,Torr
2026-02-09T11:47:43.025774,57157.217,6.1e-06,Torr
2026-02-09T11:47:50.150822,57164.342,6.05e-06,Torr
2026-02-09T11:47:55.196801,57169.388,6e-06,Torr
2026-02-09T11:48:02.321818,57176.513,6.1e-06,Torr
2026-02-09T11:48:07.367896,57181.559,6e-06,Torr
2026-02-09T11:48:14.492936,57188.684,6.1e-06,Torr
2026-02-09T11:48:19.538907,57193.730,6e-06,Torr
2026-02-09T11:48:26.663945,57200.855,6.05e-06,Torr
2026-02-09T11:48:31.709950,57205.901,6.1e-06,Torr
2026-02-09T11:48:38.835039,57213.026,6.1e-06,Torr
2026-02-09T11:48:43.881020,57218.072,6.1e-06,Torr
2026-02-09T11:48:51.006159,57225.197,6.1e-06,Torr
2026-02-09T11:48:56.052119,57230.243,6.1e-06,Torr
2026-02-09T11:49:03.177175,57237.368,6.15e-06,Torr
2026-02-09T11:49:08.223299,57242.414,6.1e-06,Torr
2026-02-09T11:49:15.348181,57249.539,6.1e-06,Torr
2026-02-09T11:49:20.394195,57254.585,6.1e-06,Torr
2026-02-09T11:49:27.519204,57261.710,6.2e-06,Torr
2026-02-09T11:49:32.565234,57266.756,6.1e-06,Torr
2026-02-09T11:49:39.690242,57273.881,6.1e-06,Torr
2026-02-09T11:49:44.736273,57278.927,6.1e-06,Torr
2026-02-09T11:49:51.861395,57286.053,6.2499999999999995e-06,Torr
2026-02-09T11:49:56.907332,57291.098,6.3e-06,Torr
2026-02-09T11:50:04.032390,57298.224,6.2e-06,Torr
2026-02-09T11:50:09.078400,57303.270,6.2e-06,Torr
2026-02-09T11:50:16.203413,57310.395,6.3e-06,Torr
2026-02-09T11:50:21.249440,57315.441,6.3e-06,Torr
2026-02-09T11:50:28.374483,57322.566,6.3e-06,Torr
2026-02-09T11:50:33.420507,57327.612,6.3e-06,Torr
2026-02-09T11:50:40.545595,57334.737,6.3e-06,Torr
2026-02-09T11:50:45.591604,57339.783,6.3e-06,Torr
2026-02-09T11:50:52.716655,57346.908,6.3e-06,Torr
2026-02-09T11:50:57.762617,57351.954,6.3e-06,Torr
2026-02-09T11:51:04.887633,57359.079,6.3e-06,Torr
2026-02-09T11:51:09.933666,57364.125,6.3e-06,Torr
2026-02-09T11:51:17.058740,57371.250,6.35e-06,Torr
2026-02-09T11:51:22.104723,57376.296,6.3e-06,Torr
2026-02-09T11:51:29.229783,57383.421,6.4e-06,Torr
2026-02-09T11:51:34.275836,57388.467,6.3e-06,Torr
2026-02-09T11:51:41.400841,57395.592,6.5e-06,Torr
2026-02-09T11:51:46.446826,57400.638,6.6e-06,Torr
2026-02-09T11:51:53.571859,57407.763,6.55e-06,Torr
2026-02-09T11:51:58.617973,57412.809,6.5e-06,Torr
2026-02-09T11:52:05.742933,57419.934,6.55e-06,Torr
2026-02-09T11:52:10.788965,57424.980,6.5e-06,Torr
2026-02-09T11:52:17.913992,57432.105,6.55e-06,Torr
2026-02-09T11:52:22.959987,57437.151,6.6e-06,Torr
2026-02-09T11:52:30.085027,57444.276,6.55e-06,Torr
2026-02-09T11:52:35.131025,57449.322,6.6e-06,Torr
2026-02-09T11:52:42.256058,57456.447,6.55e-06,Torr
2026-02-09T11:52:47.302104,57461.493,6.6e-06,Torr
2026-02-09T11:52:54.427174,57468.618,6.6e-06,Torr
2026-02-09T11:52:59.473177,57473.664,6.6e-06,Torr
2026-02-09T11:53:06.598222,57480.789,6.6e-06,Torr
2026-02-09T11:53:11.644390,57485.836,6.6e-06,Torr
2026-02-09T11:53:18.769201,57492.960,6.7e-06,Torr
2026-02-09T11:53:23.815369,57498.007,6.6e-06,Torr
2026-02-09T11:53:30.940292,57505.131,6.7e-06,Torr
2026-02-09T11:53:35.986317,57510.177,6.8e-06,Torr
2026-02-09T11:53:43.111404,57517.303,6.75e-06,Torr
2026-02-09T11:53:48.157363,57522.349,6.8e-06,Torr
2026-02-09T11:53:55.282455,57529.474,6.8e-06,Torr
2026-02-09T11:54:00.328413,57534.520,6.8e-06,Torr
2026-02-09T11:54:07.453414,57541.645,6.75e-06,Torr
2026-02-09T11:54:12.499666,57546.691,6.8e-06,Torr
2026-02-09T11:54:19.624498,57553.816,6.8e-06,Torr
2026-02-09T11:54:24.670517,57558.862,6.8e-06,Torr
2026-02-09T11:54:31.795539,57565.987,6.8500000000000005e-06,Torr
2026-02-09T11:54:36.841559,57571.033,7e-06,Torr
2026-02-09T11:54:43.966671,57578.158,7.05e-06,Torr
2026-02-09T11:54:49.012699,57583.204,7e-06,Torr
2026-02-09T11:54:56.137661,57590.329,6.9499999999999995e-06,Torr
2026-02-09T11:55:01.183686,57595.375,7e-06,Torr
2026-02-09T11:55:08.308746,57602.500,6.9499999999999995e-06,Torr
2026-02-09T11:55:13.354770,57607.546,7.1e-06,Torr
2026-02-09T11:55:20.479801,57614.671,7e-06,Torr
2026-02-09T11:55:25.526374,57619.718,7.1e-06,Torr
2026-02-09T11:55:32.651407,57626.843,7e-06,Torr
2026-02-09T11:55:37.697417,57631.889,7e-06,Torr
2026-02-09T11:55:45.837851,57640.029,7.1e-06,Torr
2026-02-09T11:55:50.884181,57645.075,7e-06,Torr
2026-02-09T11:55:58.009044,57652.200,7.1e-06,Torr
2026-02-09T11:56:03.055134,57657.246,7e-06,Torr
2026-02-09T11:56:10.180172,57664.371,7.05e-06,Torr
2026-02-09T11:56:15.226185,57669.417,7.1e-06,Torr
2026-02-09T11:56:22.351217,57676.542,7.05e-06,Torr
2026-02-09T11:56:27.397358,57681.588,7.1e-06,Torr
2026-02-09T11:56:34.522227,57688.713,7.1e-06,Torr
2026-02-09T11:56:39.568246,57693.759,7.1e-06,Torr
2026-02-09T11:56:46.693237,57700.884,7.149999999999999e-06,Torr
2026-02-09T11:56:51.739292,57705.930,7.2e-06,Torr
2026-02-09T11:56:58.864351,57713.055,7.149999999999999e-06,Torr
2026-02-09T11:57:03.910396,57718.102,7.1e-06,Torr
2026-02-09T11:57:11.035416,57725.227,7.2e-06,Torr
2026-02-09T11:57:16.081404,57730.273,7.2e-06,Torr
2026-02-09T11:57:23.206405,57737.398,7.3e-06,Torr
2026-02-09T11:57:28.252449,57742.444,7.4e-06,Torr
2026-02-09T11:57:35.377540,57749.569,7.25e-06,Torr
2026-02-09T11:57:40.423536,57754.615,7.3e-06,Torr
2026-02-09T11:57:47.548554,57761.740,7.3e-06,Torr
2026-02-09T11:57:52.594615,57766.786,7.3e-06,Torr
2026-02-09T11:57:59.719625,57773.911,7.350000000000001e-06,Torr
2026-02-09T11:58:04.765630,57778.957,7.4e-06,Torr
2026-02-09T11:58:11.890625,57786.082,7.3e-06,Torr
2026-02-09T11:58:16.936671,57791.128,7.6e-06,Torr
2026-02-09T11:58:24.061717,57798.253,7.4e-06,Torr
2026-02-09T11:58:29.107778,57803.299,7.5e-06,Torr
2026-02-09T11:58:36.232824,57810.424,7.5e-06,Torr
2026-02-09T11:58:41.278788,57815.470,7.4e-06,Torr
2026-02-09T11:58:48.403848,57822.595,7.6e-06,Torr
2026-02-09T11:58:53.449838,57827.641,7.6e-06,Torr
2026-02-09T11:59:00.574845,57834.766,7.5500000000000006e-06,Torr
2026-02-09T11:59:05.620891,57839.812,7.6e-06,Torr
2026-02-09T11:59:12.745960,57846.937,7.6e-06,Torr
2026-02-09T11:59:17.791971,57851.983,7.6e-06,Torr
2026-02-09T11:59:24.916990,57859.108,7.6e-06,Torr
2026-02-09T11:59:29.963037,57864.154,7.6e-06,Torr
2026-02-09T11:59:37.088109,57871.279,7.65e-06,Torr
2026-02-09T11:59:42.134058,57876.325,7.7e-06,Torr
2026-02-09T11:59:49.259083,57883.450,7.850000000000001e-06,Torr
2026-02-09T11:59:54.305110,57888.496,7.8e-06,Torr
2026-02-09T12:00:01.430119,57895.621,7.8e-06,Torr
2026-02-09T12:00:06.476191,57900.667,7.9e-06,Torr
2026-02-09T12:00:13.601249,57907.792,7.9e-06,Torr
2026-02-09T12:00:18.647224,57912.838,7.9e-06,Torr
2026-02-09T12:00:25.772227,57919.963,7.8e-06,Torr
2026-02-09T12:00:30.818283,57925.009,7.9e-06,Torr
2026-02-09T12:00:37.943305,57932.134,7.9e-06,Torr
2026-02-09T12:00:42.989359,57937.180,7.8e-06,Torr
2026-02-09T12:00:50.114385,57944.306,7.9e-06,Torr
2026-02-09T12:00:55.160368,57949.352,7.9e-06,Torr
2026-02-09T12:01:02.285447,57956.477,7.95e-06,Torr
2026-02-09T12:01:07.331503,57961.523,7.9e-06,Torr
2026-02-09T12:01:14.456461,57968.648,8.1e-06,Torr
2026-02-09T12:01:19.502571,57973.694,8.1e-06,Torr
2026-02-09T12:01:26.627543,57980.819,8.15e-06,Torr
2026-02-09T12:01:31.673582,57985.865,8.1e-06,Torr
2026-02-09T12:01:38.798621,57992.990,8.15e-06,Torr
2026-02-09T12:01:43.844711,57998.036,8.2e-06,Torr
2026-02-09T12:01:50.969632,58005.161,8.2e-06,Torr
2026-02-09T12:01:56.015650,58010.207,8.2e-06,Torr
2026-02-09T12:02:03.140678,58017.332,8.2e-06,Torr
2026-02-09T12:02:08.186704,58022.378,8.2e-06,Torr
2026-02-09T12:02:15.311707,58029.503,8.25e-06,Torr
2026-02-09T12:02:20.357834,58034.549,8.3e-06,Torr
2026-02-09T12:02:27.482795,58041.674,8.3e-06,Torr
2026-02-09T12:02:32.528811,58046.720,8.4e-06,Torr
2026-02-09T12:02:39.653826,58053.845,8.5e-06,Torr
2026-02-09T12:02:44.699876,58058.891,8.2e-06,Torr
2026-02-09T12:02:51.824858,58066.016,8.5e-06,Torr
2026-02-09T12:02:56.870960,58071.062,8.5e-06,Torr
2026-02-09T12:03:03.996005,58078.187,8.550000000000001e-06,Torr
2026-02-09T12:03:09.041962,58083.233,8.5e-06,Torr
2026-02-09T12:03:16.167052,58090.358,8.550000000000001e-06,Torr
2026-02-09T12:03:21.213022,58095.404,8.5e-06,Torr
2026-02-09T12:03:28.338070,58102.529,8.55e-06,Torr
2026-02-09T12:03:33.384081,58107.575,8.7e-06,Torr
2026-02-09T12:03:40.509177,58114.700,8.7e-06,Torr
2026-02-09T12:03:45.555130,58119.746,8.7e-06,Torr
2026-02-09T12:03:52.680223,58126.871,8.6e-06,Torr
2026-02-09T12:03:57.726218,58131.917,8.8e-06,Torr
2026-02-09T12:04:04.851270,58139.042,8.8e-06,Torr
2026-02-09T12:04:09.897249,58144.088,8.8e-06,Torr
2026-02-09T12:04:17.022283,58151.213,8.8e-06,Torr
2026-02-09T12:04:22.068418,58156.260,8.8e-06,Torr
2026-02-09T12:04:29.193301,58163.384,8.9e-06,Torr
2026-02-09T12:04:34.239436,58168.431,8.9e-06,Torr
2026-02-09T12:04:41.364401,58175.556,8.85e-06,Torr
2026-02-09T12:04:46.410474,58180.602,9e-06,Torr
2026-02-09T12:04:53.535450,58187.727,8.95e-06,Torr
2026-02-09T12:04:58.581451,58192.773,9.1e-06,Torr
2026-02-09T12:05:05.706567,58199.898,9.1e-06,Torr
2026-02-09T12:05:10.752496,58204.944,9.1e-06,Torr
2026-02-09T12:05:17.877613,58212.069,9.1e-06,Torr
2026-02-09T12:05:22.923566,58217.115,9.2e-06,Torr
2026-02-09T12:05:30.048634,58224.240,9.1e-06,Torr
2026-02-09T12:05:35.094606,58229.286,9.1e-06,Torr
2026-02-09T12:05:42.219617,58236.411,9.149999999999999e-06,Torr
2026-02-09T12:05:47.265960,58241.457,9.2e-06,Torr
2026-02-09T12:05:54.390714,58248.582,9.1e-06,Torr
2026-02-09T12:05:59.436776,58253.628,9.5e-06,Torr
2026-02-09T12:06:06.561780,58260.753,9.45e-06,Torr
2026-02-09T12:06:11.607782,58265.799,9.5e-06,Torr
2026-02-09T12:06:18.732903,58272.924,9.5e-06,Torr
2026-02-09T12:06:23.778844,58277.970,9.4e-06,Torr
2026-02-09T12:06:30.903841,58285.095,9.45e-06,Torr
2026-02-09T12:06:35.949959,58290.141,9.5e-06,Torr
2026-02-09T12:06:43.074898,58297.266,9.5e-06,Torr
2026-02-09T12:06:48.120959,58302.312,9.5e-06,Torr
2026-02-09T12:06:55.246056,58309.437,9.45e-06,Torr
2026-02-09T12:07:00.292092,58314.483,9.5e-06,Torr
2026-02-09T12:07:07.417067,58321.608,9.55e-06,Torr
2026-02-09T12:07:12.463066,58326.654,9.6e-06,Torr
2026-02-09T12:07:19.588101,58333.779,9.7e-06,Torr
2026-02-09T12:07:24.634104,58338.825,9.8e-06,Torr
2026-02-09T12:07:31.759135,58345.950,9.7e-06,Torr
2026-02-09T12:07:36.805179,58350.996,9.8e-06,Torr
2026-02-09T12:07:43.930197,58358.121,9.849999999999999e-06,Torr
2026-02-09T12:07:48.976344,58363.167,9.7e-06,Torr
2026-02-09T12:07:56.101227,58370.292,9.849999999999999e-06,Torr
2026-02-09T12:08:01.147355,58375.338,1e-05,Torr
2026-02-09T12:08:08.272324,58382.463,9.849999999999999e-06,Torr
2026-02-09T12:08:13.318342,58387.509,9.9e-06,Torr
2026-02-09T12:08:20.443372,58394.635,9.849999999999999e-06,Torr
2026-02-09T12:08:25.489371,58399.681,9.9e-06,Torr
2026-02-09T12:08:32.614480,58406.806,9.950000000000001e-06,Torr
2026-02-09T12:08:37.660429,58411.852,1e-05,Torr
2026-02-09T12:08:44.785512,58418.977,1e-05,Torr
2026-02-09T12:08:49.831581,58424.023,1e-05,Torr
2026-02-09T12:08:56.956563,58431.148,1e-05,Torr
2026-02-09T12:09:02.002540,58436.194,1e-05,Torr
2026-02-09T12:09:09.128537,58443.320,1e-05,Torr
2026-02-09T12:09:14.173586,58448.365,1e-05,Torr
2026-02-09T12:09:21.298644,58455.490,1e-05,Torr
2026-02-09T12:09:26.344645,58460.536,1e-05,Torr
2026-02-09T12:09:33.469794,58467.661,1e-05,Torr
2026-02-09T12:09:38.515893,58472.707,1e-05,Torr
2026-02-09T12:09:45.640717,58479.832,1e-05,Torr
2026-02-09T12:09:50.686755,58484.878,1.1e-05,Torr
2026-02-09T12:09:57.811799,58492.003,1.0500000000000001e-05,Torr
2026-02-09T12:10:02.857857,58497.049,1.1e-05,Torr
2026-02-09T12:10:09.982865,58504.174,1.1e-05,Torr
2026-02-09T12:10:15.028868,58509.220,1.1e-05,Torr
2026-02-09T12:10:22.153941,58516.345,1.1e-05,Torr
2026-02-09T12:10:27.199988,58521.391,1.1e-05,Torr
2026-02-09T12:10:34.324942,58528.516,1.1e-05,Torr
2026-02-09T12:10:39.370972,58533.562,1.1e-05,Torr
2026-02-09T12:10:46.496009,58540.687,1.1e-05,Torr
2026-02-09T12:10:51.542018,58545.733,1.1e-05,Torr
2026-02-09T12:10:58.667148,58552.858,1.1e-05,Torr
2026-02-09T12:11:03.713082,58557.904,1.1e-05,Torr
2026-02-09T12:11:10.838134,58565.029,1.1e-05,Torr
2026-02-09T12:11:15.884133,58570.075,1.1e-05,Torr
2026-02-09T12:11:23.009128,58577.200,1.1e-05,Torr
2026-02-09T12:11:28.055252,58582.246,1.1e-05,Torr
2026-02-09T12:11:35.180339,58589.371,1.1e-05,Torr
2026-02-09T12:11:40.226291,58594.417,1.1e-05,Torr
2026-02-09T12:11:47.351289,58601.542,1.1e-05,Torr
2026-02-09T12:11:52.397289,58606.588,1.1e-05,Torr
2026-02-09T12:11:59.522320,58613.713,1.1e-05,Torr
2026-02-09T12:12:04.568335,58618.759,1.1e-05,Torr
2026-02-09T12:12:11.693351,58625.884,1.1e-05,Torr
2026-02-09T12:12:16.739581,58630.931,1.1e-05,Torr
2026-02-09T12:12:23.864412,58638.056,1.15e-05,Torr
2026-02-09T12:12:28.910451,58643.102,1.1e-05,Torr
2026-02-09T12:12:36.035511,58650.227,1.15e-05,Torr
2026-02-09T12:12:41.081580,58655.273,1.1e-05,Torr
2026-02-09T12:12:48.206544,58662.398,1.2e-05,Torr
2026-02-09T12:12:53.252588,58667.444,1.2e-05,Torr
2026-02-09T12:13:00.377637,58674.569,1.2e-05,Torr
2026-02-09T12:13:05.423611,58679.615,1.2e-05,Torr
2026-02-09T12:13:12.548636,58686.740,1.2e-05,Torr
2026-02-09T12:13:17.594691,58691.786,1.2e-05,Torr
2026-02-09T12:13:24.719744,58698.911,1.2e-05,Torr
2026-02-09T12:13:29.765953,58703.957,1.2e-05,Torr
2026-02-09T12:13:36.890796,58711.082,1.2e-05,Torr
2026-02-09T12:13:41.936862,58716.128,1.2e-05,Torr
2026-02-09T12:13:49.061820,58723.253,1.2e-05,Torr
2026-02-09T12:13:54.107829,58728.299,1.2e-05,Torr
2026-02-09T12:14:01.232874,58735.424,1.2e-05,Torr
2026-02-09T12:14:06.278883,58740.470,1.2e-05,Torr
2026-02-09T12:14:13.403927,58747.595,1.2e-05,Torr
2026-02-09T12:14:18.449951,58752.641,1.2e-05,Torr
2026-02-09T12:14:25.574968,58759.766,1.2499999999999999e-05,Torr
2026-02-09T12:14:30.620999,58764.812,1.2e-05,Torr
2026-02-09T12:14:37.746089,58771.937,1.2e-05,Torr
2026-02-09T12:14:42.792049,58776.983,1.3e-05,Torr
2026-02-09T12:14:49.917141,58784.108,1.3e-05,Torr
2026-02-09T12:14:54.963099,58789.154,1.3e-05,Torr
2026-02-09T12:15:02.088197,58796.279,1.3e-05,Torr
2026-02-09T12:15:07.134152,58801.325,1.3e-05,Torr
2026-02-09T12:15:14.259186,58808.450,1.3e-05,Torr
2026-02-09T12:15:19.305339,58813.496,1.3e-05,Torr
2026-02-09T12:15:26.430269,58820.621,1.3e-05,Torr
2026-02-09T12:15:31.476274,58825.667,1.3e-05,Torr
2026-02-09T12:15:38.601284,58832.792,1.3e-05,Torr
2026-02-09T12:15:43.647395,58837.839,1.3e-05,Torr
2026-02-09T12:15:50.772387,58844.964,1.3e-05,Torr
2026-02-09T12:15:55.818448,58850.010,1.3e-05,Torr
2026-02-09T12:16:02.943414,58857.135,1.3e-05,Torr
2026-02-09T12:16:07.989426,58862.181,1.3e-05,Torr
2026-02-09T12:16:15.114495,58869.306,1.35e-05,Torr
2026-02-09T12:16:20.160490,58874.352,1.4e-05,Torr
2026-02-09T12:16:27.285540,58881.477,1.4e-05,Torr
2026-02-09T12:16:32.331545,58886.523,1.4e-05,Torr
2026-02-09T12:16:39.456790,58893.648,1.4e-05,Torr
2026-02-09T12:16:44.502580,58898.694,1.4e-05,Torr
2026-02-09T12:16:51.627701,58905.819,1.4e-05,Torr
2026-02-09T12:16:56.673715,58910.865,1.4e-05,Torr
2026-02-09T12:17:03.798673,58917.990,1.4e-05,Torr
2026-02-09T12:17:08.844697,58923.036,1.4e-05,Torr
2026-02-09T12:17:15.969791,58930.161,1.4e-05,Torr
2026-02-09T12:17:21.015823,58935.207,1.4e-05,Torr
2026-02-09T12:17:28.140748,58942.332,1.4e-05,Torr
2026-02-09T12:17:33.186802,58947.378,1.4e-05,Torr
2026-02-09T12:17:40.311837,58954.503,1.4e-05,Torr
2026-02-09T12:17:45.357837,58959.549,1.4e-05,Torr
2026-02-09T12:17:52.482909,58966.674,1.4e-05,Torr
2026-02-09T12:17:57.528903,58971.720,1.4e-05,Torr
2026-02-09T12:18:04.653947,58978.845,1.4e-05,Torr
2026-02-09T12:18:09.700045,58983.891,1.5e-05,Torr
2026-02-09T12:18:16.824977,58991.016,1.45e-05,Torr
2026-02-09T12:18:21.871028,58996.062,1.5e-05,Torr
2026-02-09T12:18:28.996124,59003.187,1.5e-05,Torr
2026-02-09T12:18:34.042063,59008.233,1.5e-05,Torr
2026-02-09T12:18:41.167155,59015.358,1.5e-05,Torr
2026-02-09T12:18:46.213111,59020.404,1.5e-05,Torr
2026-02-09T12:18:53.338139,59027.529,1.5e-05,Torr
2026-02-09T12:18:58.384269,59032.575,1.5e-05,Torr
2026-02-09T12:19:05.509179,59039.700,1.5e-05,Torr
2026-02-09T12:19:10.555278,59044.746,1.5e-05,Torr
2026-02-09T12:19:17.680413,59051.872,1.5e-05,Torr
2026-02-09T12:19:22.726359,59056.917,1.5e-05,Torr
2026-02-09T12:19:29.851404,59064.043,1.5e-05,Torr
2026-02-09T12:19:34.897383,59069.089,1.5e-05,Torr
2026-02-09T12:19:42.022414,59076.214,1.55e-05,Torr
2026-02-09T12:19:47.068581,59081.260,1.6e-05,Torr
2026-02-09T12:19:54.193426,59088.385,1.6e-05,Torr
2026-02-09T12:19:59.239527,59093.431,1.6e-05,Torr
2026-02-09T12:20:06.364566,59100.556,1.6e-05,Torr
2026-02-09T12:20:11.410506,59105.602,1.6e-05,Torr
2026-02-09T12:20:18.535568,59112.727,1.6e-05,Torr
2026-02-09T12:20:23.581774,59117.773,1.6e-05,Torr
2026-02-09T12:20:30.706671,59124.898,1.6e-05,Torr
2026-02-09T12:20:35.752609,59129.944,1.6e-05,Torr
2026-02-09T12:20:42.877684,59137.069,1.6e-05,Torr
2026-02-09T12:20:47.923745,59142.115,1.6e-05,Torr
2026-02-09T12:20:55.048698,59149.240,1.6e-05,Torr
2026-02-09T12:21:00.094699,59154.286,1.7e-05,Torr
2026-02-09T12:21:07.219765,59161.411,1.7e-05,Torr
2026-02-09T12:21:12.265839,59166.457,1.7e-05,Torr
2026-02-09T12:21:19.390831,59173.582,1.7e-05,Torr
2026-02-09T12:21:24.436826,59178.628,1.7e-05,Torr
2026-02-09T12:21:31.561920,59185.753,1.7e-05,Torr
2026-02-09T12:21:36.607883,59190.799,1.7e-05,Torr
2026-02-09T12:21:43.732983,59197.924,1.7e-05,Torr
2026-02-09T12:21:48.778960,59202.970,1.7e-05,Torr
2026-02-09T12:21:55.904025,59210.095,1.7e-05,Torr
2026-02-09T12:22:00.949994,59215.141,1.7e-05,Torr
2026-02-09T12:22:08.075041,59222.266,1.7e-05,Torr
2026-02-09T12:22:13.121061,59227.312,1.7e-05,Torr
2026-02-09T12:22:20.246064,59234.437,1.8e-05,Torr
2026-02-09T12:22:25.292101,59239.483,1.7e-05,Torr
2026-02-09T12:22:32.417163,59246.608,1.75e-05,Torr
2026-02-09T12:22:37.463203,59251.654,1.8e-05,Torr
2026-02-09T12:22:44.588216,59258.779,1.75e-05,Torr
2026-02-09T12:22:49.634274,59263.825,1.8e-05,Torr
2026-02-09T12:22:56.759223,59270.950,1.8e-05,Torr
2026-02-09T12:23:01.805247,59275.996,1.8e-05,Torr
2026-02-09T12:23:08.930353,59283.121,1.8e-05,Torr
2026-02-09T12:23:13.976317,59288.167,1.8e-05,Torr
2026-02-09T12:23:21.101333,59295.292,1.8e-05,Torr
2026-02-09T12:23:26.147371,59300.339,1.8e-05,Torr
2026-02-09T12:23:33.272438,59307.464,1.8e-05,Torr
2026-02-09T12:23:38.318669,59312.510,1.8e-05,Torr
2026-02-09T12:23:45.443469,59319.635,1.8e-05,Torr
2026-02-09T12:23:50.489482,59324.681,1.8e-05,Torr
2026-02-09T12:23:57.614527,59331.806,1.8e-05,Torr
2026-02-09T12:24:02.660549,59336.852,1.9e-05,Torr
2026-02-09T12:24:09.785610,59343.977,1.9e-05,Torr
2026-02-09T12:24:14.831594,59349.023,1.9e-05,Torr
2026-02-09T12:24:21.956649,59356.148,1.9e-05,Torr
2026-02-09T12:24:27.002642,59361.194,1.9e-05,Torr
2026-02-09T12:24:34.127666,59368.319,1.9e-05,Torr
2026-02-09T12:24:39.173693,59373.365,1.9e-05,Torr
2026-02-09T12:24:46.298762,59380.490,1.9e-05,Torr
2026-02-09T12:24:51.344806,59385.536,1.9e-05,Torr
2026-02-09T12:24:58.469822,59392.661,1.9e-05,Torr
2026-02-09T12:25:03.515809,59397.707,2e-05,Torr
2026-02-09T12:25:10.640813,59404.832,2e-05,Torr
2026-02-09T12:25:15.686859,59409.878,2e-05,Torr
2026-02-09T12:25:22.811904,59417.003,2e-05,Torr
2026-02-09T12:25:27.857911,59422.049,2e-05,Torr
2026-02-09T12:25:34.982940,59429.174,2e-05,Torr
2026-02-09T12:25:40.028961,59434.220,2e-05,Torr
2026-02-09T12:25:47.154030,59441.345,2e-05,Torr
2026-02-09T12:25:52.200092,59446.391,2e-05,Torr
2026-02-09T12:25:59.325029,59453.516,2e-05,Torr
2026-02-09T12:26:04.371076,59458.562,2e-05,Torr
2026-02-09T12:26:11.496146,59465.687,2.1e-05,Torr
2026-02-09T12:26:16.542134,59470.733,2.1e-05,Torr
2026-02-09T12:26:23.667243,59477.858,2.1e-05,Torr
2026-02-09T12:26:28.713224,59482.904,2.1e-05,Torr
2026-02-09T12:26:35.838222,59490.029,2.1e-05,Torr
2026-02-09T12:26:40.884231,59495.075,2.1e-05,Torr
2026-02-09T12:26:48.009255,59502.200,2.1e-05,Torr
2026-02-09T12:26:53.055348,59507.246,2.1e-05,Torr
2026-02-09T12:27:00.180477,59514.372,2.15e-05,Torr
2026-02-09T12:27:05.226351,59519.417,2.2e-05,Torr
2026-02-09T12:27:12.351381,59526.543,2.2e-05,Torr
2026-02-09T12:27:17.397532,59531.589,2.2e-05,Torr
2026-02-09T12:27:24.522466,59538.714,2.2e-05,Torr
2026-02-09T12:27:29.568458,59543.760,2.2e-05,Torr
2026-02-09T12:27:36.693469,59550.885,2.2499999999999998e-05,Torr
2026-02-09T12:27:41.739529,59555.931,2.2e-05,Torr
2026-02-09T12:27:48.864580,59563.056,2.2499999999999998e-05,Torr
2026-02-09T12:27:53.910646,59568.102,2.2e-05,Torr
2026-02-09T12:28:01.035572,59575.227,2.3e-05,Torr
2026-02-09T12:28:06.081613,59580.273,2.3e-05,Torr
2026-02-09T12:28:13.206693,59587.398,2.3e-05,Torr
2026-02-09T12:28:18.252650,59592.444,2.3e-05,Torr
2026-02-09T12:28:25.377743,59599.569,2.3e-05,Torr
2026-02-09T12:28:30.423821,59604.615,2.3e-05,Torr
2026-02-09T12:28:37.548764,59611.740,2.3e-05,Torr
2026-02-09T12:28:42.594781,59616.786,2.4e-05,Torr
2026-02-09T12:28:49.719841,59623.911,2.4e-05,Torr
2026-02-09T12:28:54.766023,59628.957,2.4e-05,Torr
2026-02-09T12:29:01.890833,59636.082,2.4e-05,Torr
2026-02-09T12:29:06.936911,59641.128,2.4e-05,Torr
2026-02-09T12:29:14.061909,59648.253,2.4e-05,Torr
2026-02-09T12:29:19.108167,59653.299,2.4e-05,Torr
2026-02-09T12:29:26.233082,59660.424,2.45e-05,Torr
2026-02-09T12:29:31.279076,59665.470,2.5e-05,Torr
2026-02-09T12:29:38.404047,59672.595,2.5e-05,Torr
2026-02-09T12:29:43.450057,59677.641,2.5e-05,Torr
2026-02-09T12:29:50.575137,59684.766,2.5e-05,Torr
2026-02-09T12:29:55.621100,59689.812,2.5e-05,Torr
2026-02-09T12:30:02.746202,59696.937,2.5e-05,Torr
2026-02-09T12:30:07.792188,59701.983,2.5e-05,Torr
2026-02-09T12:30:14.917203,59709.108,2.5e-05,Torr
2026-02-09T12:30:19.963207,59714.154,2.5e-05,Torr
2026-02-09T12:30:27.088255,59721.279,2.55e-05,Torr
2026-02-09T12:30:32.134294,59726.325,2.6e-05,Torr
2026-02-09T12:30:39.259331,59733.450,2.6e-05,Torr
2026-02-09T12:30:44.305303,59738.496,2.6e-05,Torr
2026-02-09T12:30:51.430391,59745.622,2.6e-05,Torr
2026-02-09T12:30:56.476445,59750.668,2.6e-05,Torr
2026-02-09T12:31:03.601433,59757.793,2.65e-05,Torr
2026-02-09T12:31:08.647514,59762.839,2.7e-05,Torr
2026-02-09T12:31:15.772485,59769.964,2.7e-05,Torr
2026-02-09T12:31:20.818545,59775.010,2.7e-05,Torr
2026-02-09T12:31:27.943521,59782.135,2.7499999999999998e-05,Torr
2026-02-09T12:31:32.989528,59787.181,2.8e-05,Torr
2026-02-09T12:31:40.114589,59794.306,2.8e-05,Torr
2026-02-09T12:31:45.160571,59799.352,2.8e-05,Torr
2026-02-09T12:31:52.285644,59806.477,2.8e-05,Torr
2026-02-09T12:31:57.331657,59811.523,2.8e-05,Torr
2026-02-09T12:32:04.456680,59818.648,2.85e-05,Torr
2026-02-09T12:32:09.502696,59823.694,2.8e-05,Torr
2026-02-09T12:32:16.627764,59830.819,2.85e-05,Torr
2026-02-09T12:32:21.673747,59835.865,2.9e-05,Torr
2026-02-09T12:32:28.798781,59842.990,2.9e-05,Torr
2026-02-09T12:32:33.844798,59848.036,3e-05,Torr
2026-02-09T12:32:40.969836,59855.161,2.95e-05,Torr
2026-02-09T12:32:46.015890,59860.207,3e-05,Torr
2026-02-09T12:32:53.140911,59867.332,3e-05,Torr
2026-02-09T12:32:58.186903,59872.378,3e-05,Torr
2026-02-09T12:33:05.311979,59879.503,3e-05,Torr
2026-02-09T12:33:10.358181,59884.549,3.1e-05,Torr
2026-02-09T12:33:17.482990,59891.674,3.0500000000000003e-05,Torr
2026-02-09T12:33:22.529015,59896.720,3.1e-05,Torr
2026-02-09T12:33:29.654065,59903.845,3.1e-05,Torr
2026-02-09T12:33:34.700088,59908.891,3.1e-05,Torr
2026-02-09T12:33:41.825101,59916.016,3.2e-05,Torr
2026-02-09T12:33:46.871138,59921.062,3.2e-05,Torr
2026-02-09T12:33:53.996197,59928.187,3.2e-05,Torr
2026-02-09T12:33:59.042177,59933.233,3.2e-05,Torr
2026-02-09T12:34:06.167356,59940.358,3.2e-05,Torr
2026-02-09T12:34:11.213234,59945.404,3.2e-05,Torr
2026-02-09T12:34:18.338319,59952.529,3.3e-05,Torr
2026-02-09T12:34:23.384325,59957.575,3.3e-05,Torr
2026-02-09T12:34:30.509318,59964.700,3.3e-05,Torr
2026-02-09T12:34:35.555346,59969.746,3.3e-05,Torr
2026-02-09T12:34:42.680509,59976.872,3.4e-05,Torr
2026-02-09T12:34:47.726367,59981.918,3.3e-05,Torr
2026-02-09T12:34:54.851492,59989.043,3.4e-05,Torr
2026-02-09T12:34:59.897497,59994.089,3.4e-05,Torr
2026-02-09T12:35:07.022534,60001.214,3.4e-05,Torr
2026-02-09T12:35:12.068505,60006.260,3.4e-05,Torr
2026-02-09T12:35:19.193528,60013.385,3.45e-05,Torr
2026-02-09T12:35:24.239617,60018.431,3.5e-05,Torr
2026-02-09T12:35:31.364636,60025.556,3.5e-05,Torr
2026-02-09T12:35:36.410592,60030.602,3.6e-05,Torr
2026-02-09T12:35:43.535692,60037.727,3.5e-05,Torr
2026-02-09T12:35:48.581663,60042.773,3.6e-05,Torr
2026-02-09T12:35:55.706727,60049.898,3.6e-05,Torr
2026-02-09T12:36:00.752724,60054.944,3.6e-05,Torr
2026-02-09T12:36:07.877924,60062.069,3.6e-05,Torr
2026-02-09T12:36:12.923770,60067.115,3.7e-05,Torr
2026-02-09T12:36:20.048841,60074.240,3.7e-05,Torr
2026-02-09T12:36:25.094845,60079.286,3.7e-05,Torr
2026-02-09T12:36:32.219931,60086.411,3.7e-05,Torr
2026-02-09T12:36:37.266013,60091.457,3.8e-05,Torr
2026-02-09T12:36:44.390951,60098.582,3.8e-05,Torr
2026-02-09T12:36:49.436926,60103.628,3.8e-05,Torr
2026-02-09T12:36:56.561963,60110.753,3.8e-05,Torr
2026-02-09T12:37:01.608349,60115.799,3.8e-05,Torr
2026-02-09T12:37:08.733008,60122.924,3.9e-05,Torr
2026-02-09T12:37:13.779058,60127.970,3.9e-05,Torr
2026-02-09T12:37:20.904080,60135.095,3.9e-05,Torr
2026-02-09T12:37:25.950086,60140.141,3.9e-05,Torr
2026-02-09T12:37:33.075155,60147.266,4e-05,Torr
2026-02-09T12:37:38.121172,60152.312,4e-05,Torr
2026-02-09T12:37:45.246234,60159.437,4.05e-05,Torr
2026-02-09T12:37:50.292395,60164.484,4.1e-05,Torr
2026-02-09T12:37:57.417264,60171.608,4.1e-05,Torr
2026-02-09T12:38:02.463279,60176.654,4.1e-05,Torr
2026-02-09T12:38:09.588295,60183.779,4.15e-05,Torr
2026-02-09T12:38:14.634346,60188.825,4.1e-05,Torr
2026-02-09T12:38:21.759412,60195.951,4.1e-05,Torr
2026-02-09T12:38:26.805367,60200.997,4.2e-05,Torr
2026-02-09T12:38:33.930416,60208.122,4.25e-05,Torr
2026-02-09T12:38:38.976665,60213.168,4.2e-05,Torr
2026-02-09T12:38:46.101441,60220.293,4.3e-05,Torr
2026-02-09T12:38:51.147467,60225.339,4.3e-05,Torr
2026-02-09T12:38:58.272540,60232.464,4.3e-05,Torr
2026-02-09T12:39:03.318545,60237.510,4.3e-05,Torr
2026-02-09T12:39:10.443569,60244.635,4.35e-05,Torr
2026-02-09T12:39:15.489590,60249.681,4.4e-05,Torr
2026-02-09T12:39:22.614612,60256.806,4.4e-05,Torr
2026-02-09T12:39:27.660635,60261.852,4.4e-05,Torr
2026-02-09T12:39:34.785674,60268.977,4.45e-05,Torr
2026-02-09T12:39:39.831859,60274.023,4.5e-05,Torr
2026-02-09T12:39:46.956749,60281.148,4.6e-05,Torr
2026-02-09T12:39:52.002913,60286.194,4.6e-05,Torr
2026-02-09T12:39:59.127759,60293.319,4.6e-05,Torr
2026-02-09T12:40:04.173840,60298.365,4.6e-05,Torr
2026-02-09T12:40:11.298899,60305.490,4.6e-05,Torr
2026-02-09T12:40:16.344943,60310.536,4.6e-05,Torr
2026-02-09T12:40:23.469904,60317.661,4.7e-05,Torr
2026-02-09T12:40:28.515904,60322.707,4.7e-05,Torr
2026-02-09T12:40:35.640939,60329.832,4.75e-05,Torr
2026-02-09T12:40:40.686981,60334.878,4.8e-05,Torr
2026-02-09T12:40:47.811937,60342.003,4.8e-05,Torr
2026-02-09T12:40:52.858061,60347.049,4.8e-05,Torr
2026-02-09T12:40:59.983045,60354.174,4.85e-05,Torr
2026-02-09T12:41:05.029121,60359.220,4.8e-05,Torr
2026-02-09T12:41:12.154110,60366.345,5e-05,Torr
2026-02-09T12:41:17.200123,60371.391,4.9e-05,Torr
2026-02-09T12:41:24.325222,60378.516,4.95e-05,Torr
2026-02-09T12:41:29.371176,60383.562,5e-05,Torr
2026-02-09T12:41:36.496232,60390.687,5.05e-05,Torr
2026-02-09T12:41:41.542234,60395.733,5.1e-05,Torr
2026-02-09T12:41:48.667295,60402.858,5.1e-05,Torr
2026-02-09T12:41:53.713286,60407.904,5.1e-05,Torr
2026-02-09T12:42:00.838338,60415.029,5.15e-05,Torr
2026-02-09T12:42:05.884487,60420.076,5.1e-05,Torr
2026-02-09T12:42:13.009330,60427.200,5.25e-05,Torr
2026-02-09T12:42:18.055400,60432.247,5.2e-05,Torr
2026-02-09T12:42:25.180429,60439.372,5.3e-05,Torr
2026-02-09T12:42:30.226503,60444.418,5.3e-05,Torr
2026-02-09T12:42:37.351473,60451.543,5.4e-05,Torr
2026-02-09T12:42:42.397577,60456.589,5.4e-05,Torr
2026-02-09T12:42:49.522575,60463.714,5.5e-05,Torr
2026-02-09T12:42:54.568604,60468.760,5.5e-05,Torr
2026-02-09T12:43:01.693578,60475.885,5.5e-05,Torr
2026-02-09T12:43:06.739604,60480.931,5.5e-05,Torr
2026-02-09T12:43:13.864656,60488.056,5.6e-05,Torr
2026-02-09T12:43:18.910776,60493.102,5.6e-05,Torr
2026-02-09T12:43:26.035705,60500.227,6.3e-05,Torr
2026-02-09T12:43:31.081720,60505.273,6.5e-05,Torr
2026-02-09T12:43:38.206776,60512.398,6.6e-05,Torr
2026-02-09T12:43:43.252875,60517.444,6.7e-05,Torr
2026-02-09T12:43:50.377791,60524.569,6.7e-05,Torr
2026-02-09T12:43:55.423843,60529.615,6.8e-05,Torr
2026-02-09T12:44:02.548892,60536.740,6.9e-05,Torr
2026-02-09T12:44:07.594931,60541.786,6.9e-05,Torr
2026-02-09T12:44:14.719916,60548.911,6.95e-05,Torr
2026-02-09T12:44:19.765942,60553.957,7.1e-05,Torr
2026-02-09T12:44:26.890950,60561.082,7.1e-05,Torr
2026-02-09T12:44:31.937364,60566.129,7.1e-05,Torr
2026-02-09T12:44:39.061989,60573.253,7.2e-05,Torr
2026-02-09T12:44:44.108038,60578.299,7.3e-05,Torr
2026-02-09T12:44:51.233128,60585.424,7.3e-05,Torr
2026-02-09T12:44:56.279094,60590.470,7.4e-05,Torr
2026-02-09T12:45:03.404117,60597.595,7.45e-05,Torr
2026-02-09T12:45:08.450155,60602.641,7.5e-05,Torr
2026-02-09T12:45:15.575209,60609.766,7.45e-05,Torr
2026-02-09T12:45:20.621199,60614.812,7.4e-05,Torr
2026-02-09T12:45:27.746228,60621.937,7.6e-05,Torr
2026-02-09T12:45:32.792250,60626.983,7.6e-05,Torr
2026-02-09T12:45:39.917300,60634.108,7.75e-05,Torr
2026-02-09T12:45:44.963306,60639.154,7.8e-05,Torr
2026-02-09T12:45:52.088342,60646.279,7.85e-05,Torr
2026-02-09T12:45:57.134417,60651.326,8e-05,Torr
2026-02-09T12:46:04.259349,60658.450,8e-05,Torr
2026-02-09T12:46:09.305665,60663.497,8e-05,Torr
2026-02-09T12:46:16.430530,60670.622,8.1e-05,Torr
2026-02-09T12:46:21.476483,60675.668,8.1e-05,Torr
2026-02-09T12:46:28.601534,60682.793,8.2e-05,Torr
2026-02-09T12:46:33.647568,60687.839,8.3e-05,Torr
2026-02-09T12:46:40.772587,60694.964,8.3e-05,Torr
2026-02-09T12:46:45.818574,60700.010,8.3e-05,Torr
2026-02-09T12:46:52.943614,60707.135,8.35e-05,Torr
2026-02-09T12:46:57.989748,60712.181,8.5e-05,Torr
2026-02-09T12:47:05.114696,60719.306,8.6e-05,Torr
2026-02-09T12:47:10.160795,60724.352,8.6e-05,Torr
2026-02-09T12:47:17.285735,60731.477,8.7e-05,Torr
2026-02-09T12:47:22.331753,60736.523,8.9e-05,Torr
2026-02-09T12:47:29.456850,60743.648,8.950000000000001e-05,Torr
2026-02-09T12:47:34.502788,60748.694,8.9e-05,Torr
2026-02-09T12:47:41.627878,60755.819,9.15e-05,Torr
2026-02-09T12:47:46.673836,60760.865,9.2e-05,Torr
2026-02-09T12:47:53.798913,60767.990,9.25e-05,Torr
2026-02-09T12:47:58.844909,60773.036,9.3e-05,Torr
2026-02-09T12:48:05.969936,60780.161,9.400000000000001e-05,Torr
2026-02-09T12:48:11.016001,60785.207,9.5e-05,Torr
2026-02-09T12:48:18.141012,60792.332,9.55e-05,Torr
2026-02-09T12:48:23.187007,60797.378,9.6e-05,Torr
2026-02-09T12:48:30.312548,60804.504,9.6e-05,Torr
2026-02-09T12:48:35.358059,60809.549,9.7e-05,Torr
2026-02-09T12:48:42.483237,60816.674,9.850000000000001e-05,Torr
2026-02-09T12:48:47.529101,60821.720,9.9e-05,Torr
2026-02-09T12:48:54.654151,60828.845,9.95e-05,Torr
2026-02-09T12:48:59.700174,60833.891,0.0001,Torr
2026-02-09T12:49:06.825210,60841.016,0.0001,Torr
2026-02-09T12:49:11.871380,60846.063,0.0001,Torr
2026-02-09T12:49:18.996289,60853.187,0.0001,Torr
2026-02-09T12:49:24.042283,60858.233,0.0001,Torr
2026-02-09T12:49:31.167434,60865.359,0.0001,Torr
2026-02-09T12:49:36.213370,60870.405,0.0001,Torr
2026-02-09T12:49:43.338359,60877.529,0.0001,Torr
2026-02-09T12:49:48.384425,60882.576,0.00011,Torr
2026-02-09T12:49:55.509491,60889.701,0.00011,Torr
2026-02-09T12:50:00.555586,60894.747,0.00011,Torr
2026-02-09T12:50:07.680571,60901.872,0.00011,Torr
2026-02-09T12:50:12.726548,60906.918,0.00011,Torr
2026-02-09T12:50:19.851530,60914.043,0.00011,Torr
2026-02-09T12:50:24.897671,60919.089,0.00011,Torr
2026-02-09T12:50:32.022609,60926.214,0.00011,Torr
2026-02-09T12:50:37.068602,60931.260,0.00011,Torr
2026-02-09T12:50:44.193589,60938.385,0.00012,Torr
2026-02-09T12:50:49.239660,60943.431,0.00012,Torr
2026-02-09T12:50:56.364753,60950.556,0.00012,Torr
2026-02-09T12:51:01.410721,60955.602,0.00012,Torr
2026-02-09T12:51:08.535751,60962.727,0.00012,Torr
2026-02-09T12:51:13.581767,60967.773,0.00012,Torr
2026-02-09T12:51:20.706868,60974.898,0.00012,Torr
2026-02-09T12:51:25.752824,60979.944,0.00012,Torr
2026-02-09T12:51:32.877886,60987.069,0.00012,Torr
2026-02-09T12:51:37.923861,60992.115,0.00012,Torr
2026-02-09T12:51:45.048959,60999.240,0.00013,Torr
2026-02-09T12:51:50.094928,61004.286,0.00013,Torr
2026-02-09T12:51:57.219960,61011.411,0.00013,Torr
2026-02-09T12:52:02.265985,61016.457,0.00013,Torr
2026-02-09T12:52:09.391020,61023.582,0.00013,Torr
2026-02-09T12:52:14.437110,61028.628,0.00013,Torr
2026-02-09T12:52:21.562061,61035.753,0.00013,Torr
2026-02-09T12:52:26.608097,61040.799,0.00013,Torr
2026-02-09T12:52:33.733114,61047.924,0.00013499999999999997,Torr
2026-02-09T12:52:38.779136,61052.970,0.00014,Torr
2026-02-09T12:52:45.919795,61060.111,0.00014,Torr
2026-02-09T12:52:50.965821,61065.157,0.00014,Torr
2026-02-09T12:52:58.090837,61072.282,0.00014,Torr
2026-02-09T12:53:03.136882,61077.328,0.00014,Torr
2026-02-09T12:53:10.261956,61084.453,0.00014,Torr
2026-02-09T12:53:15.308004,61089.499,0.00014,Torr
2026-02-09T12:53:22.432963,61096.624,0.00015,Torr
2026-02-09T12:53:27.479024,61101.670,0.00015,Torr
2026-02-09T12:53:34.604009,61108.795,0.00015,Torr
2026-02-09T12:53:39.650147,61113.841,0.00015,Torr
2026-02-09T12:53:46.775100,61120.966,0.000155,Torr
2026-02-09T12:53:51.821094,61126.012,0.00015,Torr
2026-02-09T12:53:58.946157,61133.137,0.00015,Torr
2026-02-09T12:54:03.992240,61138.183,0.00016,Torr
2026-02-09T12:54:11.117191,61145.308,0.00016,Torr
2026-02-09T12:54:16.163208,61150.354,0.00016,Torr
2026-02-09T12:54:23.288242,61157.479,0.00016,Torr
2026-02-09T12:54:28.334251,61162.525,0.00016,Torr
2026-02-09T12:54:35.459315,61169.650,0.00017,Torr
2026-02-09T12:54:40.505306,61174.696,0.00017,Torr
2026-02-09T12:54:47.630376,61181.822,0.00017,Torr
2026-02-09T12:54:52.676478,61186.868,0.00017,Torr
2026-02-09T12:54:59.801434,61193.993,0.00017,Torr
2026-02-09T12:55:04.847447,61199.039,0.00017,Torr
2026-02-09T12:55:11.972420,61206.164,0.00017,Torr
2026-02-09T12:55:17.018470,61211.210,0.00017,Torr
2026-02-09T12:55:24.128475,61218.320,0.00017500000000000003,Torr
2026-02-09T12:55:29.174498,61223.366,0.00018,Torr
2026-02-09T12:55:36.299553,61230.491,0.00018,Torr
2026-02-09T12:55:41.345590,61235.537,0.00018,Torr
2026-02-09T12:55:49.486014,61243.677,0.00018,Torr
2026-02-09T12:55:54.532173,61248.723,0.00018,Torr
2026-02-09T12:56:01.657219,61255.848,0.000185,Torr
2026-02-09T12:56:06.703220,61260.894,0.00019,Torr
2026-02-09T12:56:13.828322,61268.019,0.00019,Torr
2026-02-09T12:56:18.874424,61273.066,0.00019,Torr
2026-02-09T12:56:25.999357,61280.190,0.00019,Torr
2026-02-09T12:56:31.045329,61285.236,0.00019,Torr
2026-02-09T12:56:38.170462,61292.362,0.00019,Torr
2026-02-09T12:56:43.216385,61297.408,0.00019,Torr
2026-02-09T12:56:50.341464,61304.533,0.00019500000000000002,Torr
2026-02-09T12:56:55.387596,61309.579,0.00019,Torr
2026-02-09T12:57:02.512563,61316.704,0.00019500000000000002,Torr
2026-02-09T12:57:07.558784,61321.750,0.00019,Torr
2026-02-09T12:57:14.683525,61328.875,0.0002,Torr
2026-02-09T12:57:19.729608,61333.921,0.00021,Torr
2026-02-09T12:57:26.854531,61341.046,0.00021,Torr
2026-02-09T12:57:31.900784,61346.092,0.00021,Torr
2026-02-09T12:57:39.025648,61353.217,0.00021,Torr
2026-02-09T12:57:44.071658,61358.263,0.00021,Torr
2026-02-09T12:57:51.196723,61365.388,0.00021,Torr
2026-02-09T12:57:56.242894,61370.434,0.00021,Torr
2026-02-09T12:58:03.367757,61377.559,0.00022,Torr
2026-02-09T12:58:08.413779,61382.605,0.00022,Torr
2026-02-09T12:58:15.538814,61389.730,0.00022,Torr
2026-02-09T12:58:20.584826,61394.776,0.00022,Torr
2026-02-09T12:58:27.709875,61401.901,0.00022,Torr
2026-02-09T12:58:32.756012,61406.947,0.00022,Torr
2026-02-09T12:58:39.880974,61414.072,0.000225,Torr
2026-02-09T12:58:44.926936,61419.118,0.00023,Torr
2026-02-09T12:58:52.051951,61426.243,0.00023,Torr
2026-02-09T12:58:57.097984,61431.289,0.00023,Torr
2026-02-09T12:59:04.223037,61438.414,0.00023500000000000002,Torr
2026-02-09T12:59:09.269044,61443.460,0.00024,Torr
2026-02-09T12:59:16.394115,61450.585,0.00024,Torr
2026-02-09T12:59:21.440243,61455.631,0.00024,Torr
2026-02-09T12:59:28.565147,61462.756,0.00024,Torr
2026-02-09T12:59:33.611176,61467.802,0.00025,Torr
2026-02-09T12:59:40.736224,61474.927,0.00025,Torr
2026-02-09T12:59:45.782197,61479.973,0.00025,Torr
2026-02-09T12:59:52.907251,61487.098,0.00026,Torr
2026-02-09T12:59:57.953390,61492.145,0.00026,Torr
2026-02-09T13:00:05.078321,61499.269,0.00026,Torr
2026-02-09T13:00:10.124295,61504.315,0.00026,Torr
2026-02-09T13:00:17.249357,61511.440,0.000265,Torr
2026-02-09T13:00:22.295378,61516.487,0.00026,Torr
2026-02-09T13:00:29.420440,61523.612,0.00027,Torr
2026-02-09T13:00:34.466410,61528.658,0.00027,Torr
2026-02-09T13:00:41.591446,61535.783,0.00027,Torr
2026-02-09T13:00:46.637585,61540.829,0.00028,Torr
2026-02-09T13:00:53.762568,61547.954,0.00028,Torr
2026-02-09T13:00:58.808497,61553.000,0.00028,Torr
2026-02-09T13:01:05.933537,61560.125,0.00028,Torr
2026-02-09T13:01:10.979711,61565.171,0.00029,Torr
2026-02-09T13:01:18.104664,61572.296,0.00029,Torr
2026-02-09T13:01:23.150630,61577.342,0.00029,Torr
2026-02-09T13:01:30.291345,61584.482,0.000295,Torr
2026-02-09T13:01:35.337291,61589.528,0.0003,Torr
2026-02-09T13:01:42.462408,61596.654,0.0003,Torr
2026-02-09T13:01:47.508388,61601.700,0.0003,Torr
2026-02-09T13:01:54.633394,61608.825,0.00031,Torr
2026-02-09T13:01:59.679471,61613.871,0.00031,Torr
2026-02-09T13:02:06.804471,61620.996,0.00031,Torr
2026-02-09T13:02:11.850463,61626.042,0.00032,Torr
2026-02-09T13:02:18.975479,61633.167,0.00032,Torr
2026-02-09T13:02:24.021507,61638.213,0.00032,Torr
2026-02-09T13:02:31.147048,61645.338,0.00033,Torr
2026-02-09T13:02:36.192751,61650.384,0.00033,Torr
2026-02-09T13:02:43.317598,61657.509,0.000335,Torr
2026-02-09T13:02:48.363668,61662.555,0.00033,Torr
2026-02-09T13:02:55.488687,61669.680,0.00034,Torr
2026-02-09T13:03:00.534683,61674.726,0.00035,Torr
2026-02-09T13:03:07.659770,61681.851,0.00035,Torr
2026-02-09T13:03:12.705740,61686.897,0.00035,Torr
2026-02-09T13:03:19.830804,61694.022,0.000355,Torr
2026-02-09T13:03:24.876797,61699.068,0.00035,Torr
2026-02-09T13:03:32.001806,61706.193,0.00036,Torr
2026-02-09T13:03:37.047846,61711.239,0.00036,Torr
2026-02-09T13:03:44.172828,61718.364,0.000365,Torr
2026-02-09T13:03:49.218901,61723.410,0.00037,Torr
2026-02-09T13:03:56.343946,61730.535,0.000375,Torr
2026-02-09T13:04:01.390041,61735.581,0.00038,Torr
2026-02-09T13:04:08.514953,61742.706,0.00038500000000000003,Torr
2026-02-09T13:04:13.561012,61747.752,0.00039,Torr
2026-02-09T13:04:20.686049,61754.877,0.00039,Torr
2026-02-09T13:04:25.732147,61759.923,0.0004,Torr
2026-02-09T13:04:32.857140,61767.048,0.0004,Torr
2026-02-09T13:04:37.903168,61772.094,0.00041,Torr
2026-02-09T13:04:45.028163,61779.219,0.00041,Torr
2026-02-09T13:04:50.074173,61784.265,0.00041,Torr
2026-02-09T13:04:57.199209,61791.390,0.000415,Torr
2026-02-09T13:05:02.245287,61796.436,0.00042,Torr
2026-02-09T13:05:09.370294,61803.561,0.00042,Torr
2026-02-09T13:05:14.416277,61808.607,0.00043,Torr
2026-02-09T13:05:21.541360,61815.732,0.000435,Torr
2026-02-09T13:05:26.587327,61820.778,0.00043,Torr
2026-02-09T13:05:33.697720,61827.889,0.00023,Torr
2026-02-09T13:05:38.743865,61832.935,1.2e-05,Torr
2026-02-09T13:05:45.868891,61840.060,1.025e-05,Torr
2026-02-09T13:05:50.914859,61845.106,8.9e-06,Torr
2026-02-09T13:05:58.039857,61852.231,7.899999999999999e-06,Torr
2026-02-09T13:06:03.085883,61857.277,7.3e-06,Torr
2026-02-09T13:06:10.210901,61864.402,6.9e-06,Torr
2026-02-09T13:06:15.256921,61869.448,6.6e-06,Torr
2026-02-09T13:06:22.381981,61876.573,6.2e-06,Torr
2026-02-09T13:06:27.428069,61881.619,6e-06,Torr
2026-02-09T13:06:34.553047,61888.744,5.75e-06,Torr
2026-02-09T13:06:39.599117,61893.790,6.2e-06,Torr
2026-02-09T13:06:46.724072,61900.915,6.2499999999999995e-06,Torr
2026-02-09T13:06:51.770134,61905.961,5.8e-06,Torr
2026-02-09T13:06:58.895156,61913.086,5.5e-06,Torr
2026-02-09T13:07:03.941152,61918.132,5.3e-06,Torr
2026-02-09T13:07:11.066185,61925.257,5.15e-06,Torr
2026-02-09T13:07:16.112246,61930.303,5e-06,Torr
2026-02-09T13:07:23.237252,61937.428,4.9e-06,Torr
2026-02-09T13:07:28.283253,61942.474,4.9e-06,Torr
2026-02-09T13:07:35.408341,61949.599,4.849999999999999e-06,Torr
2026-02-09T13:07:40.454340,61954.645,4.7e-06,Torr
2026-02-09T13:07:47.579354,61961.770,4.7e-06,Torr
2026-02-09T13:07:52.625350,61966.816,4.7e-06,Torr
2026-02-09T13:07:59.750435,61973.942,4.6499999999999995e-06,Torr
2026-02-09T13:08:04.796418,61978.988,4.7e-06,Torr
2026-02-09T13:08:11.921478,61986.113,4.6499999999999995e-06,Torr
2026-02-09T13:08:16.967469,61991.159,4.6e-06,Torr
2026-02-09T13:08:24.092540,61998.284,4.5e-06,Torr
2026-02-09T13:08:29.138581,62003.330,4.5e-06,Torr
2026-02-09T13:08:36.263615,62010.455,4.5e-06,Torr
2026-02-09T13:08:41.309660,62015.501,4.5e-06,Torr
2026-02-09T13:08:48.434596,62022.626,4.5e-06,Torr
2026-02-09T13:08:53.480671,62027.672,4.5e-06,Torr
2026-02-09T13:09:00.605680,62034.797,4.5e-06,Torr
2026-02-09T13:09:05.651708,62039.843,4.5e-06,Torr
2026-02-09T13:09:12.776726,62046.968,4.5e-06,Torr
2026-02-09T13:09:17.822801,62052.014,4.5e-06,Torr
2026-02-09T13:09:24.947775,62059.139,4.5e-06,Torr
2026-02-09T13:09:29.993862,62064.185,4.5e-06,Torr
2026-02-09T13:09:37.118810,62071.310,4.5e-06,Torr
2026-02-09T13:09:42.164929,62076.356,4.5e-06,Torr
2026-02-09T13:09:49.289932,62083.481,4.5e-06,Torr
2026-02-09T13:09:54.335922,62088.527,4.5e-06,Torr
2026-02-09T13:10:01.460943,62095.652,4.5e-06,Torr
2026-02-09T13:10:06.507045,62100.698,4.5e-06,Torr
2026-02-09T13:10:13.632066,62107.823,4.5e-06,Torr
2026-02-09T13:10:18.678323,62112.869,4.5e-06,Torr
2026-02-09T13:10:25.803011,62119.994,4.5500000000000005e-06,Torr
2026-02-09T13:10:30.849065,62125.040,4.6e-06,Torr
2026-02-09T13:10:37.974146,62132.165,4.5500000000000005e-06,Torr
2026-02-09T13:10:43.020117,62137.211,4.6e-06,Torr
2026-02-09T13:10:50.145215,62144.336,4.6e-06,Torr
2026-02-09T13:10:55.191444,62149.383,4.7e-06,Torr
2026-02-09T13:11:02.316215,62156.507,4.6499999999999995e-06,Torr
2026-02-09T13:11:07.362263,62161.553,4.6e-06,Torr
2026-02-09T13:11:14.487299,62168.678,4.6499999999999995e-06,Torr
2026-02-09T13:11:19.533277,62173.724,4.6e-06,Torr
2026-02-09T13:11:26.658283,62180.849,4.6499999999999995e-06,Torr
2026-02-09T13:11:31.704328,62185.895,4.6e-06,Torr
2026-02-09T13:11:38.829397,62193.021,4.7e-06,Torr
2026-02-09T13:11:43.875398,62198.067,4.7e-06,Torr
2026-02-09T13:11:51.000425,62205.192,4.7e-06,Torr
2026-02-09T13:11:56.046440,62210.238,4.7e-06,Torr
2026-02-09T13:12:03.171622,62217.363,4.6499999999999995e-06,Torr
2026-02-09T13:12:08.217493,62222.409,4.7e-06,Torr
2026-02-09T13:12:15.342529,62229.534,4.7e-06,Torr
2026-02-09T13:12:20.388552,62234.580,4.7e-06,Torr
2026-02-09T13:12:27.513613,62241.705,4.7e-06,Torr
2026-02-09T13:12:32.559784,62246.751,4.9e-06,Torr
2026-02-09T13:12:39.684630,62253.876,4.9e-06,Torr
2026-02-09T13:12:44.730724,62258.922,4.8e-06,Torr
2026-02-09T13:12:51.855700,62266.047,4.849999999999999e-06,Torr
2026-02-09T13:12:56.901710,62271.093,4.8e-06,Torr
2026-02-09T13:13:04.026754,62278.218,4.75e-06,Torr
2026-02-09T13:13:09.072938,62283.264,4.8e-06,Torr
2026-02-09T13:13:16.197815,62290.389,4.8e-06,Torr
2026-02-09T13:13:21.243872,62295.435,4.8e-06,Torr
2026-02-09T13:13:28.368815,62302.560,4.8e-06,Torr
2026-02-09T13:13:33.414871,62307.606,4.7e-06,Torr
2026-02-09T13:13:40.539932,62314.731,4.9e-06,Torr
2026-02-09T13:13:45.585951,62319.777,4.8e-06,Torr
2026-02-09T13:13:52.710984,62326.902,4.9e-06,Torr
2026-02-09T13:13:57.757151,62331.948,4.9e-06,Torr
2026-02-09T13:14:04.882016,62339.073,4.9e-06,Torr
2026-02-09T13:14:09.928318,62344.119,4.9e-06,Torr
2026-02-09T13:14:17.053043,62351.244,4.9e-06,Torr
2026-02-09T13:14:22.099161,62356.290,4.9e-06,Torr
2026-02-09T13:14:29.224167,62363.415,4.9e-06,Torr
2026-02-09T13:14:34.270141,62368.461,4.9e-06,Torr
2026-02-09T13:14:41.395215,62375.586,4.9e-06,Torr
2026-02-09T13:14:46.441288,62380.632,4.9e-06,Torr
2026-02-09T13:14:53.566224,62387.757,4.9e-06,Torr
2026-02-09T13:14:58.612265,62392.803,4.9e-06,Torr
2026-02-09T13:15:05.737328,62399.928,4.9e-06,Torr
2026-02-09T13:15:10.783307,62404.974,4.9e-06,Torr
2026-02-09T13:15:17.908410,62412.100,4.95e-06,Torr
2026-02-09T13:15:22.954408,62417.146,5e-06,Torr
2026-02-09T13:15:30.079434,62424.271,5e-06,Torr
2026-02-09T13:15:35.125633,62429.317,5e-06,Torr
2026-02-09T13:15:42.250460,62436.442,4.95e-06,Torr
2026-02-09T13:15:47.296537,62441.488,4.9e-06,Torr
2026-02-09T13:15:54.421494,62448.613,4.9999999999999996e-06,Torr
2026-02-09T13:15:59.467515,62453.659,5e-06,Torr
2026-02-09T13:16:06.592569,62460.784,4.95e-06,Torr
2026-02-09T13:16:11.638621,62465.830,5e-06,Torr
2026-02-09T13:16:18.763662,62472.955,5.050000000000001e-06,Torr
2026-02-09T13:16:23.809699,62478.001,5e-06,Torr
2026-02-09T13:16:30.934731,62485.126,5.1e-06,Torr
2026-02-09T13:16:35.980684,62490.172,5.1e-06,Torr
2026-02-09T13:16:43.105745,62497.297,5.050000000000001e-06,Torr
2026-02-09T13:16:48.151773,62502.343,5.1e-06,Torr
2026-02-09T13:16:55.276774,62509.468,5.050000000000001e-06,Torr
2026-02-09T13:17:00.322852,62514.514,5.1e-06,Torr
2026-02-09T13:17:07.447866,62521.639,5.1e-06,Torr
2026-02-09T13:17:12.494048,62526.685,5e-06,Torr
2026-02-09T13:17:19.618838,62533.810,5.050000000000001e-06,Torr
2026-02-09T13:17:24.664904,62538.856,5e-06,Torr
2026-02-09T13:17:31.789943,62545.981,5.1e-06,Torr
2026-02-09T13:17:36.835976,62551.027,5.1e-06,Torr
2026-02-09T13:17:43.961012,62558.152,5.1e-06,Torr
2026-02-09T13:17:49.007008,62563.198,5e-06,Torr
2026-02-09T13:17:56.132027,62570.323,5.1e-06,Torr
2026-02-09T13:18:01.178257,62575.369,5.1e-06,Torr
2026-02-09T13:18:08.303072,62582.494,5.1e-06,Torr
2026-02-09T13:18:13.349106,62587.540,5.1e-06,Torr
2026-02-09T13:18:20.474194,62594.665,5.1e-06,Torr
2026-02-09T13:18:25.520310,62599.711,5.1e-06,Torr
2026-02-09T13:18:32.645321,62606.836,5.1e-06,Torr
2026-02-09T13:18:37.691294,62611.882,5.1e-06,Torr
2026-02-09T13:18:44.816217,62619.007,5.1e-06,Torr
2026-02-09T13:18:49.862276,62624.053,5.1e-06,Torr
2026-02-09T13:18:56.987380,62631.179,5.1e-06,Torr
2026-02-09T13:19:02.033330,62636.224,5.1e-06,Torr
2026-02-09T13:19:09.158314,62643.349,5.1e-06,Torr
2026-02-09T13:19:14.204385,62648.396,5.1e-06,Torr
2026-02-09T13:19:21.329434,62655.521,5.1e-06,Torr
2026-02-09T13:19:26.375486,62660.567,5.1e-06,Torr
2026-02-09T13:19:33.500517,62667.692,5.1e-06,Torr
2026-02-09T13:19:38.546492,62672.738,5.2e-06,Torr
2026-02-09T13:19:45.671681,62679.863,5.2e-06,Torr
2026-02-09T13:19:50.717590,62684.909,5.2e-06,Torr
2026-02-09T13:19:57.842557,62692.034,5.2e-06,Torr
2026-02-09T13:20:02.888602,62697.080,5.2e-06,Torr
2026-02-09T13:20:10.013667,62704.205,5.15e-06,Torr
2026-02-09T13:20:15.059653,62709.251,5.2e-06,Torr
2026-02-09T13:20:22.184669,62716.376,5.15e-06,Torr
2026-02-09T13:20:27.230709,62721.422,5.1e-06,Torr
2026-02-09T13:20:34.355785,62728.547,5.15e-06,Torr
2026-02-09T13:20:39.401877,62733.593,5.1e-06,Torr
2026-02-09T13:20:46.526804,62740.718,5.15e-06,Torr
2026-02-09T13:20:51.572814,62745.764,5.2e-06,Torr
2026-02-09T13:20:58.697849,62752.889,5.7e-06,Torr
2026-02-09T13:21:03.743863,62757.935,5.5e-06,Torr
2026-02-09T13:21:10.868871,62765.060,5.3e-06,Torr
2026-02-09T13:21:15.914915,62770.106,5.3e-06,Torr
2026-02-09T13:21:23.039994,62777.231,5.3e-06,Torr
2026-02-09T13:21:28.086020,62782.277,5.3e-06,Torr
2026-02-09T13:21:35.211056,62789.402,5.2500000000000006e-06,Torr
2026-02-09T13:21:40.257030,62794.448,5.2e-06,Torr
2026-02-09T13:21:47.382056,62801.573,5.2500000000000006e-06,Torr
2026-02-09T13:21:52.428161,62806.619,5.2e-06,Torr
2026-02-09T13:21:59.553159,62813.744,5.15e-06,Torr
2026-02-09T13:22:04.599173,62818.790,5.3e-06,Torr
2026-02-09T13:22:11.724150,62825.915,5.2500000000000006e-06,Torr
2026-02-09T13:22:16.770205,62830.961,5.2e-06,Torr
2026-02-09T13:22:23.895237,62838.086,5.2500000000000006e-06,Torr
2026-02-09T13:22:28.941441,62843.133,5.2e-06,Torr
2026-02-09T13:22:36.066277,62850.257,5.2500000000000006e-06,Torr
2026-02-09T13:22:41.112284,62855.303,5.2e-06,Torr
2026-02-09T13:22:48.237342,62862.428,5.2e-06,Torr
2026-02-09T13:22:53.283429,62867.475,5.3e-06,Torr
2026-02-09T13:23:00.408421,62874.600,5.2500000000000006e-06,Torr
2026-02-09T13:23:05.454412,62879.646,5.3e-06,Torr
2026-02-09T13:23:12.579490,62886.771,5.3e-06,Torr
2026-02-09T13:23:17.625465,62891.817,5.3e-06,Torr
2026-02-09T13:23:24.750511,62898.942,5.2500000000000006e-06,Torr
2026-02-09T13:23:29.796529,62903.988,5.2e-06,Torr
2026-02-09T13:23:36.921560,62911.113,5.2e-06,Torr
2026-02-09T13:23:41.967577,62916.159,5.2e-06,Torr
2026-02-09T13:23:49.092675,62923.284,5.3e-06,Torr
2026-02-09T13:23:54.138629,62928.330,5.3e-06,Torr
2026-02-09T13:24:01.263716,62935.455,5.2500000000000006e-06,Torr
2026-02-09T13:24:06.309781,62940.501,5.3e-06,Torr
2026-02-09T13:24:13.434807,62947.626,5.3e-06,Torr
2026-02-09T13:24:18.480862,62952.672,5.3e-06,Torr
2026-02-09T13:24:25.605824,62959.797,5.3e-06,Torr
2026-02-09T13:24:30.651769,62964.843,5.3e-06,Torr
2026-02-09T13:24:37.776847,62971.968,5.3e-06,Torr
2026-02-09T13:24:42.822878,62977.014,5.3e-06,Torr
2026-02-09T13:24:49.947937,62984.139,5.3e-06,Torr
2026-02-09T13:24:54.994143,62989.185,5.3e-06,Torr
2026-02-09T13:25:02.118947,62996.310,5.3e-06,Torr
2026-02-09T13:25:07.164968,63001.356,5.3e-06,Torr
2026-02-09T13:25:14.289961,63008.481,5.3e-06,Torr
2026-02-09T13:25:19.336025,63013.527,5.3e-06,Torr
2026-02-09T13:25:26.461026,63020.652,5.3e-06,Torr
2026-02-09T13:25:31.507107,63025.698,5.3e-06,Torr
2026-02-09T13:25:38.632092,63032.823,5.3e-06,Torr
2026-02-09T13:25:43.678116,63037.869,5.3e-06,Torr
2026-02-09T13:25:50.803117,63044.994,5.3e-06,Torr
2026-02-09T13:25:55.849220,63050.040,5.3e-06,Torr
2026-02-09T13:26:02.974171,63057.165,5.3e-06,Torr
2026-02-09T13:26:08.020211,63062.211,5.3e-06,Torr
2026-02-09T13:26:15.145302,63069.336,5.3e-06,Torr
2026-02-09T13:26:20.191318,63074.382,5.4e-06,Torr
2026-02-09T13:26:27.316368,63081.508,5.3e-06,Torr
2026-02-09T13:26:32.362333,63086.553,5.4e-06,Torr
2026-02-09T13:26:39.487613,63093.679,5.35e-06,Torr
2026-02-09T13:26:44.533540,63098.725,5.4e-06,Torr
2026-02-09T13:26:51.658448,63105.850,5.3e-06,Torr
2026-02-09T13:26:56.704534,63110.896,5.3e-06,Torr
2026-02-09T13:27:03.829453,63118.021,5.35e-06,Torr
2026-02-09T13:27:08.875492,63123.067,5.3e-06,Torr
2026-02-09T13:27:16.000557,63130.192,5.4e-06,Torr
2026-02-09T13:27:21.046586,63135.238,5.4e-06,Torr
2026-02-09T13:27:28.171672,63142.363,5.3e-06,Torr
2026-02-09T13:27:33.217574,63147.409,5.4e-06,Torr
2026-02-09T13:27:40.342673,63154.534,5.35e-06,Torr
2026-02-09T13:27:45.388856,63159.580,5.4e-06,Torr
2026-02-09T13:27:52.513690,63166.705,5.45e-06,Torr
2026-02-09T13:27:57.559867,63171.751,5.4e-06,Torr
2026-02-09T13:28:04.684755,63178.876,5.4e-06,Torr
2026-02-09T13:28:09.730775,63183.922,5.4e-06,Torr
2026-02-09T13:28:16.855825,63191.047,5.45e-06,Torr
2026-02-09T13:28:21.901808,63196.093,5.4e-06,Torr
2026-02-09T13:28:29.026935,63203.218,5.4e-06,Torr
2026-02-09T13:28:34.072920,63208.264,5.4e-06,Torr
2026-02-09T13:28:41.197892,63215.389,5.45e-06,Torr
2026-02-09T13:28:46.243916,63220.435,5.4e-06,Torr
2026-02-09T13:28:53.368967,63227.560,5.45e-06,Torr
2026-02-09T13:28:58.414977,63232.606,5.4e-06,Torr
2026-02-09T13:29:05.540041,63239.731,5.45e-06,Torr
2026-02-09T13:29:10.586041,63244.777,5.4e-06,Torr
2026-02-09T13:29:17.711040,63251.902,5.45e-06,Torr
2026-02-09T13:29:22.757195,63256.948,5.4e-06,Torr
2026-02-09T13:29:29.882225,63264.073,5.45e-06,Torr
2026-02-09T13:29:34.928157,63269.119,5.5e-06,Torr
2026-02-09T13:29:42.053212,63276.244,5.45e-06,Torr
2026-02-09T13:29:47.099343,63281.290,5.5e-06,Torr
2026-02-09T13:29:54.224231,63288.415,5.45e-06,Torr
2026-02-09T13:29:59.270425,63293.462,5.5e-06,Torr
2026-02-09T13:30:06.395291,63300.586,5.45e-06,Torr
2026-02-09T13:30:11.441300,63305.632,5.4e-06,Torr
2026-02-09T13:30:18.566306,63312.757,5.45e-06,Torr
2026-02-09T13:30:23.612383,63317.804,5.5e-06,Torr
2026-02-09T13:30:30.737415,63324.929,5.45e-06,Torr
2026-02-09T13:30:35.783399,63329.975,5.5e-06,Torr
2026-02-09T13:30:42.908444,63337.100,5.45e-06,Torr
2026-02-09T13:30:47.954476,63342.146,5.5e-06,Torr
2026-02-09T13:30:55.079474,63349.271,5.5e-06,Torr
2026-02-09T13:31:00.125516,63354.317,5.5e-06,Torr
2026-02-09T13:31:07.250546,63361.442,5.45e-06,Torr
2026-02-09T13:31:12.296581,63366.488,5.4e-06,Torr
2026-02-09T13:31:19.421624,63373.613,5.5e-06,Torr
2026-02-09T13:31:24.467623,63378.659,5.4e-06,Torr
2026-02-09T13:31:31.592719,63385.784,5.5e-06,Torr
2026-02-09T13:31:36.638820,63390.830,5.5e-06,Torr
2026-02-09T13:31:43.763695,63397.955,5.5e-06,Torr
2026-02-09T13:31:48.809733,63403.001,5.4e-06,Torr
2026-02-09T13:31:55.934805,63410.126,5.5e-06,Torr
2026-02-09T13:32:00.980902,63415.172,5.5e-06,Torr
2026-02-09T13:32:08.105838,63422.297,5.549999999999999e-06,Torr
2026-02-09T13:32:13.151847,63427.343,5.6e-06,Torr
2026-02-09T13:32:20.276843,63434.468,5.549999999999999e-06,Torr
2026-02-09T13:32:25.322942,63439.514,5.5e-06,Torr
2026-02-09T13:32:32.448055,63446.639,5.549999999999999e-06,Torr
2026-02-09T13:32:37.493990,63451.685,5.6e-06,Torr
2026-02-09T13:32:44.619036,63458.810,5.6e-06,Torr
2026-02-09T13:32:49.665001,63463.856,5.6e-06,Torr
2026-02-09T13:32:56.790083,63470.981,5.6e-06,Torr
2026-02-09T13:33:01.836056,63476.027,5.6e-06,Torr
2026-02-09T13:33:08.961141,63483.152,5.6e-06,Torr
2026-02-09T13:33:14.007263,63488.198,5.6e-06,Torr
2026-02-09T13:33:21.132150,63495.323,5.65e-06,Torr
2026-02-09T13:33:26.178159,63500.369,5.7e-06,Torr
2026-02-09T13:33:33.303196,63507.494,5.7e-06,Torr
2026-02-09T13:33:38.349331,63512.540,5.7e-06,Torr
2026-02-09T13:33:45.474288,63519.665,5.65e-06,Torr
2026-02-09T13:33:50.520337,63524.711,5.6e-06,Torr
2026-02-09T13:33:57.645310,63531.836,5.7e-06,Torr
2026-02-09T13:34:02.691385,63536.883,5.6e-06,Torr
2026-02-09T13:34:09.816388,63544.008,5.8e-06,Torr
2026-02-09T13:34:14.862422,63549.054,5.9e-06,Torr
2026-02-09T13:34:21.987441,63556.179,5.8e-06,Torr
2026-02-09T13:34:27.033423,63561.225,5.7e-06,Torr
2026-02-09T13:34:34.158492,63568.350,5.7e-06,Torr
2026-02-09T13:34:39.204556,63573.396,5.7e-06,Torr
2026-02-09T13:34:46.329526,63580.521,5.7e-06,Torr
2026-02-09T13:34:51.375547,63585.567,5.7e-06,Torr
2026-02-09T13:34:58.500610,63592.692,5.7e-06,Torr
2026-02-09T13:35:03.546597,63597.738,5.7e-06,Torr
2026-02-09T13:35:10.671718,63604.863,5.7e-06,Torr
2026-02-09T13:35:15.717645,63609.909,5.7e-06,Torr
2026-02-09T13:35:22.842704,63617.034,5.7e-06,Torr
2026-02-09T13:35:27.888716,63622.080,5.7e-06,Torr
2026-02-09T13:35:35.013832,63629.205,5.7e-06,Torr
2026-02-09T13:35:40.059761,63634.251,5.7e-06,Torr
2026-02-09T13:35:47.184892,63641.376,5.7e-06,Torr
2026-02-09T13:35:52.230812,63646.422,5.7e-06,Torr
2026-02-09T13:35:59.355895,63653.547,5.7e-06,Torr
2026-02-09T13:36:04.401983,63658.593,5.7e-06,Torr
2026-02-09T13:36:11.526932,63665.718,5.7e-06,Torr
2026-02-09T13:36:16.573160,63670.764,5.7e-06,Torr
2026-02-09T13:36:23.697961,63677.889,5.7e-06,Torr
2026-02-09T13:36:28.743972,63682.935,5.7e-06,Torr
2026-02-09T13:36:35.869036,63690.060,5.75e-06,Torr
2026-02-09T13:36:40.915062,63695.106,5.7e-06,Torr
2026-02-09T13:36:48.040079,63702.231,5.75e-06,Torr
2026-02-09T13:36:53.086057,63707.277,5.9e-06,Torr
2026-02-09T13:37:00.211159,63714.402,5.8e-06,Torr
2026-02-09T13:37:05.257333,63719.448,5.9e-06,Torr
2026-02-09T13:37:12.382181,63726.573,5.8e-06,Torr
2026-02-09T13:37:17.428191,63731.619,5.8e-06,Torr
2026-02-09T13:37:24.553223,63738.744,5.8e-06,Torr
2026-02-09T13:37:29.599291,63743.790,5.7e-06,Torr
2026-02-09T13:37:36.724277,63750.915,5.950000000000001e-06,Torr
2026-02-09T13:37:41.770302,63755.961,6.1e-06,Torr
2026-02-09T13:37:48.895370,63763.087,5.950000000000001e-06,Torr
2026-02-09T13:37:53.941471,63768.133,5.9e-06,Torr
2026-02-09T13:38:01.066376,63775.258,5.85e-06,Torr
2026-02-09T13:38:06.112549,63780.304,5.8e-06,Torr
2026-02-09T13:38:13.237485,63787.429,5.8e-06,Torr
2026-02-09T13:38:18.283497,63792.475,5.9e-06,Torr
2026-02-09T13:38:25.408496,63799.600,5.85e-06,Torr
2026-02-09T13:38:30.454582,63804.646,5.8e-06,Torr
2026-02-09T13:38:37.579512,63811.771,5.9e-06,Torr
2026-02-09T13:38:42.625585,63816.817,5.9e-06,Torr
2026-02-09T13:38:49.750593,63823.942,5.85e-06,Torr
2026-02-09T13:38:54.796652,63828.988,5.9e-06,Torr
2026-02-09T13:39:01.921662,63836.113,5.9e-06,Torr
2026-02-09T13:39:06.967710,63841.159,5.9e-06,Torr
2026-02-09T13:39:14.092730,63848.284,5.9e-06,Torr
2026-02-09T13:39:19.138793,63853.330,5.9e-06,Torr
2026-02-09T13:39:26.263773,63860.455,5.9e-06,Torr
2026-02-09T13:39:31.309783,63865.501,5.9e-06,Torr
2026-02-09T13:39:38.434843,63872.626,5.9e-06,Torr
2026-02-09T13:39:43.480980,63877.672,5.9e-06,Torr
2026-02-09T13:39:50.605904,63884.797,5.9e-06,Torr
2026-02-09T13:39:55.651964,63889.843,6e-06,Torr
2026-02-09T13:40:02.776943,63896.968,5.950000000000001e-06,Torr
2026-02-09T13:40:07.823165,63902.014,6e-06,Torr
2026-02-09T13:40:14.947967,63909.139,6e-06,Torr
2026-02-09T13:40:19.993999,63914.185,6e-06,Torr
2026-02-09T13:40:27.119082,63921.310,6.05e-06,Torr
2026-02-09T13:40:32.165071,63926.356,6.1e-06,Torr
2026-02-09T13:40:39.290081,63933.481,6e-06,Torr
2026-02-09T13:40:44.336100,63938.527,6.1e-06,Torr
2026-02-09T13:40:51.461185,63945.652,6.1e-06,Torr
2026-02-09T13:40:56.507328,63950.698,6.1e-06,Torr
2026-02-09T13:41:03.632262,63957.823,6.1e-06,Torr
2026-02-09T13:41:08.678215,63962.869,6.1e-06,Torr
2026-02-09T13:41:15.803237,63969.994,6.1e-06,Torr
2026-02-09T13:41:20.849310,63975.040,6.1e-06,Torr
2026-02-09T13:41:27.975116,63982.166,6.05e-06,Torr
2026-02-09T13:41:33.020426,63987.212,6.1e-06,Torr
2026-02-09T13:41:40.145407,63994.337,6.1e-06,Torr
2026-02-09T13:41:45.191377,63999.383,6.1e-06,Torr
2026-02-09T13:41:52.316396,64006.508,6.1e-06,Torr
2026-02-09T13:41:57.362606,64011.554,6.1e-06,Torr
2026-02-09T13:42:04.487495,64018.679,6.1e-06,Torr
2026-02-09T13:42:09.533485,64023.725,6.1e-06,Torr
2026-02-09T13:42:16.658522,64030.850,6.1e-06,Torr
2026-02-09T13:42:21.704599,64035.896,6.1e-06,Torr
2026-02-09T13:42:28.829553,64043.021,6.1e-06,Torr
2026-02-09T13:42:33.875627,64048.067,6.2e-06,Torr
2026-02-09T13:42:41.000672,64055.192,6.2e-06,Torr
2026-02-09T13:42:46.046674,64060.238,6.3e-06,Torr
2026-02-09T13:42:53.171776,64067.363,6.2499999999999995e-06,Torr
2026-02-09T13:42:58.217718,64072.409,6.3e-06,Torr
2026-02-09T13:43:05.342710,64079.534,6.3e-06,Torr
2026-02-09T13:43:10.388805,64084.580,6.3e-06,Torr
2026-02-09T13:43:17.513851,64091.705,6.3e-06,Torr
2026-02-09T13:43:22.559950,64096.751,6.3e-06,Torr
2026-02-09T13:43:29.684893,64103.876,6.3e-06,Torr
2026-02-09T13:43:34.730870,64108.922,6.4e-06,Torr
2026-02-09T13:43:41.855942,64116.047,6.3e-06,Torr
2026-02-09T13:43:46.901902,64121.093,6.3e-06,Torr
2026-02-09T13:43:54.026984,64128.218,6.35e-06,Torr
2026-02-09T13:43:59.073113,64133.264,6.3e-06,Torr
2026-02-09T13:44:06.198020,64140.389,6.35e-06,Torr
2026-02-09T13:44:11.244025,64145.435,6.3e-06,Torr
2026-02-09T13:44:18.369106,64152.560,6.449999999999999e-06,Torr
2026-02-09T13:44:23.415084,64157.606,6.4e-06,Torr
2026-02-09T13:44:30.540159,64164.731,6.449999999999999e-06,Torr
2026-02-09T13:44:35.586152,64169.777,6.5e-06,Torr
2026-02-09T13:44:42.711223,64176.902,6.449999999999999e-06,Torr
2026-02-09T13:44:47.757330,64181.948,6.5e-06,Torr
2026-02-09T13:44:54.882274,64189.073,6.5000000000000004e-06,Torr
2026-02-09T13:44:59.928243,64194.119,6.6e-06,Torr
2026-02-09T13:45:07.053300,64201.244,6.55e-06,Torr
2026-02-09T13:45:12.099333,64206.290,6.6e-06,Torr
2026-02-09T13:45:19.225437,64213.417,6.55e-06,Torr
2026-02-09T13:45:24.270705,64218.462,6.6e-06,Torr
2026-02-09T13:45:31.395371,64225.587,6.6e-06,Torr
2026-02-09T13:45:36.441456,64230.633,6.6e-06,Torr
2026-02-09T13:45:43.566442,64237.758,6.6e-06,Torr
2026-02-09T13:45:48.612464,64242.804,6.6e-06,Torr
2026-02-09T13:45:55.737492,64249.929,6.6e-06,Torr
2026-02-09T13:46:00.783517,64254.975,6.6e-06,Torr
2026-02-09T13:46:07.908587,64262.100,6.6e-06,Torr
2026-02-09T13:46:12.954722,64267.146,6.7e-06,Torr
2026-02-09T13:46:20.079618,64274.271,6.75e-06,Torr
2026-02-09T13:46:25.125630,64279.317,6.6e-06,Torr
2026-02-09T13:46:32.250662,64286.442,6.75e-06,Torr
2026-02-09T13:46:37.296677,64291.488,6.8e-06,Torr
2026-02-09T13:46:44.421712,64298.613,6.8e-06,Torr
2026-02-09T13:46:49.467795,64303.659,6.7e-06,Torr
2026-02-09T13:46:56.592778,64310.784,6.8e-06,Torr
2026-02-09T13:47:01.638967,64315.830,6.8e-06,Torr
2026-02-09T13:47:08.763770,64322.955,6.8e-06,Torr
2026-02-09T13:47:13.809901,64328.001,6.8e-06,Torr
2026-02-09T13:47:20.950477,64335.142,6.8e-06,Torr
2026-02-09T13:47:25.996511,64340.188,6.8e-06,Torr
2026-02-09T13:47:33.121588,64347.313,6.8e-06,Torr
2026-02-09T13:47:38.167589,64352.359,6.8e-06,Torr
2026-02-09T13:47:45.292594,64359.484,6.8e-06,Torr
2026-02-09T13:47:50.338623,64364.530,6.8e-06,Torr
2026-02-09T13:47:57.463690,64371.655,6.8500000000000005e-06,Torr
2026-02-09T13:48:02.509808,64376.701,6.9e-06,Torr
2026-02-09T13:48:09.634692,64383.826,6.8e-06,Torr
2026-02-09T13:48:14.680729,64388.872,7e-06,Torr
2026-02-09T13:48:21.805789,64395.997,7e-06,Torr
2026-02-09T13:48:26.851792,64401.043,7e-06,Torr
2026-02-09T13:48:33.976804,64408.168,7e-06,Torr
2026-02-09T13:48:39.022867,64413.214,7e-06,Torr
2026-02-09T13:48:46.147852,64420.339,7e-06,Torr
2026-02-09T13:48:51.193911,64425.385,7e-06,Torr
2026-02-09T13:48:58.318872,64432.510,7.1e-06,Torr
2026-02-09T13:49:03.364941,64437.556,7e-06,Torr
2026-02-09T13:49:10.490041,64444.681,7.1e-06,Torr
2026-02-09T13:49:15.535998,64449.727,7e-06,Torr
2026-02-09T13:49:22.661096,64456.852,7.05e-06,Torr
2026-02-09T13:49:27.707085,64461.898,7.1e-06,Torr
2026-02-09T13:49:34.832124,64469.023,7.1e-06,Torr
2026-02-09T13:49:39.878105,64474.069,7.1e-06,Torr
2026-02-09T13:49:47.003164,64481.194,7.05e-06,Torr
2026-02-09T13:49:52.049440,64486.241,7.1e-06,Torr
2026-02-09T13:49:59.174269,64493.365,7.149999999999999e-06,Torr
2026-02-09T13:50:04.220215,64498.411,7.2e-06,Torr
2026-02-09T13:50:11.345265,64505.536,7.1e-06,Torr
2026-02-09T13:50:16.391320,64510.582,7.1e-06,Torr
2026-02-09T13:50:23.516362,64517.708,7.25e-06,Torr
2026-02-09T13:50:28.562319,64522.753,7.3e-06,Torr
2026-02-09T13:50:35.687392,64529.879,7.25e-06,Torr
2026-02-09T13:50:40.733731,64534.925,7.3e-06,Torr
2026-02-09T13:50:47.858394,64542.050,7.3e-06,Torr
2026-02-09T13:50:52.904468,64547.096,7.3e-06,Torr
2026-02-09T13:51:00.029513,64554.221,7.3e-06,Torr
2026-02-09T13:51:05.075474,64559.267,7.3e-06,Torr
2026-02-09T13:51:12.200555,64566.392,7.350000000000001e-06,Torr
2026-02-09T13:51:17.246723,64571.438,7.3e-06,Torr
2026-02-09T13:51:24.371596,64578.563,7.3e-06,Torr
2026-02-09T13:51:29.417594,64583.609,7.3e-06,Torr
2026-02-09T13:51:36.542616,64590.734,7.3e-06,Torr
2026-02-09T13:51:41.588678,64595.780,7.3e-06,Torr
2026-02-09T13:51:48.713664,64602.905,7.350000000000001e-06,Torr
2026-02-09T13:51:53.759736,64607.951,7.4e-06,Torr
2026-02-09T13:52:00.884731,64615.076,7.4e-06,Torr
2026-02-09T13:52:05.930746,64620.122,7.4e-06,Torr
2026-02-09T13:52:13.055775,64627.247,7.45e-06,Torr
2026-02-09T13:52:18.101955,64632.293,7.5e-06,Torr
2026-02-09T13:52:25.226839,64639.418,7.5e-06,Torr
2026-02-09T13:52:30.272868,64644.464,7.6e-06,Torr
2026-02-09T13:52:37.397909,64651.589,7.5500000000000006e-06,Torr
2026-02-09T13:52:42.443916,64656.635,7.5e-06,Torr
2026-02-09T13:52:49.568969,64663.760,7.6e-06,Torr
2026-02-09T13:52:54.614997,64668.806,7.6e-06,Torr
2026-02-09T13:53:01.740004,64675.931,7.5500000000000006e-06,Torr
2026-02-09T13:53:06.786021,64680.977,7.5e-06,Torr
2026-02-09T13:53:13.911103,64688.102,7.5500000000000006e-06,Torr
2026-02-09T13:53:18.957061,64693.148,7.6e-06,Torr
2026-02-09T13:53:26.082078,64700.273,7.6e-06,Torr
2026-02-09T13:53:31.128134,64705.319,7.6e-06,Torr
2026-02-09T13:53:38.253226,64712.444,7.6e-06,Torr
2026-02-09T13:53:43.299310,64717.490,7.7e-06,Torr
2026-02-09T13:53:50.424274,64724.615,7.65e-06,Torr
2026-02-09T13:53:55.470235,64729.661,7.6e-06,Torr
2026-02-09T13:54:02.595314,64736.786,7.6e-06,Torr
2026-02-09T13:54:07.641408,64741.833,7.8e-06,Torr
2026-02-09T13:54:14.766356,64748.957,7.75e-06,Torr
2026-02-09T13:54:19.812349,64754.003,7.8e-06,Torr
2026-02-09T13:54:26.937377,64761.129,7.8e-06,Torr
2026-02-09T13:54:31.983403,64766.175,7.8e-06,Torr
2026-02-09T13:54:39.108419,64773.300,7.8e-06,Torr
2026-02-09T13:54:44.154517,64778.346,7.9e-06,Torr
2026-02-09T13:54:51.279498,64785.471,7.9e-06,Torr
2026-02-09T13:54:56.325518,64790.517,7.9e-06,Torr
2026-02-09T13:55:03.450644,64797.642,7.850000000000001e-06,Torr
2026-02-09T13:55:08.496556,64802.688,7.9e-06,Torr
2026-02-09T13:55:15.621652,64809.813,7.9e-06,Torr
2026-02-09T13:55:20.667638,64814.859,7.9e-06,Torr
2026-02-09T13:55:27.793887,64821.985,7.9e-06,Torr
2026-02-09T13:55:32.839868,64827.031,7.9e-06,Torr
2026-02-09T13:55:39.964942,64834.156,7.9e-06,Torr
2026-02-09T13:55:45.010984,64839.202,7.9e-06,Torr
2026-02-09T13:55:53.151388,64847.343,8e-06,Torr
2026-02-09T13:55:58.197621,64852.389,8e-06,Torr
2026-02-09T13:56:05.322665,64859.514,8e-06,Torr
2026-02-09T13:56:10.368587,64864.560,8e-06,Torr
2026-02-09T13:56:17.493677,64871.685,8.05e-06,Torr
2026-02-09T13:56:22.539640,64876.731,8.2e-06,Torr
2026-02-09T13:56:29.664706,64883.856,8.15e-06,Torr
2026-02-09T13:56:34.710696,64888.902,8.1e-06,Torr
2026-02-09T13:56:41.835771,64896.027,8.15e-06,Torr
2026-02-09T13:56:46.881988,64901.073,8.2e-06,Torr
2026-02-09T13:56:54.006767,64908.198,8.2e-06,Torr
2026-02-09T13:56:59.052885,64913.244,8.2e-06,Torr
2026-02-09T13:57:06.178013,64920.369,8.2e-06,Torr
2026-02-09T13:57:11.223856,64925.415,8.2e-06,Torr
2026-02-09T13:57:18.348888,64932.540,8.2e-06,Torr
2026-02-09T13:57:23.394960,64937.586,8.3e-06,Torr
2026-02-09T13:57:30.519931,64944.711,8.400000000000001e-06,Torr
2026-02-09T13:57:35.566161,64949.757,8.3e-06,Torr
2026-02-09T13:57:42.691024,64956.882,8.35e-06,Torr
2026-02-09T13:57:47.737147,64961.928,8.5e-06,Torr
2026-02-09T13:57:54.862072,64969.053,8.5e-06,Torr
2026-02-09T13:57:59.908080,64974.099,8.5e-06,Torr
2026-02-09T13:58:07.033090,64981.224,8.6e-06,Torr
2026-02-09T13:58:12.079315,64986.270,8.5e-06,Torr
2026-02-09T13:58:19.204151,64993.395,8.6e-06,Torr
2026-02-09T13:58:24.250169,64998.441,8.6e-06,Torr
2026-02-09T13:58:31.375266,65005.566,8.550000000000001e-06,Torr
2026-02-09T13:58:36.421273,65010.612,8.6e-06,Torr
2026-02-09T13:58:43.546376,65017.738,8.75e-06,Torr
2026-02-09T13:58:48.592296,65022.783,8.6e-06,Torr
2026-02-09T13:58:55.717337,65029.908,8.8e-06,Torr
2026-02-09T13:59:00.763336,65034.954,8.8e-06,Torr
2026-02-09T13:59:07.888380,65042.080,8.8e-06,Torr
2026-02-09T13:59:12.934428,65047.126,8.8e-06,Torr
2026-02-09T13:59:20.059492,65054.251,8.85e-06,Torr
2026-02-09T13:59:25.105505,65059.297,8.7e-06,Torr
2026-02-09T13:59:32.230485,65066.422,8.8e-06,Torr
2026-02-09T13:59:37.276505,65071.468,8.8e-06,Torr
2026-02-09T13:59:44.401591,65078.593,8.95e-06,Torr
2026-02-09T13:59:49.447556,65083.639,8.9e-06,Torr
2026-02-09T13:59:56.572744,65090.764,8.999999999999999e-06,Torr
2026-02-09T14:00:01.618638,65095.810,9e-06,Torr
2026-02-09T14:00:08.743685,65102.935,9.1e-06,Torr
2026-02-09T14:00:13.789665,65107.981,9e-06,Torr
2026-02-09T14:00:20.914729,65115.106,9.05e-06,Torr
2026-02-09T14:00:25.960722,65120.152,9.1e-06,Torr
2026-02-09T14:00:33.085799,65127.277,9.1e-06,Torr
2026-02-09T14:00:38.131779,65132.323,9.1e-06,Torr
2026-02-09T14:00:45.256798,65139.448,9.1e-06,Torr
2026-02-09T14:00:50.302828,65144.494,9.1e-06,Torr
2026-02-09T14:00:57.427868,65151.619,9.1e-06,Torr
2026-02-09T14:01:02.473913,65156.665,9.1e-06,Torr
2026-02-09T14:01:09.598944,65163.790,9.2e-06,Torr
2026-02-09T14:01:14.645309,65168.836,9.1e-06,Torr
2026-02-09T14:01:21.769976,65175.961,9.3e-06,Torr
2026-02-09T14:01:26.815987,65181.007,9.3e-06,Torr
2026-02-09T14:01:33.941077,65188.132,9.35e-06,Torr
2026-02-09T14:01:38.987047,65193.178,9.4e-06,Torr
2026-02-09T14:01:46.112079,65200.303,9.4e-06,Torr
2026-02-09T14:01:51.158275,65205.349,9.5e-06,Torr
2026-02-09T14:01:58.283165,65212.474,9.5e-06,Torr
2026-02-09T14:02:03.329312,65217.520,9.4e-06,Torr
2026-02-09T14:02:10.454228,65224.645,9.5e-06,Torr
2026-02-09T14:02:15.500236,65229.691,9.5e-06,Torr
2026-02-09T14:02:22.625257,65236.816,9.45e-06,Torr
2026-02-09T14:02:27.671300,65241.862,9.6e-06,Torr
2026-02-09T14:02:34.796357,65248.987,9.75e-06,Torr
2026-02-09T14:02:39.842320,65254.033,9.6e-06,Torr
2026-02-09T14:02:46.967386,65261.159,9.75e-06,Torr
2026-02-09T14:02:52.013602,65266.205,9.8e-06,Torr
2026-02-09T14:02:59.138388,65273.330,9.75e-06,Torr
2026-02-09T14:03:04.184406,65278.376,9.8e-06,Torr
2026-02-09T14:03:11.309473,65285.501,9.849999999999999e-06,Torr
2026-02-09T14:03:16.355530,65290.547,9.8e-06,Torr
2026-02-09T14:03:23.480513,65297.672,9.9e-06,Torr
2026-02-09T14:03:28.526561,65302.718,9.9e-06,Torr
2026-02-09T14:03:35.651671,65309.843,9.849999999999999e-06,Torr
2026-02-09T14:03:40.697575,65314.889,9.9e-06,Torr
2026-02-09T14:03:47.822611,65322.014,9.950000000000001e-06,Torr
2026-02-09T14:03:52.868636,65327.060,1e-05,Torr
2026-02-09T14:03:59.993678,65334.185,1e-05,Torr
2026-02-09T14:04:05.039685,65339.231,1e-05,Torr
2026-02-09T14:04:12.164771,65346.356,1e-05,Torr
2026-02-09T14:04:17.210767,65351.402,1e-05,Torr
2026-02-09T14:04:24.335820,65358.527,1e-05,Torr
2026-02-09T14:04:29.381803,65363.573,1e-05,Torr
2026-02-09T14:04:36.506804,65370.698,1e-05,Torr
2026-02-09T14:04:41.553019,65375.744,1e-05,Torr
2026-02-09T14:04:48.677981,65382.869,1e-05,Torr
2026-02-09T14:04:53.723924,65387.915,1e-05,Torr
2026-02-09T14:05:00.848970,65395.040,1.0500000000000001e-05,Torr
2026-02-09T14:05:05.894959,65400.086,1.1e-05,Torr
2026-02-09T14:05:13.020035,65407.211,1.1e-05,Torr
2026-02-09T14:05:18.066076,65412.257,1.1e-05,Torr
2026-02-09T14:05:25.191089,65419.382,1.1e-05,Torr
2026-02-09T14:05:30.237247,65424.428,1.1e-05,Torr
2026-02-09T14:05:37.362176,65431.553,1.1e-05,Torr
2026-02-09T14:05:42.408124,65436.599,1.1e-05,Torr
2026-02-09T14:05:49.533110,65443.724,1.1e-05,Torr
2026-02-09T14:05:54.579225,65448.770,1.1e-05,Torr
2026-02-09T14:06:01.704194,65455.895,1.1e-05,Torr
2026-02-09T14:06:06.750236,65460.941,1.1e-05,Torr
2026-02-09T14:06:13.875308,65468.066,1.1e-05,Torr
2026-02-09T14:06:18.921295,65473.112,1.1e-05,Torr
2026-02-09T14:06:26.046356,65480.237,1.1e-05,Torr
2026-02-09T14:06:31.092462,65485.284,1.1e-05,Torr
2026-02-09T14:06:38.217376,65492.409,1.1e-05,Torr
2026-02-09T14:06:43.263631,65497.455,1.1e-05,Torr
2026-02-09T14:06:50.388453,65504.580,1.1e-05,Torr
2026-02-09T14:06:55.434454,65509.626,1.1e-05,Torr
2026-02-09T14:07:02.559566,65516.751,1.1e-05,Torr
2026-02-09T14:07:07.605569,65521.797,1.1e-05,Torr
2026-02-09T14:07:14.730549,65528.922,1.1e-05,Torr
2026-02-09T14:07:19.776674,65533.968,1.1e-05,Torr
2026-02-09T14:07:26.901619,65541.093,1.1e-05,Torr
2026-02-09T14:07:31.947612,65546.139,1.1e-05,Torr
2026-02-09T14:07:39.072711,65553.264,1.1e-05,Torr
2026-02-09T14:07:44.118682,65558.310,1.1e-05,Torr
2026-02-09T14:07:51.243751,65565.435,1.15e-05,Torr
2026-02-09T14:07:56.289761,65570.481,1.2e-05,Torr
2026-02-09T14:08:03.414770,65577.606,1.2e-05,Torr
2026-02-09T14:08:08.460831,65582.652,1.2e-05,Torr
2026-02-09T14:08:15.585914,65589.777,1.2e-05,Torr
2026-02-09T14:08:20.631885,65594.823,1.2e-05,Torr
2026-02-09T14:08:27.756826,65601.948,1.2e-05,Torr
2026-02-09T14:08:32.803068,65606.994,1.2e-05,Torr
2026-02-09T14:08:39.927983,65614.119,1.2e-05,Torr
2026-02-09T14:08:44.973938,65619.165,1.2e-05,Torr
2026-02-09T14:08:52.098977,65626.290,1.2e-05,Torr
2026-02-09T14:08:57.145029,65631.336,1.2e-05,Torr
2026-02-09T14:09:04.270017,65638.461,1.2e-05,Torr
2026-02-09T14:09:09.316039,65643.507,1.2e-05,Torr
2026-02-09T14:09:16.441068,65650.632,1.2e-05,Torr
2026-02-09T14:09:21.487262,65655.678,1.2e-05,Torr
2026-02-09T14:09:28.612114,65662.803,1.2e-05,Torr
2026-02-09T14:09:33.658238,65667.849,1.2e-05,Torr
2026-02-09T14:09:40.783205,65674.974,1.2e-05,Torr
2026-02-09T14:09:45.829211,65680.020,1.2e-05,Torr
2026-02-09T14:09:52.954234,65687.145,1.2e-05,Torr
2026-02-09T14:09:58.000288,65692.191,1.3e-05,Torr
2026-02-09T14:10:05.125302,65699.316,1.2499999999999999e-05,Torr
2026-02-09T14:10:10.171304,65704.362,1.3e-05,Torr
2026-02-09T14:10:17.296376,65711.488,1.3e-05,Torr
2026-02-09T14:10:22.342588,65716.534,1.3e-05,Torr
2026-02-09T14:10:29.467408,65723.659,1.3e-05,Torr
2026-02-09T14:10:34.513480,65728.705,1.3e-05,Torr
2026-02-09T14:10:41.638485,65735.830,1.3e-05,Torr
2026-02-09T14:10:46.684473,65740.876,1.3e-05,Torr
2026-02-09T14:10:53.809612,65748.001,1.3e-05,Torr
2026-02-09T14:10:58.855528,65753.047,1.3e-05,Torr
2026-02-09T14:11:05.980607,65760.172,1.3e-05,Torr
2026-02-09T14:11:11.026785,65765.218,1.3e-05,Torr
2026-02-09T14:11:18.151641,65772.343,1.3e-05,Torr
2026-02-09T14:11:23.197644,65777.389,1.3e-05,Torr
2026-02-09T14:11:30.322648,65784.514,1.3e-05,Torr
2026-02-09T14:11:35.368689,65789.560,1.4e-05,Torr
2026-02-09T14:11:42.493704,65796.685,1.35e-05,Torr
2026-02-09T14:11:47.539741,65801.731,1.3e-05,Torr
2026-02-09T14:11:54.664769,65808.856,1.4e-05,Torr
2026-02-09T14:11:59.710795,65813.902,1.4e-05,Torr
2026-02-09T14:12:06.835838,65821.027,1.4e-05,Torr
2026-02-09T14:12:11.881858,65826.073,1.4e-05,Torr
2026-02-09T14:12:19.006937,65833.198,1.4e-05,Torr
2026-02-09T14:12:24.052913,65838.244,1.4e-05,Torr
2026-02-09T14:12:31.178025,65845.369,1.4e-05,Torr
2026-02-09T14:12:36.223999,65850.415,1.4e-05,Torr
2026-02-09T14:12:43.349022,65857.540,1.4e-05,Torr
2026-02-09T14:12:48.395013,65862.586,1.4e-05,Torr
2026-02-09T14:12:55.520044,65869.711,1.4e-05,Torr
2026-02-09T14:13:00.566076,65874.757,1.4e-05,Torr
2026-02-09T14:13:07.691114,65881.882,1.4e-05,Torr
2026-02-09T14:13:12.737149,65886.928,1.4e-05,Torr
2026-02-09T14:13:19.862199,65894.053,1.45e-05,Torr
2026-02-09T14:13:24.908211,65899.099,1.5e-05,Torr
2026-02-09T14:13:32.033204,65906.224,1.5e-05,Torr
2026-02-09T14:13:37.079287,65911.270,1.4e-05,Torr
2026-02-09T14:13:44.204288,65918.395,1.45e-05,Torr
2026-02-09T14:13:49.250345,65923.441,1.5e-05,Torr
2026-02-09T14:13:56.375341,65930.566,1.5e-05,Torr
2026-02-09T14:14:01.421341,65935.612,1.5e-05,Torr
2026-02-09T14:14:08.546413,65942.738,1.5e-05,Torr
2026-02-09T14:14:13.592396,65947.784,1.5e-05,Torr
2026-02-09T14:14:20.717434,65954.909,1.5e-05,Torr
2026-02-09T14:14:25.763457,65959.955,1.5e-05,Torr
2026-02-09T14:14:32.888468,65967.080,1.5e-05,Torr
2026-02-09T14:14:37.934756,65972.126,1.5e-05,Torr
2026-02-09T14:14:45.059670,65979.251,1.5e-05,Torr
2026-02-09T14:14:50.105554,65984.297,1.5e-05,Torr
2026-02-09T14:14:57.230597,65991.422,1.6e-05,Torr
2026-02-09T14:15:02.276601,65996.468,1.5e-05,Torr
2026-02-09T14:15:09.401657,66003.593,1.6e-05,Torr
2026-02-09T14:15:14.447660,66008.639,1.6e-05,Torr
2026-02-09T14:15:21.572695,66015.764,1.6e-05,Torr
2026-02-09T14:15:26.618735,66020.810,1.6e-05,Torr
2026-02-09T14:15:33.743731,66027.935,1.6e-05,Torr
2026-02-09T14:15:38.789766,66032.981,1.6e-05,Torr
2026-02-09T14:15:45.914801,66040.106,1.6e-05,Torr
2026-02-09T14:15:50.960838,66045.152,1.6e-05,Torr
2026-02-09T14:15:58.085882,66052.277,1.6e-05,Torr
2026-02-09T14:16:03.131876,66057.323,1.6e-05,Torr
2026-02-09T14:16:10.256923,66064.448,1.6e-05,Torr
2026-02-09T14:16:15.303123,66069.494,1.7e-05,Torr
2026-02-09T14:16:22.427923,66076.619,1.65e-05,Torr
2026-02-09T14:16:27.474028,66081.665,1.6e-05,Torr
2026-02-09T14:16:34.599016,66088.790,1.7e-05,Torr
2026-02-09T14:16:39.645039,66093.836,1.7e-05,Torr
2026-02-09T14:16:46.770156,66100.961,1.7e-05,Torr
2026-02-09T14:16:51.816087,66106.007,1.7e-05,Torr
2026-02-09T14:16:58.941107,66113.132,1.7e-05,Torr
2026-02-09T14:17:03.987186,66118.178,1.7e-05,Torr
2026-02-09T14:17:11.127830,66125.319,1.7e-05,Torr
2026-02-09T14:17:16.173890,66130.365,1.7e-05,Torr
2026-02-09T14:17:23.298882,66137.490,1.7e-05,Torr
2026-02-09T14:17:28.344878,66142.536,1.7e-05,Torr
2026-02-09T14:17:35.470031,66149.661,1.8e-05,Torr
2026-02-09T14:17:40.515906,66154.707,1.8e-05,Torr
2026-02-09T14:17:47.641031,66161.832,1.8e-05,Torr
2026-02-09T14:17:52.687091,66166.878,1.8e-05,Torr
2026-02-09T14:17:59.812010,66174.003,1.8e-05,Torr
2026-02-09T14:18:04.858053,66179.049,1.8e-05,Torr
2026-02-09T14:18:11.983070,66186.174,1.8e-05,Torr
2026-02-09T14:18:17.029094,66191.220,1.8e-05,Torr
2026-02-09T14:18:24.154147,66198.345,1.8e-05,Torr
2026-02-09T14:18:29.200153,66203.391,1.8e-05,Torr
2026-02-09T14:18:36.325257,66210.516,1.8e-05,Torr
2026-02-09T14:18:41.371244,66215.562,1.8e-05,Torr
2026-02-09T14:18:48.496228,66222.687,1.9e-05,Torr
2026-02-09T14:18:53.542377,66227.734,1.9e-05,Torr
2026-02-09T14:19:00.667316,66234.858,1.8500000000000002e-05,Torr
2026-02-09T14:19:05.713354,66239.904,1.9e-05,Torr
2026-02-09T14:19:12.838367,66247.030,1.9e-05,Torr
2026-02-09T14:19:17.884369,66252.076,1.9e-05,Torr
2026-02-09T14:19:25.009463,66259.201,1.9e-05,Torr
2026-02-09T14:19:30.055426,66264.247,1.9e-05,Torr
2026-02-09T14:19:37.180512,66271.372,1.95e-05,Torr
2026-02-09T14:19:42.226567,66276.418,1.9e-05,Torr
2026-02-09T14:19:49.351510,66283.543,1.95e-05,Torr
2026-02-09T14:19:54.397648,66288.589,2e-05,Torr
2026-02-09T14:20:01.522592,66295.714,2e-05,Torr
2026-02-09T14:20:06.568588,66300.760,2e-05,Torr
2026-02-09T14:20:13.693654,66307.885,2e-05,Torr
2026-02-09T14:20:18.739651,66312.931,2e-05,Torr
2026-02-09T14:20:25.864709,66320.056,2e-05,Torr
2026-02-09T14:20:30.910759,66325.102,2.1e-05,Torr
2026-02-09T14:20:38.035756,66332.227,2e-05,Torr
2026-02-09T14:20:43.081742,66337.273,2.1e-05,Torr
2026-02-09T14:20:50.206835,66344.398,2.1e-05,Torr
2026-02-09T14:20:55.253154,66349.444,2.1e-05,Torr
2026-02-09T14:21:02.377873,66356.569,2.1e-05,Torr
2026-02-09T14:21:07.423851,66361.615,2.1e-05,Torr
2026-02-09T14:21:14.564538,66368.756,2.1e-05,Torr
2026-02-09T14:21:19.610525,66373.802,2.1e-05,Torr
2026-02-09T14:21:26.735619,66380.927,2.1e-05,Torr
2026-02-09T14:21:31.781598,66385.973,2.1e-05,Torr
2026-02-09T14:21:38.906692,66393.098,2.15e-05,Torr
2026-02-09T14:21:43.952680,66398.144,2.2e-05,Torr
2026-02-09T14:21:51.077757,66405.269,2.2e-05,Torr
2026-02-09T14:21:56.123779,66410.315,2.2e-05,Torr
2026-02-09T14:22:03.248770,66417.440,2.2e-05,Torr
2026-02-09T14:22:08.294747,66422.486,2.2e-05,Torr
2026-02-09T14:22:15.419788,66429.611,2.2e-05,Torr
2026-02-09T14:22:20.465860,66434.657,2.3e-05,Torr
2026-02-09T14:22:27.590864,66441.782,2.2499999999999998e-05,Torr
2026-02-09T14:22:32.636855,66446.828,2.3e-05,Torr
2026-02-09T14:22:39.761899,66453.953,2.3e-05,Torr
2026-02-09T14:22:44.807996,66458.999,2.3e-05,Torr
2026-02-09T14:22:51.933013,66466.124,2.3e-05,Torr
2026-02-09T14:22:56.979021,66471.170,2.4e-05,Torr
2026-02-09T14:23:04.104046,66478.295,2.3500000000000002e-05,Torr
2026-02-09T14:23:09.150019,66483.341,2.4e-05,Torr
2026-02-09T14:23:16.275107,66490.466,2.3500000000000002e-05,Torr
2026-02-09T14:23:21.321043,66495.512,2.4e-05,Torr
2026-02-09T14:23:28.446149,66502.637,2.4e-05,Torr
2026-02-09T14:23:33.492366,66507.684,2.4e-05,Torr
2026-02-09T14:23:40.617164,66514.808,2.4e-05,Torr
2026-02-09T14:23:45.663226,66519.854,2.4e-05,Torr
2026-02-09T14:23:52.788233,66526.979,2.45e-05,Torr
2026-02-09T14:23:57.834224,66532.025,2.5e-05,Torr
2026-02-09T14:24:04.959284,66539.150,2.5e-05,Torr
2026-02-09T14:24:10.005360,66544.196,2.5e-05,Torr
2026-02-09T14:24:17.130358,66551.321,2.5e-05,Torr
2026-02-09T14:24:22.176342,66556.367,2.5e-05,Torr
2026-02-09T14:24:29.301394,66563.493,2.5e-05,Torr
2026-02-09T14:24:34.347394,66568.539,2.5e-05,Torr
2026-02-09T14:24:41.472445,66575.664,2.5e-05,Torr
2026-02-09T14:24:46.518502,66580.710,2.5e-05,Torr
2026-02-09T14:24:53.643542,66587.835,2.55e-05,Torr
2026-02-09T14:24:58.689508,66592.881,2.6e-05,Torr
2026-02-09T14:25:05.814538,66600.006,2.6e-05,Torr
2026-02-09T14:25:10.860558,66605.052,2.6e-05,Torr
2026-02-09T14:25:18.001312,66612.192,2.6e-05,Torr
2026-02-09T14:25:23.047235,66617.238,2.6e-05,Torr
2026-02-09T14:25:30.172420,66624.364,2.6e-05,Torr
2026-02-09T14:25:35.218295,66629.409,2.7e-05,Torr
2026-02-09T14:25:42.343387,66636.535,2.65e-05,Torr
2026-02-09T14:25:47.389341,66641.580,2.7e-05,Torr
2026-02-09T14:25:54.514364,66648.706,2.7e-05,Torr
2026-02-09T14:25:59.560405,66653.752,2.8e-05,Torr
2026-02-09T14:26:06.685434,66660.877,2.7e-05,Torr
2026-02-09T14:26:11.731496,66665.923,2.8e-05,Torr
2026-02-09T14:26:18.872100,66673.063,2.8e-05,Torr
2026-02-09T14:26:23.918130,66678.109,2.8e-05,Torr
2026-02-09T14:26:31.043193,66685.234,2.85e-05,Torr
2026-02-09T14:26:36.089230,66690.280,2.9e-05,Torr
2026-02-09T14:26:43.214258,66697.405,2.8e-05,Torr
2026-02-09T14:26:48.260252,66702.451,2.9e-05,Torr
2026-02-09T14:26:55.385263,66709.576,2.9e-05,Torr
2026-02-09T14:27:00.431469,66714.623,2.9e-05,Torr
2026-02-09T14:27:07.556338,66721.747,2.9e-05,Torr
2026-02-09T14:27:12.602358,66726.793,3e-05,Torr
2026-02-09T14:27:19.727374,66733.919,3e-05,Torr
2026-02-09T14:27:24.773397,66738.965,3e-05,Torr
2026-02-09T14:27:31.898476,66746.090,3e-05,Torr
2026-02-09T14:27:36.944449,66751.136,3.1e-05,Torr
2026-02-09T14:27:44.069506,66758.261,3e-05,Torr
2026-02-09T14:27:49.115551,66763.307,3e-05,Torr
2026-02-09T14:27:56.240498,66770.432,3.1e-05,Torr
2026-02-09T14:28:01.286561,66775.478,3.1e-05,Torr
2026-02-09T14:28:08.411605,66782.603,3.1e-05,Torr
2026-02-09T14:28:13.457612,66787.649,3.1e-05,Torr
2026-02-09T14:28:20.582652,66794.774,3.1e-05,Torr
2026-02-09T14:28:25.628899,66799.820,3.2e-05,Torr
2026-02-09T14:28:32.753723,66806.945,3.2e-05,Torr
2026-02-09T14:28:37.799729,66811.991,3.2e-05,Torr
2026-02-09T14:28:44.924732,66819.116,3.2e-05,Torr
2026-02-09T14:28:49.970793,66824.162,3.2e-05,Torr
2026-02-09T14:28:57.095864,66831.287,3.3e-05,Torr
2026-02-09T14:29:02.141832,66836.333,3.3e-05,Torr
2026-02-09T14:29:09.266887,66843.458,3.3e-05,Torr
2026-02-09T14:29:14.312871,66848.504,3.3e-05,Torr
2026-02-09T14:29:21.453573,66855.645,3.3e-05,Torr
2026-02-09T14:29:26.499619,66860.691,3.4e-05,Torr
2026-02-09T14:29:33.624576,66867.816,3.4e-05,Torr
2026-02-09T14:29:38.670617,66872.862,3.4e-05,Torr
2026-02-09T14:29:45.795660,66879.987,3.45e-05,Torr
2026-02-09T14:29:50.841770,66885.033,3.5e-05,Torr
2026-02-09T14:29:57.966715,66892.158,3.5e-05,Torr
2026-02-09T14:30:03.012718,66897.204,3.4e-05,Torr
2026-02-09T14:30:10.137812,66904.329,3.5e-05,Torr
2026-02-09T14:30:15.183868,66909.375,3.5e-05,Torr
2026-02-09T14:30:22.324480,66916.516,3.6e-05,Torr
2026-02-09T14:30:27.370489,66921.562,3.6e-05,Torr
2026-02-09T14:30:34.495489,66928.687,3.6e-05,Torr
2026-02-09T14:30:39.541508,66933.733,3.7e-05,Torr
2026-02-09T14:30:46.666593,66940.858,3.7e-05,Torr
2026-02-09T14:30:51.712581,66945.904,3.7e-05,Torr
2026-02-09T14:30:58.837620,66953.029,3.7e-05,Torr
2026-02-09T14:31:03.883626,66958.075,3.7e-05,Torr
2026-02-09T14:31:11.008694,66965.200,3.85e-05,Torr
2026-02-09T14:31:16.054678,66970.246,3.8e-05,Torr
2026-02-09T14:31:23.179680,66977.371,3.8e-05,Torr
2026-02-09T14:31:28.225720,66982.417,3.8e-05,Torr
2026-02-09T14:31:35.350762,66989.542,3.85e-05,Torr
2026-02-09T14:31:40.396785,66994.588,4e-05,Torr
2026-02-09T14:31:47.521826,67001.713,4e-05,Torr
2026-02-09T14:31:52.567830,67006.759,4e-05,Torr
2026-02-09T14:31:59.692919,67013.884,4e-05,Torr
2026-02-09T14:32:04.738982,67018.930,4e-05,Torr
2026-02-09T14:32:11.863971,67026.055,4.05e-05,Torr
2026-02-09T14:32:16.910115,67031.101,4.1e-05,Torr
2026-02-09T14:32:24.035048,67038.226,4.05e-05,Torr
2026-02-09T14:32:29.081217,67043.272,4.1e-05,Torr
2026-02-09T14:32:36.206007,67050.397,4.1e-05,Torr
2026-02-09T14:32:41.252084,67055.443,4.1e-05,Torr
2026-02-09T14:32:48.377109,67062.568,4.2e-05,Torr
2026-02-09T14:32:53.423113,67067.614,4.2e-05,Torr
2026-02-09T14:33:00.548142,67074.739,4.3e-05,Torr
2026-02-09T14:33:05.594162,67079.785,4.3e-05,Torr
2026-02-09T14:33:12.719179,67086.910,4.3e-05,Torr
2026-02-09T14:33:17.765340,67091.956,4.4e-05,Torr
2026-02-09T14:33:24.905865,67099.097,4.4e-05,Torr
2026-02-09T14:33:29.951946,67104.143,4.4e-05,Torr
2026-02-09T14:33:37.076916,67111.268,4.4e-05,Torr
2026-02-09T14:33:42.122940,67116.314,4.4e-05,Torr
2026-02-09T14:33:49.247989,67123.439,4.55e-05,Torr
2026-02-09T14:33:54.294241,67128.485,4.5e-05,Torr
2026-02-09T14:34:01.419054,67135.610,4.6e-05,Torr
2026-02-09T14:34:06.465066,67140.656,4.6e-05,Torr
2026-02-09T14:34:13.590139,67147.781,4.65e-05,Torr
2026-02-09T14:34:18.636258,67152.827,4.6e-05,Torr
2026-02-09T14:34:25.776781,67159.968,4.7000000000000004e-05,Torr
2026-02-09T14:34:30.822991,67165.014,4.7e-05,Torr
2026-02-09T14:34:37.947795,67172.139,4.8e-05,Torr
2026-02-09T14:34:42.993834,67177.185,4.8e-05,Torr
2026-02-09T14:34:50.118876,67184.310,4.85e-05,Torr
2026-02-09T14:34:55.164903,67189.356,4.9e-05,Torr
2026-02-09T14:35:02.289969,67196.481,4.95e-05,Torr
2026-02-09T14:35:07.335948,67201.527,5e-05,Torr
2026-02-09T14:35:14.461017,67208.652,5.1e-05,Torr
2026-02-09T14:35:19.507241,67213.698,5.1e-05,Torr
2026-02-09T14:35:26.632041,67220.823,5.05e-05,Torr
2026-02-09T14:35:31.678098,67225.869,5.2e-05,Torr
2026-02-09T14:35:38.803132,67232.994,5.2e-05,Torr
2026-02-09T14:35:43.849149,67238.040,5.2e-05,Torr
2026-02-09T14:35:50.974197,67245.165,5.3e-05,Torr
2026-02-09T14:35:56.020308,67250.211,5.3e-05,Torr
2026-02-09T14:36:03.145335,67257.336,5.3e-05,Torr
2026-02-09T14:36:08.191234,67262.382,5.3e-05,Torr
2026-02-09T14:36:15.316245,67269.507,5.4e-05,Torr
2026-02-09T14:36:20.362261,67274.553,5.5e-05,Torr
2026-02-09T14:36:27.502925,67281.694,5.5e-05,Torr
2026-02-09T14:36:32.549074,67286.740,5.5e-05,Torr
2026-02-09T14:36:39.674096,67293.865,5.5e-05,Torr
2026-02-09T14:36:44.720053,67298.911,5.7e-05,Torr
2026-02-09T14:36:51.845048,67306.036,6.45e-05,Torr
2026-02-09T14:36:56.891045,67311.082,6.5e-05,Torr
2026-02-09T14:37:04.016134,67318.207,6.65e-05,Torr
2026-02-09T14:37:09.062133,67323.253,6.7e-05,Torr
2026-02-09T14:37:16.187188,67330.378,6.65e-05,Torr
2026-02-09T14:37:21.233162,67335.424,6.8e-05,Torr
2026-02-09T14:37:28.358176,67342.549,6.9e-05,Torr
2026-02-09T14:37:33.404284,67347.595,7e-05,Torr
2026-02-09T14:37:40.529294,67354.720,7.1e-05,Torr
2026-02-09T14:37:45.575264,67359.766,7.1e-05,Torr
2026-02-09T14:37:52.700302,67366.891,7.25e-05,Torr
2026-02-09T14:37:57.746349,67371.937,7.4e-05,Torr
2026-02-09T14:38:04.871372,67379.063,7.4e-05,Torr
2026-02-09T14:38:09.917368,67384.109,7.5e-05,Torr
2026-02-09T14:38:17.042500,67391.234,7.7e-05,Torr
2026-02-09T14:38:22.088415,67396.280,7.7e-05,Torr
2026-02-09T14:38:29.213482,67403.405,7.75e-05,Torr
2026-02-09T14:38:34.259703,67408.451,7.8e-05,Torr
2026-02-09T14:38:41.384758,67415.576,8e-05,Torr
2026-02-09T14:38:46.430548,67420.622,8e-05,Torr
2026-02-09T14:38:53.555596,67427.747,8e-05,Torr
2026-02-09T14:38:58.601603,67432.793,8.3e-05,Torr
2026-02-09T14:39:05.726642,67439.918,8.3e-05,Torr
2026-02-09T14:39:10.772620,67444.964,8.3e-05,Torr
2026-02-09T14:39:17.897698,67452.089,8.3e-05,Torr
2026-02-09T14:39:22.943710,67457.135,8.4e-05,Torr
2026-02-09T14:39:30.068719,67464.260,8.65e-05,Torr
2026-02-09T14:39:35.114750,67469.306,8.6e-05,Torr
2026-02-09T14:39:42.239771,67476.431,8.75e-05,Torr
2026-02-09T14:39:47.285816,67481.477,8.9e-05,Torr
2026-02-09T14:39:54.410857,67488.602,8.9e-05,Torr
2026-02-09T14:39:59.457058,67493.648,9.1e-05,Torr
2026-02-09T14:40:06.581914,67500.773,9.1e-05,Torr
2026-02-09T14:40:11.627927,67505.819,9.3e-05,Torr
2026-02-09T14:40:18.752980,67512.944,9.3e-05,Torr
2026-02-09T14:40:23.798974,67517.990,9.3e-05,Torr
2026-02-09T14:40:30.924041,67525.115,9.35e-05,Torr
2026-02-09T14:40:35.970028,67530.161,9.7e-05,Torr
2026-02-09T14:40:43.095110,67537.286,9.65e-05,Torr
2026-02-09T14:40:48.141149,67542.332,9.6e-05,Torr
2026-02-09T14:40:55.266117,67549.457,9.7e-05,Torr
2026-02-09T14:41:00.312136,67554.503,9.8e-05,Torr
2026-02-09T14:41:07.437151,67561.628,9.95e-05,Torr
2026-02-09T14:41:12.483325,67566.674,0.0001,Torr
2026-02-09T14:41:19.608266,67573.799,9.95e-05,Torr
2026-02-09T14:41:24.654253,67578.845,0.0001,Torr
2026-02-09T14:41:31.779282,67585.970,0.0001,Torr
2026-02-09T14:41:36.825403,67591.017,0.0001,Torr
2026-02-09T14:41:43.950338,67598.141,0.000105,Torr
2026-02-09T14:41:48.996396,67603.188,0.00011,Torr
2026-02-09T14:41:56.121410,67610.313,0.00011,Torr
2026-02-09T14:42:01.167430,67615.359,0.00011,Torr
2026-02-09T14:42:08.292439,67622.484,0.00011,Torr
2026-02-09T14:42:13.338476,67627.530,0.00011,Torr
2026-02-09T14:42:20.463555,67634.655,0.00011,Torr
2026-02-09T14:42:25.509529,67639.701,0.00011,Torr
2026-02-09T14:42:32.650228,67646.841,0.00011,Torr
2026-02-09T14:42:37.696197,67651.887,0.00011,Torr
2026-02-09T14:42:44.821451,67659.013,0.00012,Torr
2026-02-09T14:42:49.867237,67664.058,0.00012,Torr
2026-02-09T14:42:56.992326,67671.183,0.00012,Torr
2026-02-09T14:43:02.038322,67676.229,0.00012,Torr
2026-02-09T14:43:09.163376,67683.355,0.00012,Torr
2026-02-09T14:43:14.209345,67688.400,0.00012,Torr
2026-02-09T14:43:21.334392,67695.526,0.00012,Torr
2026-02-09T14:43:26.380685,67700.572,0.00013,Torr
2026-02-09T14:43:33.505431,67707.697,0.00013,Torr
2026-02-09T14:43:38.551489,67712.743,0.00013,Torr
2026-02-09T14:43:45.676605,67719.868,0.00013,Torr
2026-02-09T14:43:50.722531,67724.914,0.00013,Torr
2026-02-09T14:43:57.847584,67732.039,0.00013,Torr
2026-02-09T14:44:02.893648,67737.085,0.00013,Torr
2026-02-09T14:44:10.018628,67744.210,0.00013,Torr
2026-02-09T14:44:15.064624,67749.256,0.00013,Torr
2026-02-09T14:44:22.189659,67756.381,0.00014,Torr
2026-02-09T14:44:27.235663,67761.427,0.00014,Torr
2026-02-09T14:44:34.360722,67768.552,0.00014,Torr
2026-02-09T14:44:39.406756,67773.598,0.00014,Torr
2026-02-09T14:44:46.531794,67780.723,0.00014,Torr
2026-02-09T14:44:51.577776,67785.769,0.00014,Torr
2026-02-09T14:44:58.702896,67792.894,0.000145,Torr
2026-02-09T14:45:03.748913,67797.940,0.00015,Torr
2026-02-09T14:45:10.873864,67805.065,0.00015,Torr
2026-02-09T14:45:15.919894,67810.111,0.00015,Torr
2026-02-09T14:45:23.044937,67817.236,0.00015,Torr
2026-02-09T14:45:28.090934,67822.282,0.00016,Torr
2026-02-09T14:45:35.216021,67829.407,0.00016,Torr
2026-02-09T14:45:40.262146,67834.453,0.00016,Torr
2026-02-09T14:45:47.387036,67841.578,0.00016,Torr
2026-02-09T14:45:52.433072,67846.624,0.00016,Torr
2026-02-09T14:45:59.558033,67853.749,0.00017,Torr
2026-02-09T14:46:04.604124,67858.795,0.00017,Torr
2026-02-09T14:46:11.729147,67865.920,0.00017,Torr
2026-02-09T14:46:16.775139,67870.966,0.00017,Torr
2026-02-09T14:46:23.900211,67878.091,0.00017,Torr
2026-02-09T14:46:28.946215,67883.137,0.00017,Torr
2026-02-09T14:46:36.086895,67890.278,0.00017500000000000003,Torr
2026-02-09T14:46:41.132966,67895.324,0.00018,Torr
2026-02-09T14:46:48.257885,67902.449,0.00018,Torr
2026-02-09T14:46:53.304095,67907.495,0.00018,Torr
2026-02-09T14:47:00.429022,67914.620,0.00018,Torr
2026-02-09T14:47:05.475011,67919.666,0.00019,Torr
2026-02-09T14:47:12.600040,67926.791,0.000185,Torr
2026-02-09T14:47:17.646060,67931.837,0.00019,Torr
2026-02-09T14:47:24.771089,67938.962,0.00019,Torr
2026-02-09T14:47:29.817118,67944.008,0.00019,Torr
2026-02-09T14:47:36.942142,67951.133,0.00019,Torr
2026-02-09T14:47:41.988226,67956.179,0.00019,Torr
2026-02-09T14:47:49.113234,67963.304,0.00019,Torr
2026-02-09T14:47:54.159205,67968.350,0.00019,Torr
2026-02-09T14:48:01.284285,67975.475,0.00019500000000000002,Torr
2026-02-09T14:48:06.330329,67980.521,0.0002,Torr
2026-02-09T14:48:13.455289,67987.646,0.0002,Torr
2026-02-09T14:48:18.501391,67992.693,0.0002,Torr
2026-02-09T14:48:25.626367,67999.818,0.000205,Torr
2026-02-09T14:48:30.672375,68004.864,0.00021,Torr
2026-02-09T14:48:37.813092,68012.004,0.00021,Torr
2026-02-09T14:48:42.859066,68017.050,0.00021,Torr
2026-02-09T14:48:49.984155,68024.175,0.00022,Torr
2026-02-09T14:48:55.030095,68029.221,0.00022,Torr
2026-02-09T14:49:02.155179,68036.346,0.00022,Torr
2026-02-09T14:49:07.201175,68041.392,0.00022,Torr
2026-02-09T14:49:14.326191,68048.517,0.00022,Torr
2026-02-09T14:49:19.372235,68053.563,0.00023,Torr
2026-02-09T14:49:26.497239,68060.688,0.000225,Torr
2026-02-09T14:49:31.543294,68065.734,0.00023,Torr
2026-02-09T14:49:38.683922,68072.875,0.00023,Torr
2026-02-09T14:49:43.730016,68077.921,0.00023,Torr
2026-02-09T14:49:50.855013,68085.046,0.00023500000000000002,Torr
2026-02-09T14:49:55.901002,68090.092,0.00024,Torr
2026-02-09T14:50:03.026028,68097.217,0.00024,Torr
2026-02-09T14:50:08.072080,68102.263,0.00024,Torr
2026-02-09T14:50:15.197109,68109.388,0.00025,Torr
2026-02-09T14:50:20.243127,68114.434,0.00025,Torr
2026-02-09T14:50:27.368162,68121.559,0.00025,Torr
2026-02-09T14:50:32.414186,68126.605,0.00026,Torr
2026-02-09T14:50:39.554829,68133.746,0.00026,Torr
2026-02-09T14:50:44.600894,68138.792,0.00026,Torr
2026-02-09T14:50:51.725935,68145.917,0.00026,Torr
2026-02-09T14:50:56.771942,68150.963,0.00026,Torr
2026-02-09T14:51:03.896937,68158.088,0.00027,Torr
2026-02-09T14:51:08.942960,68163.134,0.00027,Torr
2026-02-09T14:51:16.068011,68170.259,0.00027499999999999996,Torr
2026-02-09T14:51:21.114014,68175.305,0.00028,Torr
2026-02-09T14:51:28.239079,68182.430,0.00028,Torr
2026-02-09T14:51:33.285079,68187.476,0.00028,Torr
2026-02-09T14:51:40.425789,68194.617,0.000285,Torr
2026-02-09T14:51:45.471750,68199.663,0.00029,Torr
2026-02-09T14:51:52.596791,68206.788,0.000295,Torr
2026-02-09T14:51:57.643046,68211.834,0.0003,Torr
2026-02-09T14:52:04.767859,68218.959,0.0003,Torr
2026-02-09T14:52:09.813886,68224.005,0.0003,Torr
2026-02-09T14:52:16.938904,68231.130,0.000305,Torr
2026-02-09T14:52:21.984940,68236.176,0.00031,Torr
2026-02-09T14:52:29.109965,68243.301,0.00031,Torr
2026-02-09T14:52:34.156140,68248.347,0.00031,Torr
2026-02-09T14:52:41.296644,68255.488,0.00032,Torr
2026-02-09T14:52:46.342636,68260.534,0.00033,Torr
2026-02-09T14:52:53.467705,68267.659,0.00033,Torr
2026-02-09T14:52:58.513826,68272.705,0.00033,Torr
2026-02-09T14:53:05.638695,68279.830,0.00033,Torr
2026-02-09T14:53:10.684753,68284.876,0.00034,Torr
2026-02-09T14:53:17.809779,68292.001,0.00034,Torr
2026-02-09T14:53:22.855847,68297.047,0.00034,Torr
2026-02-09T14:53:29.980863,68304.172,0.00034500000000000004,Torr
2026-02-09T14:53:35.026855,68309.218,0.00035,Torr
2026-02-09T14:53:42.151895,68316.343,0.00035,Torr
2026-02-09T14:53:47.197976,68321.389,0.00036,Torr
2026-02-09T14:53:54.322964,68328.514,0.00036,Torr
2026-02-09T14:53:59.368989,68333.560,0.00036,Torr
2026-02-09T14:54:06.494040,68340.685,0.000365,Torr
2026-02-09T14:54:11.540005,68345.731,0.00037,Torr
2026-02-09T14:54:18.665048,68352.856,0.00038,Torr
2026-02-09T14:54:23.711069,68357.902,0.00038,Torr
2026-02-09T14:54:30.836136,68365.027,0.00038,Torr
2026-02-09T14:54:35.882210,68370.073,0.00039,Torr
2026-02-09T14:54:43.022808,68377.214,0.00039,Torr
2026-02-09T14:54:48.068928,68382.260,0.0004,Torr
2026-02-09T14:54:55.193819,68389.385,0.0004,Torr
2026-02-09T14:55:00.239862,68394.431,0.0004,Torr
2026-02-09T14:55:07.364882,68401.556,0.00041,Torr
2026-02-09T14:55:12.410972,68406.602,0.00041,Torr
2026-02-09T14:55:19.535977,68413.727,0.000415,Torr
2026-02-09T14:55:27.614688,68421.806,0.00042,Torr
2026-02-09T14:55:32.660712,68426.852,0.00042,Torr
2026-02-09T14:55:39.785781,68433.977,0.00043000000000000004,Torr
2026-02-09T14:55:44.831768,68439.023,0.00043,Torr
2026-02-09T14:55:51.956809,68446.148,0.00044,Torr
2026-02-09T14:55:57.018778,68451.210,0.00044,Torr
2026-02-09T14:56:02.064975,68456.256,0.00045,Torr
2026-02-09T14:56:09.205616,68463.397,0.00046,Torr
2026-02-09T14:56:14.251651,68468.443,0.00011,Torr
2026-02-09T14:56:21.376731,68475.568,1.45e-05,Torr
2026-02-09T14:56:26.422697,68480.614,1e-05,Torr
2026-02-09T14:56:33.547746,68487.739,8.85e-06,Torr
2026-02-09T14:56:38.593742,68492.785,7.9e-06,Torr
2026-02-09T14:56:45.718826,68499.910,7.45e-06,Torr
2026-02-09T14:56:50.764820,68504.956,7e-06,Torr
2026-02-09T14:56:57.889919,68512.081,6.650000000000001e-06,Torr
2026-02-09T14:57:02.935917,68517.127,6.3e-06,Torr
2026-02-09T14:57:10.076535,68524.268,6.05e-06,Torr
2026-02-09T14:57:15.122580,68529.314,5.9e-06,Torr
2026-02-09T14:57:22.247614,68536.439,5.75e-06,Torr
2026-02-09T14:57:27.293607,68541.485,5.5e-06,Torr
2026-02-09T14:57:34.418656,68548.610,5.45e-06,Torr
2026-02-09T14:57:39.464660,68553.656,5.3e-06,Torr
2026-02-09T14:57:46.589720,68560.781,5.2500000000000006e-06,Torr
2026-02-09T14:57:51.635780,68565.827,5.1e-06,Torr
2026-02-09T14:57:58.760833,68572.952,5.050000000000001e-06,Torr
2026-02-09T14:58:03.806762,68577.998,5e-06,Torr
2026-02-09T14:58:10.931807,68585.123,4.9e-06,Torr
2026-02-09T14:58:15.977831,68590.169,4.9e-06,Torr
2026-02-09T14:58:23.102886,68597.294,4.849999999999999e-06,Torr
2026-02-09T14:58:28.148876,68602.340,4.8e-06,Torr
2026-02-09T14:58:35.273928,68609.465,4.75e-06,Torr
2026-02-09T14:58:40.319927,68614.511,4.7e-06,Torr
2026-02-09T14:58:47.444963,68621.636,4.7e-06,Torr
2026-02-09T14:58:52.490977,68626.682,4.7e-06,Torr
2026-02-09T14:58:59.616033,68633.807,4.6e-06,Torr
2026-02-09T14:59:04.662027,68638.853,4.7e-06,Torr
2026-02-09T14:59:11.787103,68645.978,4.6e-06,Torr
2026-02-09T14:59:16.833314,68651.024,4.6e-06,Torr
2026-02-09T14:59:23.958068,68658.149,4.5500000000000005e-06,Torr
2026-02-09T14:59:29.004180,68663.195,4.6e-06,Torr
2026-02-09T14:59:36.129181,68670.320,4.6e-06,Torr
2026-02-09T14:59:41.175336,68675.366,4.6e-06,Torr
2026-02-09T14:59:48.300286,68682.491,4.6499999999999995e-06,Torr
2026-02-09T14:59:53.346315,68687.537,4.6e-06,Torr
2026-02-09T15:00:00.471291,68694.662,4.7e-06,Torr
2026-02-09T15:00:05.517314,68699.708,4.6e-06,Torr
2026-02-09T15:00:12.642294,68706.833,4.6e-06,Torr
2026-02-09T15:00:17.688398,68711.880,4.7e-06,Torr
2026-02-09T15:00:24.813443,68719.005,4.6499999999999995e-06,Torr
2026-02-09T15:00:29.859401,68724.051,4.7e-06,Torr
2026-02-09T15:00:36.984558,68731.176,4.6499999999999995e-06,Torr
2026-02-09T15:00:42.030504,68736.222,4.7e-06,Torr
2026-02-09T15:00:49.155496,68743.347,4.7e-06,Torr
2026-02-09T15:00:54.201755,68748.393,4.7e-06,Torr
2026-02-09T15:01:01.326524,68755.518,4.7e-06,Torr
2026-02-09T15:01:06.372584,68760.564,4.7e-06,Torr
2026-02-09T15:01:13.497602,68767.689,4.7e-06,Torr
2026-02-09T15:01:18.543617,68772.735,4.7e-06,Torr
2026-02-09T15:01:25.668813,68779.860,4.7e-06,Torr
2026-02-09T15:01:30.714668,68784.906,4.7e-06,Torr
2026-02-09T15:01:37.839741,68792.031,4.849999999999999e-06,Torr
2026-02-09T15:01:42.885728,68797.077,4.9e-06,Torr
2026-02-09T15:01:50.010877,68804.202,4.7e-06,Torr
2026-02-09T15:01:55.056828,68809.248,4.9e-06,Torr
2026-02-09T15:02:02.181959,68816.373,4.849999999999999e-06,Torr
2026-02-09T15:02:07.227996,68821.419,4.8e-06,Torr
2026-02-09T15:02:14.368531,68828.560,4.9e-06,Torr
2026-02-09T15:02:19.414534,68833.606,4.9e-06,Torr
2026-02-09T15:02:26.539592,68840.731,4.9e-06,Torr
2026-02-09T15:02:31.585591,68845.777,4.9e-06,Torr
2026-02-09T15:02:38.710713,68852.902,4.9e-06,Torr
2026-02-09T15:02:43.756618,68857.948,4.9e-06,Torr
2026-02-09T15:02:50.881670,68865.073,4.9e-06,Torr
2026-02-09T15:02:55.927747,68870.119,4.9e-06,Torr
2026-02-09T15:03:03.052774,68877.244,4.9e-06,Torr
2026-02-09T15:03:08.098729,68882.290,4.9e-06,Torr
2026-02-09T15:03:15.239442,68889.431,4.9e-06,Torr
2026-02-09T15:03:20.285644,68894.477,4.9e-06,Torr
2026-02-09T15:03:27.410467,68901.602,5e-06,Torr
2026-02-09T15:03:32.456517,68906.648,5e-06,Torr
2026-02-09T15:03:39.581478,68913.773,4.95e-06,Torr
2026-02-09T15:03:44.627528,68918.819,5e-06,Torr
2026-02-09T15:03:51.752598,68925.944,5.15e-06,Torr
2026-02-09T15:03:56.798581,68930.990,5.3e-06,Torr
2026-02-09T15:04:03.923652,68938.115,5.15e-06,Torr
2026-02-09T15:04:08.970140,68943.161,5.1e-06,Torr
2026-02-09T15:04:16.110314,68950.301,5.1e-06,Torr
2026-02-09T15:04:21.156354,68955.347,5.1e-06,Torr
2026-02-09T15:04:28.281345,68962.472,5.050000000000001e-06,Torr
2026-02-09T15:04:33.327406,68967.519,5.1e-06,Torr
2026-02-09T15:04:40.452414,68974.644,5.1e-06,Torr
2026-02-09T15:04:45.498423,68979.690,5.1e-06,Torr
2026-02-09T15:04:52.623520,68986.815,5.1e-06,Torr
2026-02-09T15:04:57.669503,68991.861,5.1e-06,Torr
2026-02-09T15:05:04.794477,68998.986,5.1e-06,Torr
2026-02-09T15:05:09.840528,69004.032,5.2e-06,Torr
2026-02-09T15:05:16.981225,69011.172,5.15e-06,Torr
2026-02-09T15:05:22.027245,69016.218,5.2e-06,Torr
2026-02-09T15:05:29.152297,69023.343,5.15e-06,Torr
2026-02-09T15:05:34.264639,69028.456,5.2e-06,Torr
2026-02-09T15:05:41.406574,69035.598,5.2500000000000006e-06,Torr
2026-02-09T15:05:46.447792,69040.639,5.2e-06,Torr
2026-02-09T15:05:53.718415,69047.910,5.2e-06,Torr
