time_s,sample_A_K,rad_shield_B_K,arm_C_K,ccr_D_K
0.000,9.511400,34.905700,10.389000,9.434200
1.023,9.535200,34.905900,10.389900,9.402800
2.044,9.506100,34.905900,10.392000,9.395400
3.119,9.535100,34.906300,10.393600,9.384800
4.148,9.500100,34.907300,10.388500,9.392800
5.196,9.526200,34.907400,10.383500,9.364800
6.225,9.504900,34.907500,10.387100,9.403200
7.250,9.546600,34.907100,10.389800,9.444200
8.292,9.534900,34.906600,10.405400,9.442800
9.312,9.562400,34.905600,10.409600,9.441500
10.341,9.536400,34.904100,10.413300,9.410200
11.360,9.565400,34.903400,10.417200,9.514300
12.392,9.570400,34.901900,10.426800,9.425200
13.410,9.553000,34.899900,10.414800,9.489200
14.432,9.540800,34.900500,10.411400,9.374600
15.450,9.541300,34.899400,10.411600,9.461000
16.487,9.572600,34.899500,10.418300,9.451300
17.517,9.550400,34.897800,10.419100,9.474400
18.541,9.574700,34.897800,10.423000,9.441300
19.585,9.549800,34.898700,10.424300,9.441700
20.618,9.580100,34.897500,10.428000,9.433100
21.640,9.546500,34.898000,10.426200,9.444900
22.686,9.582600,34.897400,10.425600,9.491200
23.716,9.550500,34.896800,10.426700,9.454000
24.744,9.576900,34.897400,10.425000,9.465200
25.786,9.540000,34.898400,10.420900,9.402700
26.810,9.567500,34.898200,10.415200,9.448400
27.837,9.532100,34.898800,10.414100,9.405200
28.862,9.552700,34.897700,10.411200,9.500000
29.904,9.540300,34.897700,10.418600,9.419500
30.937,9.561800,34.897300,10.414100,9.500500
31.964,9.561200,34.896000,10.423100,9.398000
33.004,9.561300,34.895600,10.416000,9.478500
34.030,9.542500,34.894600,10.415100,9.388000
35.053,9.543700,34.897400,10.414500,9.465300
36.090,9.564800,34.896300,10.415900,9.429900
37.118,9.545800,34.897000,10.411800,9.474100
38.140,9.575600,34.896700,10.420200,9.430700
39.185,9.555000,34.897700,10.427800,9.456400
40.211,9.575900,34.897700,10.432300,9.414700
41.238,9.543000,34.895200,10.423800,9.448300
42.260,9.573000,34.896700,10.420600,9.461800
43.406,9.568100,34.897800,10.418700,9.504200
44.428,9.559600,34.897300,10.424900,9.396600
45.450,9.547200,34.897300,10.421300,9.465900
46.492,9.576800,34.898200,10.422600,9.455900
47.529,9.547400,34.898500,10.420400,9.465500
48.559,9.558100,34.898500,10.414300,9.420900
49.601,9.523700,34.896800,10.406500,9.457100
50.624,9.545100,34.896800,10.403600,9.392400
51.645,9.510800,34.897000,10.398300,9.406700
52.667,9.537700,34.898500,10.393300,9.435800
53.707,9.520100,34.896600,10.396000,9.428700
54.735,9.559500,34.896600,10.404200,9.448000
55.762,9.525200,34.896700,10.408200,9.389700
56.803,9.537300,34.896300,10.402900,9.435000
57.830,9.519900,34.898000,10.405400,9.392400
58.861,9.542500,34.897300,10.400000,9.489700
59.899,9.530000,34.896400,10.401300,9.388600
60.931,9.524300,34.897400,10.389100,9.448800
61.956,9.519800,34.896400,10.390200,9.362100
62.999,9.515700,34.897300,10.390600,9.454100
64.036,9.513500,34.897800,10.394000,9.361900
65.064,9.522600,34.896700,10.393900,9.445900
66.106,9.530200,34.898800,10.403700,9.389300
67.135,9.542800,34.899800,10.407900,9.470100
68.168,9.542500,34.899800,10.405000,9.384700
69.206,9.530800,34.899500,10.395600,9.475000
70.228,9.543800,34.901900,10.402600,9.380700
71.251,9.532800,34.901300,10.406700,9.440400
72.294,9.570100,34.899600,10.412700,9.453700
73.319,9.536500,34.901000,10.413000,9.448700
74.351,9.562300,34.900700,10.412100,9.441100
75.390,9.516400,34.900000,10.406300,9.389900
76.420,9.532000,34.901000,10.393700,9.399100
77.444,9.495500,34.901300,10.387300,9.375400
78.563,9.529900,34.901700,10.385700,9.385600
79.596,9.495300,34.902000,10.383000,9.436300
80.621,9.515200,34.902800,10.380300,9.357300
81.644,9.482900,34.903500,10.375800,9.378900
82.672,9.515900,34.902800,10.371200,9.409300
83.705,9.488200,34.905300,10.374700,9.392000
84.721,9.507900,34.904600,10.369500,9.384500
85.745,9.479200,34.904900,10.369200,9.345500
86.773,9.494000,34.904200,10.365400,9.436800
87.807,9.478400,34.906700,10.368900,9.354000
88.827,9.507100,34.906300,10.367900,9.445300
89.851,9.497800,34.905700,10.373100,9.330900
90.892,9.494900,34.907400,10.374300,9.411900
91.918,9.500900,34.908700,10.380000,9.343900
92.942,9.498900,34.908700,10.376400,9.421400
93.961,9.526600,34.908000,10.380700,9.396400
95.005,9.504100,34.907700,10.385200,9.448700
96.026,9.544300,34.906300,10.394700,9.399700
97.049,9.516900,34.907000,10.399600,9.415600
98.074,9.546500,34.907500,10.398200,9.453600
99.106,9.516900,34.906600,10.399200,9.418600
100.128,9.545400,34.907500,10.396800,9.436400
101.150,9.509000,34.906700,10.396300,9.368600
102.172,9.516000,34.907100,10.387600,9.449100
103.210,9.496000,34.907400,10.387200,9.363200
104.240,9.500500,34.907400,10.375400,9.437800
105.264,9.491000,34.907100,10.369400,9.317400
106.307,9.475100,34.906600,10.360600,9.437100
107.329,9.504900,34.907500,10.373900,9.339400
108.348,9.496900,34.908500,10.376200,9.412900
109.394,9.528800,34.907700,10.381600,9.405700
110.420,9.503400,34.908900,10.380800,9.422500
111.442,9.524600,34.907100,10.381400,9.392400
112.474,9.494200,34.906400,10.382000,9.383600
113.506,9.536900,34.907300,10.388700,9.389100
114.530,9.505700,34.907400,10.392600,9.394300
115.558,9.521900,34.907000,10.382000,9.424700
116.603,9.502800,34.906600,10.382100,9.395900
117.625,9.525100,34.906300,10.380500,9.413100
118.744,9.480000,34.906200,10.373000,9.385600
119.762,9.506500,34.908000,10.366200,9.385400
120.808,9.488200,34.907400,10.368100,9.403800
121.829,9.525100,34.907100,10.374700,9.408500
122.845,9.494700,34.906300,10.382000,9.373900
123.865,9.517100,34.907300,10.377600,9.456200
124.906,9.505500,34.907000,10.380500,9.371600
125.934,9.506600,34.907800,10.371200,9.420800
126.955,9.479700,34.906900,10.366000,9.320800
127.975,9.492500,34.907000,10.367100,9.415500
129.012,9.508900,34.906900,10.382200,9.363300
130.035,9.530900,34.908800,10.393000,9.462100
131.059,9.552100,34.909100,10.403800,9.403800
132.097,9.520200,34.908100,10.402900,9.420800
133.114,9.543700,34.905700,10.403500,9.384200
134.138,9.514000,34.906000,10.400800,9.412000
135.166,9.531000,34.906700,10.389400,9.416100
136.198,9.504100,34.907300,10.388600,9.367200
137.220,9.548400,34.905300,10.393100,9.431900
138.246,9.514000,34.905200,10.398600,9.387800
139.269,9.542800,34.905700,10.398800,9.490500
140.308,9.539300,34.904900,10.404900,9.398100
141.329,9.541300,34.905500,10.398500,9.472900
142.357,9.521900,34.903500,10.397300,9.359100
143.400,9.519100,34.905200,10.395900,9.432200
144.425,9.512900,34.904800,10.394000,9.357000
145.445,9.505000,34.905500,10.385400,9.420400
146.477,9.519400,34.904600,10.380600,9.379200
147.509,9.504400,34.905300,10.377400,9.431700
148.532,9.532700,34.903700,10.386500,9.382900
149.560,9.513200,34.903200,10.393500,9.414700
150.601,9.557900,34.902000,10.401600,9.457200
151.628,9.528000,34.902400,10.406900,9.432300
152.657,9.554900,34.902000,10.404600,9.438100
153.700,9.526600,34.902000,10.407400,9.393100
154.724,9.568600,34.901600,10.409700,9.453900
155.761,9.539500,34.900500,10.418800,9.415200
156.809,9.564600,34.901200,10.417500,9.455300
157.840,9.547700,34.898900,10.426000,9.431800
158.910,9.581100,34.899800,10.429300,9.436400
159.936,9.537100,34.900300,10.424400,9.424600
160.964,9.545300,34.899400,10.407900,9.450000
162.002,9.515800,34.898900,10.400100,9.360200
163.026,9.530900,34.900000,10.390100,9.421000
164.048,9.502600,34.898900,10.386800,9.362100
165.077,9.526300,34.899600,10.391300,9.462300
166.113,9.540000,34.899200,10.399900,9.381700
167.136,9.531900,34.899800,10.397200,9.473600
168.166,9.521800,34.900500,10.394700,9.352500
169.215,9.511700,34.901900,10.380100,9.447300
170.237,9.498500,34.901900,10.377200,9.328900
171.267,9.483000,34.902300,10.371000,9.390600
172.301,9.514400,34.902100,10.369600,9.395500
173.334,9.496900,34.902300,10.374900,9.412500
174.367,9.520500,34.901400,10.376400,9.389700
175.406,9.496700,34.900900,10.382900,9.433800
176.430,9.535900,34.899600,10.388200,9.390200
177.447,9.507200,34.901000,10.393300,9.401500
178.469,9.536600,34.900600,10.389700,9.444200
179.509,9.512900,34.901400,10.395000,9.403300
180.537,9.532800,34.902300,10.387600,9.421600
181.560,9.499300,34.901700,10.387500,9.360200
182.602,9.520100,34.899900,10.386800,9.456600
183.626,9.515000,34.899400,10.396100,9.389700
184.654,9.538100,34.899900,10.399200,9.482500
185.701,9.538600,34.900300,10.402100,9.372800
186.729,9.543000,34.900900,10.399600,9.480600
187.755,9.541400,34.900300,10.406000,9.381100
188.804,9.538900,34.900900,10.409400,9.458200
189.840,9.556800,34.900700,10.421400,9.401600
190.860,9.543100,34.900300,10.418000,9.459500
191.908,9.561300,34.900000,10.411900,9.389300
192.940,9.541000,34.899400,10.410700,9.467500
193.970,9.556800,34.899600,10.411400,9.406100
195.018,9.533600,34.898800,10.403500,9.465600
196.041,9.547400,34.898800,10.405100,9.389900
197.065,9.522900,34.899400,10.406600,9.419500
198.105,9.549400,34.899900,10.401200,9.438500
199.134,9.527800,34.900000,10.404000,9.435800
200.158,9.549300,34.899400,10.402300,9.428500
201.205,9.505600,34.901400,10.397800,9.373100
202.233,9.545900,34.901000,10.393300,9.430000
203.260,9.533300,34.901600,10.406500,9.416300
204.306,9.557100,34.903200,10.412000,9.492400
205.334,9.529800,34.901900,10.411300,9.419200
206.360,9.549100,34.901000,10.408100,9.465700
207.403,9.518700,34.902800,10.399900,9.360500
208.424,9.527300,34.902300,10.388400,9.429600
209.451,9.500500,34.902500,10.386400,9.348500
210.478,9.501500,34.903100,10.380000,9.419700
211.519,9.502000,34.903000,10.383800,9.363000
212.546,9.509900,34.901200,10.384000,9.435200
213.574,9.515300,34.901300,10.380100,9.358700
214.606,9.499100,34.901900,10.384500,9.393100
215.628,9.499700,34.901000,10.377500,9.329200
216.647,9.471700,34.903900,10.365200,9.374400
217.673,9.510600,34.904500,10.364100,9.395500
218.706,9.481700,34.904800,10.370700,9.350500
219.723,9.517200,34.905200,10.371600,9.396600
220.742,9.482300,34.905900,10.374300,9.356500
221.758,9.506200,34.904800,10.369700,9.444500
222.778,9.502600,34.907400,10.376000,9.336300
223.816,9.518200,34.908200,10.375200,9.443800
224.846,9.519000,34.905600,10.387700,9.363700
225.864,9.517300,34.907300,10.392400,9.438300
226.912,9.547500,34.907800,10.399200,9.373700
227.944,9.531400,34.907700,10.401400,9.453600
229.069,9.526600,34.909600,10.406900,9.384000
230.105,9.523900,34.909400,10.397200,9.455200
231.132,9.518100,34.908700,10.401400,9.384200
232.152,9.531200,34.908900,10.397200,9.474800
233.175,9.525700,34.907500,10.395300,9.360100
234.216,9.506100,34.908800,10.389000,9.472000
235.249,9.524200,34.909500,10.394500,9.357000
236.287,9.508900,34.910600,10.391300,9.422900
237.323,9.513400,34.910300,10.390000,9.355700
238.350,9.507300,34.912800,10.386600,9.427900
239.376,9.533700,34.911400,10.388500,9.406000
240.413,9.503200,34.913000,10.386500,9.436600
241.438,9.523900,34.913100,10.386600,9.375800
242.460,9.482800,34.913700,10.378200,9.371900
243.510,9.504600,34.913100,10.368100,9.411800
244.539,9.475500,34.914400,10.365700,9.374500
245.562,9.522000,34.915600,10.371200,9.417700
246.585,9.496400,34.914500,10.380400,9.355600
247.627,9.535500,34.916000,10.383700,9.419900
248.658,9.504900,34.915700,10.391700,9.371700
249.707,9.502100,34.915700,10.378100,9.440300
250.737,9.482700,34.915500,10.375400,9.357100
251.761,9.494900,34.917800,10.366700,9.427800
252.805,9.490000,34.916900,10.365500,9.324200
253.839,9.508100,34.918100,10.366000,9.432000
254.865,9.500100,34.918400,10.377400,9.341000
255.906,9.500400,34.917300,10.379000,9.417700
256.944,9.506500,34.917500,10.383900,9.357200
257.964,9.519300,34.915700,10.386900,9.449700
258.986,9.552300,34.915700,10.399700,9.410700
260.025,9.554400,34.913800,10.411100,9.493600
261.053,9.567900,34.913800,10.421400,9.411600
262.076,9.531400,34.911800,10.416500,9.426900
263.121,9.532900,34.911400,10.405100,9.363200
264.181,9.510700,34.910700,10.394900,9.419100
265.225,9.538800,34.911800,10.401400,9.376600
266.255,9.528000,34.910700,10.405100,9.442000
267.273,9.553000,34.913500,10.403900,9.433900
268.314,9.511700,34.911400,10.401800,9.434200
269.343,9.532500,34.911600,10.393800,9.397300
270.379,9.494000,34.909600,10.387200,9.374900
271.426,9.518400,34.909500,10.381000,9.370600
272.461,9.497600,34.910300,10.383500,9.393200
273.487,9.527500,34.910200,10.383700,9.432800
274.527,9.499500,34.909600,10.385200,9.398100
275.553,9.543500,34.908800,10.388400,9.440000
276.581,9.519400,34.909100,10.400500,9.379400
277.621,9.535000,34.908900,10.400600,9.437800
278.649,9.532700,34.906900,10.409300,9.405900
279.680,9.551900,34.907500,10.411000,9.495500
280.727,9.516400,34.906600,10.408000,9.390500
281.755,9.527200,34.906200,10.393100,9.463900
282.784,9.532300,34.903700,10.396500,9.372600
283.821,9.559600,34.905600,10.406100,9.483200
284.846,9.552300,34.905000,10.416200,9.401300
285.865,9.552100,34.903900,10.419900,9.474600
286.912,9.572700,34.903200,10.422100,9.438900
287.933,9.547100,34.903700,10.416300,9.471900
288.950,9.568600,34.903800,10.418900,9.420700
289.976,9.544700,34.902500,10.421200,9.447200
291.019,9.584700,34.902100,10.426900,9.422200
292.047,9.546800,34.901900,10.427400,9.448800
293.071,9.577200,34.900500,10.424000,9.466400
294.116,9.537900,34.901900,10.422200,9.448600
295.137,9.569200,34.902100,10.418700,9.446800
296.169,9.521300,34.901200,10.412400,9.389600
297.210,9.529100,34.900000,10.398800,9.471700
298.238,9.507700,34.901600,10.397300,9.387400
299.361,9.539400,34.901900,10.395600,9.404800
300.390,9.512400,34.901200,10.398100,9.405400
301.428,9.549000,34.901900,10.405000,9.398200
302.461,9.502400,34.902300,10.396900,9.391700
303.488,9.520100,34.903000,10.382500,9.419800
304.527,9.480300,34.903400,10.375200,9.374800
305.555,9.502500,34.905900,10.363900,9.389000
306.590,9.481400,34.905500,10.369500,9.345000
307.628,9.506800,34.908100,10.367200,9.382500
308.656,9.490600,34.908000,10.373200,9.367500
309.688,9.523200,34.906900,10.381500,9.471900
310.723,9.519800,34.905200,10.389200,9.382100
311.758,9.539200,34.906700,10.389900,9.475400
312.794,9.539200,34.904900,10.405700,9.378100
313.824,9.551800,34.903400,10.403000,9.467700
314.851,9.547700,34.903200,10.413700,9.396600
315.881,9.544700,34.903100,10.416300,9.461500
316.924,9.553000,34.903000,10.410400,9.382400
317.949,9.537300,34.902500,10.405900,9.466200
318.970,9.553200,34.901300,10.408600,9.402000
320.011,9.520500,34.902500,10.406900,9.412700
321.035,9.539100,34.902700,10.403300,9.376400
322.063,9.512000,34.902800,10.398300,9.413500
323.087,9.538300,34.901600,10.392700,9.421100
324.124,9.506100,34.901300,10.390500,9.422200
325.147,9.542700,34.902100,10.393900,9.424600
326.170,9.521300,34.903100,10.400900,9.401700
327.213,9.561100,34.902400,10.409600,9.509500
328.248,9.567200,34.902000,10.432600,9.454000
329.271,9.595900,34.902500,10.438500,9.528300
330.318,9.587800,34.901000,10.448800,9.425100
331.349,9.596100,34.900900,10.440600,9.514200
332.382,9.569200,34.899800,10.442700,9.411800
333.420,9.559500,34.898000,10.431000,9.485800
334.448,9.554300,34.896600,10.432400,9.407400
335.484,9.559500,34.895900,10.426900,9.484700
336.527,9.550400,34.896300,10.428000,9.416100
337.546,9.564400,34.895600,10.425100,9.505000
338.578,9.574700,34.895200,10.430700,9.413000
339.616,9.533400,34.896700,10.421900,9.431500
340.650,9.541800,34.896200,10.412700,9.372900
341.682,9.534300,34.897100,10.411000,9.449300
342.731,9.553600,34.897000,10.419400,9.394000
343.754,9.558200,34.897000,10.425500,9.479200
344.785,9.585600,34.897000,10.431300,9.460400
345.832,9.564200,34.895600,10.429800,9.489900
346.867,9.582800,34.895900,10.433700,9.439900
347.915,9.534000,34.896400,10.423600,9.421600
348.937,9.558700,34.897500,10.418000,9.403000
349.959,9.533000,34.895500,10.416200,9.429600
350.986,9.570500,34.896200,10.415100,9.472100
352.030,9.555700,34.896600,10.426600,9.464100
353.054,9.579800,34.897300,10.429000,9.460500
354.083,9.544700,34.897000,10.425300,9.411400
355.120,9.556400,34.896400,10.421400,9.492000
356.139,9.526300,34.896200,10.416000,9.398500
357.162,9.535900,34.895600,10.403100,9.477400
358.188,9.526000,34.896400,10.398400,9.360200
359.229,9.526800,34.896600,10.391300,9.451400
360.255,9.509000,34.897400,10.389000,9.347500
361.289,9.495400,34.897800,10.381500,9.408900
362.331,9.494300,34.899400,10.379600,9.342000
363.355,9.492000,34.898800,10.373300,9.411100
364.372,9.514700,34.899100,10.373800,9.373300
365.399,9.492500,34.899100,10.380000,9.386100
366.435,9.519300,34.897800,10.382700,9.361800
367.454,9.491700,34.899200,10.381900,9.385000
368.473,9.513000,34.900900,10.373800,9.404100
369.570,9.484400,34.901200,10.370400,9.392600
370.589,9.521200,34.901200,10.375300,9.403300
371.626,9.486200,34.899900,10.375300,9.405300
372.645,9.532200,34.901700,10.380700,9.417200
373.667,9.510600,34.901300,10.392800,9.391300
374.695,9.532600,34.900300,10.390700,9.477000
375.731,9.512900,34.901200,10.394200,9.400400
376.768,9.534300,34.900700,10.390100,9.456700
377.791,9.514200,34.901000,10.391200,9.355900
378.831,9.529400,34.902300,10.383700,9.437400
379.857,9.514200,34.902400,10.388100,9.368300
380.876,9.520100,34.903200,10.388600,9.450100
381.900,9.534400,34.903100,10.390100,9.392100
382.934,9.521300,34.905500,10.386300,9.455400
383.958,9.537700,34.901700,10.391900,9.384800
384.983,9.510000,34.902800,10.391400,9.411900
386.021,9.541500,34.903100,10.390400,9.432700
387.047,9.504600,34.903000,10.386500,9.412100
388.071,9.528900,34.902800,10.381000,9.411700
389.098,9.502000,34.903800,10.383300,9.376900
390.137,9.550500,34.902500,10.390900,9.436200
391.172,9.528100,34.902500,10.402900,9.412500
392.199,9.559700,34.902400,10.407900,9.501200
393.238,9.541400,34.901000,10.413900,9.435300
394.267,9.577900,34.901400,10.418800,9.504100
395.287,9.557100,34.900500,10.423000,9.402300
396.331,9.544700,34.898500,10.414500,9.476600
397.352,9.544700,34.898900,10.417200,9.393300
398.379,9.553100,34.898200,10.415400,9.482700
399.396,9.571100,34.897800,10.418100,9.427500
400.434,9.532300,34.897800,10.412100,9.470900
401.467,9.543100,34.896600,10.403700,9.385600
402.501,9.526100,34.896700,10.402600,9.431400
403.537,9.558700,34.895700,10.411600,9.397600
404.677,9.552800,34.896800,10.407200,9.494800
405.702,9.547500,34.897300,10.411100,9.382700
406.739,9.553200,34.899100,10.407000,9.474800
407.773,9.523800,34.899800,10.401300,9.363600
408.802,9.515900,34.898000,10.391800,9.433300
409.838,9.505800,34.898100,10.388100,9.352700
410.861,9.510100,34.897300,10.383100,9.430200
411.886,9.527000,34.897500,10.381800,9.382400
412.934,9.518400,34.896800,10.384100,9.448000
413.956,9.538200,34.895900,10.389300,9.383800
414.987,9.503800,34.895600,10.388900,9.397300
416.034,9.518700,34.895200,10.383400,9.353300
417.059,9.498900,34.896700,10.380300,9.408400
418.092,9.547900,34.896000,10.386900,9.435500
419.136,9.532800,34.895000,10.401800,9.455300
420.160,9.586800,34.892800,10.416800,9.472300
421.193,9.555300,34.891200,10.427600,9.432700
422.234,9.592600,34.889800,10.427700,9.468000
423.256,9.565300,34.889100,10.435900,9.450800
424.274,9.584400,34.886300,10.430000,9.508200
425.323,9.576000,34.885900,10.434000,9.420100
426.347,9.601000,34.885700,10.437200,9.511800
427.378,9.585100,34.885200,10.445100,9.433800
428.423,9.592100,34.885600,10.445800,9.519600
429.451,9.583800,34.883800,10.452000,9.440800
430.480,9.589700,34.884100,10.444900,9.519400
431.532,9.599100,34.883000,10.445600,9.441100
432.566,9.575900,34.881900,10.434200,9.512400
433.599,9.583200,34.881900,10.433700,9.417000
434.644,9.591700,34.880900,10.436000,9.523400
435.673,9.585800,34.879900,10.442700,9.410700
436.692,9.577100,34.878800,10.441300,9.478600
437.729,9.585100,34.879500,10.435500,9.389900
438.761,9.547300,34.879900,10.421700,9.453100
439.783,9.574200,34.879900,10.419000,9.433200
440.803,9.554300,34.879900,10.427100,9.431900
441.842,9.591800,34.881200,10.432500,9.432800
442.864,9.570200,34.881200,10.437500,9.457500
443.886,9.615100,34.880300,10.444500,9.511600
444.931,9.599500,34.880300,10.457800,9.478400
445.957,9.647500,34.879600,10.465700,9.527800
446.982,9.619900,34.880700,10.479500,9.459700
448.034,9.628600,34.880300,10.475200,9.508100
449.063,9.612300,34.879600,10.477500,9.460900
450.083,9.631000,34.881600,10.472100,9.555400
451.107,9.648600,34.881900,10.482300,9.467100
452.143,9.661700,34.881000,10.492000,9.574100
453.164,9.653900,34.880700,10.497900,9.469600
454.191,9.649900,34.881700,10.499900,9.545600
455.229,9.692500,34.882300,10.508500,9.497400
456.254,9.682800,34.881300,10.521800,9.582600
457.277,9.702600,34.880900,10.524400,9.548200
458.301,9.666800,34.880700,10.523100,9.531700
459.342,9.700900,34.879900,10.524200,9.532900
460.370,9.679500,34.881300,10.529500,9.554700
461.392,9.712800,34.881400,10.530900,9.600500
462.437,9.697700,34.882400,10.538500,9.574800
463.460,9.731300,34.881900,10.543900,9.605100
464.489,9.703400,34.880700,10.550900,9.542000
465.533,9.714100,34.881200,10.546900,9.594800
466.552,9.708400,34.879500,10.552500,9.559800
467.573,9.721000,34.880200,10.549300,9.643200
468.597,9.717200,34.880200,10.549800,9.532400
469.640,9.693700,34.880200,10.543200,9.630400
470.665,9.705600,34.879400,10.543300,9.520300
471.691,9.705200,34.879500,10.546200,9.599700
472.739,9.738300,34.878100,10.554000,9.540900
473.777,9.726700,34.880300,10.559300,9.624700
474.807,9.745900,34.881000,10.564200,9.585700
475.845,9.720000,34.879400,10.558600,9.618500
476.877,9.739000,34.880300,10.558800,9.564900
477.909,9.718000,34.879600,10.562700,9.584800
478.940,9.753300,34.880500,10.570300,9.569500
479.980,9.726000,34.880500,10.570800,9.594300
481.010,9.762000,34.880600,10.571200,9.630600
482.043,9.735900,34.880700,10.578900,9.605800
483.076,9.748700,34.881300,10.570000,9.597500
484.107,9.709500,34.883800,10.564200,9.546800
485.146,9.732600,34.884400,10.555000,9.579300
486.180,9.710400,34.884100,10.557800,9.559200
487.230,9.734500,34.884400,10.557700,9.639100
488.258,9.715200,34.884900,10.561600,9.569900
489.278,9.738400,34.886600,10.558900,9.629000
490.308,9.726200,34.887700,10.565400,9.537300
491.346,9.748400,34.887400,10.565200,9.622500
492.371,9.730800,34.888800,10.570400,9.549600
493.400,9.733200,34.889600,10.568700,9.628600
494.446,9.708700,34.890900,10.564700,9.535200
495.479,9.707900,34.890900,10.550000,9.605600
496.503,9.718800,34.892400,10.548000,9.530000
497.546,9.727600,34.894800,10.551500,9.641400
498.584,9.733300,34.893700,10.560800,9.538800
499.608,9.712000,34.893900,10.560300,9.583700
500.646,9.713200,34.895300,10.555200,9.515700
501.668,9.713900,34.896600,10.554400,9.599100
502.702,9.739800,34.897400,10.558100,9.586200
503.741,9.717400,34.897800,10.561300,9.620400
504.770,9.761300,34.898000,10.571600,9.596200
505.800,9.742700,34.898400,10.583200,9.600800
506.841,9.778200,34.899600,10.590400,9.599100
507.867,9.748400,34.899500,10.594300,9.603100
508.898,9.761200,34.898200,10.582200,9.629600
509.941,9.731500,34.898500,10.575700,9.591000
510.971,9.761700,34.900500,10.574300,9.617500
512.007,9.736300,34.901200,10.580900,9.566300
513.045,9.764300,34.900300,10.579900,9.609900
514.069,9.734700,34.899800,10.580000,9.576200
515.097,9.748200,34.901600,10.576800,9.655600
516.138,9.741800,34.901300,10.574800,9.572000
517.167,9.755500,34.903200,10.573400,9.655800
518.188,9.747800,34.903200,10.581200,9.549800
519.233,9.739500,34.902800,10.578100,9.624300
520.254,9.747300,34.901600,10.583200,9.559200
521.289,9.757100,34.900600,10.586700,9.646900
522.314,9.788100,34.902000,10.594600,9.621400
523.350,9.766300,34.902300,10.598200,9.654300
524.376,9.772100,34.901300,10.593000,9.590500
525.407,9.756800,34.901700,10.594900,9.622200
526.447,9.786800,34.900200,10.601200,9.587000
527.470,9.763300,34.901400,10.600500,9.633700
528.491,9.807900,34.901400,10.609400,9.667100
529.535,9.789000,34.902000,10.621800,9.618300
530.561,9.798800,34.901600,10.613200,9.645000
531.584,9.763000,34.902300,10.609100,9.599800
532.607,9.771400,34.903200,10.599400,9.672900
533.647,9.766100,34.902800,10.603300,9.616400
534.678,9.790200,34.904300,10.606000,9.688500
535.712,9.781300,34.904500,10.609900,9.581900
536.745,9.791500,34.905200,10.604900,9.676800
537.765,9.781300,34.905200,10.609300,9.594100
538.796,9.780100,34.905000,10.610200,9.672100
539.847,9.805100,34.906300,10.617100,9.595600
540.873,9.960600,34.906200,10.667100,9.748700
541.890,10.689400,34.908200,11.017000,10.079400
542.908,12.263600,34.921700,11.907300,11.087800
543.947,14.927100,34.967000,13.618000,13.041300
544.971,17.733900,35.045000,15.602800,15.328300
545.998,20.604400,35.158900,17.701300,17.730400
547.047,22.952900,35.319900,19.924700,20.206300
548.082,24.664800,35.491300,21.791800,22.173200
549.109,27.169500,35.680800,23.115700,23.438200
550.251,29.927000,35.939000,24.479900,25.033600
551.269,31.786600,36.162600,25.855900,26.539400
552.301,33.421700,36.392600,27.146200,27.846800
553.350,35.041400,36.647700,28.364400,29.071900
554.369,36.383900,36.880300,29.348700,30.028800
555.396,37.645800,37.113500,30.248000,31.090400
556.434,38.829500,37.390200,31.069100,32.337900
557.468,40.094600,37.734800,31.938200,33.556000
558.502,41.190200,38.060200,32.674600,34.548300
559.554,42.340300,38.415600,33.434400,35.511000
560.586,43.338300,38.737500,34.109800,36.327700
561.607,44.297600,39.060000,34.746700,37.089200
562.653,45.302500,39.407300,35.410600,37.867700
563.677,46.181600,39.718400,35.996400,38.531200
564.704,47.031200,40.020500,36.569800,39.173400
565.754,47.936000,40.346700,37.171600,39.849600
566.794,48.732000,40.638300,37.695400,40.436700
567.838,49.499900,40.923300,38.203200,41.000100
568.865,50.316500,41.232500,38.738800,41.595700
569.889,51.040300,41.509200,39.224400,42.117600
570.940,51.746000,41.777700,39.695200,42.623300
571.974,52.504500,42.071100,40.195300,43.161700
573.011,53.178600,42.332700,40.638500,43.636900
574.052,53.904200,42.616600,41.113300,44.146300
575.075,54.548300,42.868000,41.532800,44.596500
576.107,55.174700,43.117900,41.942400,45.036700
577.155,55.850800,43.387900,42.381800,45.509400
578.187,56.455100,43.629700,42.774100,45.930100
579.214,57.049800,43.867200,43.156900,46.341600
580.255,57.692300,44.125600,43.570800,46.786100
581.285,58.268300,44.357400,43.938700,47.182400
582.307,58.835700,44.585700,44.300600,47.571000
583.351,59.450000,44.833600,44.691600,47.990900
584.371,59.993800,45.057100,45.041900,48.366700
585.437,60.531000,45.277500,45.385300,48.736600
586.457,61.113400,45.514900,45.756900,49.134900
587.491,61.636900,45.729600,46.089700,49.487600
588.511,62.154000,45.941900,46.420000,49.835600
589.545,62.665700,46.151800,46.775900,50.212400
590.573,63.221600,46.378300,47.093300,50.551000
591.596,63.722100,46.583900,47.408600,50.885200
592.613,64.218200,46.787000,47.721000,51.214500
593.646,64.706600,46.988200,48.059000,51.573000
594.664,65.234200,47.205400,48.363400,51.895300
595.692,65.709600,47.402400,48.662500,52.213600
596.739,66.180600,47.596900,48.959100,52.527400
597.761,66.694900,47.810100,49.276600,52.870200
598.793,67.158000,48.002300,49.562900,53.178200
599.811,67.617200,48.190100,49.843400,53.482900
600.850,68.073700,48.377800,50.152000,53.815100
601.882,68.570700,48.583100,50.428900,54.113900
602.903,69.019500,48.767500,50.702500,54.410700
603.944,69.459400,48.952200,50.973900,54.732900
604.967,69.939900,49.149300,51.269200,55.023800
605.991,70.374100,49.324900,51.536300,55.312900
607.016,70.805200,49.500900,51.800400,55.599300
608.055,71.275100,49.691800,52.088000,55.911000
609.080,71.700500,49.864800,52.349800,56.193000
610.103,72.122400,50.035300,52.605500,56.471200
611.146,72.542300,50.204400,52.861100,56.771400
612.167,73.001300,50.391900,53.139800,57.041900
613.192,73.415700,50.561200,53.391700,57.311000
614.213,73.823200,50.727500,53.643900,57.578200
615.252,74.227300,50.892800,53.914900,57.870000
616.286,74.669500,51.072500,54.161000,58.132900
617.308,75.068800,51.235800,54.404900,58.395100
618.348,75.466100,51.398200,54.672900,58.681300
619.367,75.901600,51.576900,54.914400,58.940600
620.404,76.294100,51.736900,55.153500,59.197800
621.444,76.685500,51.895300,55.391900,59.454000
622.471,77.113400,52.071200,55.653400,59.734600
623.502,77.500500,52.227200,55.889200,59.987800
624.540,77.886000,52.384500,56.122600,60.239400
625.579,78.305000,52.556300,56.378900,60.515000
626.607,78.682000,52.710300,56.606800,60.764300
627.650,79.057400,52.878900,56.856500,61.036800
628.679,79.468300,53.029500,57.081900,61.283500
629.703,79.840200,53.181200,57.306100,61.529000
630.752,80.210900,53.348100,57.551600,61.797400
631.787,80.616600,53.498400,57.771900,62.041100
632.840,80.983900,53.647400,57.992700,62.283600
633.873,81.386800,53.813200,58.233700,62.548400
634.897,81.750300,53.961900,58.451800,62.788700
635.921,82.113000,54.108900,58.669900,63.027700
636.960,82.510800,54.271600,58.908400,63.286000
637.993,82.866500,54.415100,59.124000,63.519600
639.020,83.220500,54.559700,59.339500,63.752800
640.058,83.608000,54.720200,59.573700,64.007500
641.093,83.959500,54.863800,59.786700,64.238000
642.144,84.310300,55.009100,59.998200,64.468200
643.167,84.693900,55.164800,60.231400,64.720000
644.196,85.042100,55.307800,60.440700,64.948800
645.222,85.388700,55.450200,60.652200,65.177000
646.255,85.768600,55.603300,60.882000,65.426600
647.276,86.112500,55.743900,61.090300,65.652800
648.303,86.455500,55.883400,61.297800,65.878800
649.343,86.797500,56.022800,61.504300,66.103800
650.370,87.170100,56.175100,61.731300,66.349400
651.394,87.505000,56.312600,61.936100,66.573300
652.442,87.838800,56.450800,62.141000,66.796200
653.478,88.204800,56.598200,62.365500,67.040500
654.509,88.536600,56.731400,62.568400,67.262400
655.547,88.867200,56.865200,62.771300,67.483500
656.575,89.230200,57.013900,62.994200,67.726200
657.592,89.559200,57.146400,63.193100,67.946000
658.609,89.886700,57.278700,63.389200,68.165700
659.642,90.213600,57.412600,63.587200,68.384200
660.718,90.573000,57.556700,63.805200,68.625200
661.761,90.930700,57.702000,64.021500,68.865700
662.780,91.254000,57.832900,64.218100,69.080500
663.801,91.576700,57.964400,64.412800,69.293000
664.844,91.895700,58.095500,64.609200,69.505400
665.862,92.244800,58.241200,64.822400,69.738800
666.878,92.561200,58.370600,65.017000,69.950400
667.896,92.877400,58.500800,65.210800,70.161200
668.917,93.192600,58.629000,65.406200,70.371700
669.959,93.538100,58.773100,65.617800,70.602600
670.980,93.851700,58.901400,65.810800,70.812000
671.999,94.164800,59.031400,66.002800,71.021200
673.015,94.476600,59.160600,66.195000,71.230300
674.047,94.787400,59.286700,66.385600,71.438300
675.071,95.128700,59.430600,66.596800,71.667600
676.097,95.438900,59.561000,66.788800,71.875600
677.121,95.747700,59.687400,66.981000,72.082700
678.159,96.085800,59.827000,67.189800,72.310300
679.182,96.389600,59.954600,67.379800,72.517000
680.199,96.693600,60.083700,67.569800,72.723200
681.215,96.996700,60.212700,67.760900,72.929600
682.250,97.299400,60.339900,67.950900,73.155900
683.267,97.630400,60.481200,68.161000,73.360200
684.290,97.930900,60.608400,68.349800,73.564600
685.318,98.231300,60.735100,68.540500,73.769100
686.352,98.530100,60.863000,68.729000,73.993700
687.370,98.858800,61.004000,68.936200,74.197900
688.396,99.157500,61.132800,69.122500,74.401800
689.421,99.455500,61.260800,69.308400,74.605700
690.457,99.752300,61.389100,69.513600,74.829100
691.483,100.078000,61.529000,69.698200,75.031600
692.509,100.373000,61.657200,69.883900,75.229700
693.556,100.669000,61.786700,70.088600,75.448400
694.578,100.993000,61.928100,70.273100,75.646600
695.610,101.287000,62.057200,70.457700,75.844200
696.654,101.579000,62.184100,70.663000,76.061700
697.672,101.895000,62.324300,70.848600,76.259400
698.694,102.182000,62.455600,71.034000,76.456400
699.711,102.469000,62.585100,71.219000,76.653200
700.816,102.783000,62.728100,71.420700,76.869800
701.855,103.069000,62.856300,71.625800,77.086300
702.873,103.383000,62.997700,71.810700,77.282300
703.890,103.667000,63.125200,71.994700,77.478200
704.907,103.951000,63.254000,72.180400,77.674100
705.927,104.233000,63.381500,72.365600,77.869400
706.967,104.544000,63.521700,72.570200,78.084100
707.994,104.828000,63.649600,72.754700,78.279600
709.024,105.109000,63.777100,72.940700,78.474900
710.058,105.391000,63.917600,73.143800,78.688700
711.080,105.699000,64.046800,73.329600,78.883200
712.099,105.980000,64.175900,73.514500,79.077800
713.126,106.260000,64.303300,73.699500,79.272000
714.158,106.539000,64.445500,73.903000,79.486300
715.182,106.846000,64.575500,74.089500,79.679600
716.200,107.124000,64.704200,74.273800,79.873700
717.227,107.402000,64.832800,74.460000,80.067300
718.262,107.707000,64.977600,74.663100,80.279700
719.285,107.984000,65.107400,74.849800,80.473000
720.301,108.261000,65.238300,75.034000,80.665900
721.329,108.536000,65.368100,75.215500,80.858500
722.367,108.835000,65.510600,75.416700,81.069600
723.397,109.106000,65.639400,75.597600,81.258700
724.417,109.376000,65.769400,75.779600,81.447600
725.463,109.673000,65.911400,75.979800,81.655700
726.480,109.943000,66.040400,76.161800,81.844300
727.503,110.212000,66.169100,76.341800,82.033000
728.531,110.481000,66.300200,76.522300,82.221100
729.567,110.776000,66.440100,76.722100,82.428600
730.599,111.044000,66.565900,76.902800,82.616700
731.616,111.311000,66.693800,77.082700,82.804800
732.654,111.578000,66.818700,77.262800,82.993200
733.675,111.872000,66.956800,77.460800,83.199500
734.704,112.138000,67.080700,77.639800,83.387400
735.752,112.404000,67.203400,77.818400,83.574800
736.782,112.696000,67.337700,78.015200,83.781800
737.804,112.962000,67.459800,78.191700,83.969600
738.850,113.226000,67.580300,78.370200,84.157600
739.874,113.517000,67.711700,78.563400,84.362900
740.977,113.808000,67.843200,78.756500,84.568800
742.007,114.071000,67.962900,78.933700,84.755800
743.052,114.334000,68.081700,79.107800,84.943700
744.075,114.624000,68.212200,79.299600,85.149200
745.101,114.886000,68.332000,79.474500,85.335800
746.120,115.148000,68.449600,79.649600,85.522500
747.154,115.410000,68.569600,79.824000,85.709000
748.170,115.694000,68.697900,80.013300,85.914500
749.189,115.951000,68.816900,80.188800,86.100400
750.217,116.208000,68.934300,80.361100,86.287300
751.255,116.464000,69.049800,80.533800,86.473900
752.271,116.745000,69.180100,80.723800,86.678600
753.296,117.000000,69.296000,80.896200,86.864800
754.323,117.255000,69.413800,81.067100,87.049600
755.358,117.510000,69.528300,81.237700,87.250000
756.380,117.790000,69.657900,81.425000,87.432800
757.409,118.044000,69.775600,81.594600,87.614700
758.453,118.298000,69.893900,81.763300,87.796900
759.478,118.576000,70.022500,81.948900,87.996700
760.503,118.830000,70.140400,82.119700,88.178900
761.529,119.083000,70.260700,82.290200,88.361000
762.571,119.361000,70.391800,82.474600,88.561100
763.599,119.613000,70.510300,82.646500,88.742900
764.628,119.864000,70.630000,82.816100,88.924700
765.670,120.141000,70.761100,83.003000,89.123700
766.696,120.392000,70.881100,83.171500,89.305200
767.719,120.643000,71.000100,83.341700,89.486400
768.766,120.894000,71.119900,83.528400,89.685900
769.794,121.169000,71.250100,83.700100,89.867100
770.824,121.419000,71.368400,83.870100,90.047900
771.869,121.669000,71.497100,84.056300,90.247200
772.901,121.943000,71.612800,84.226700,90.429000
773.922,122.192000,71.726600,84.396700,90.609800
774.964,122.441000,71.838700,84.582400,90.809300
776.112,122.739000,71.969100,84.770200,91.009500
777.134,122.988000,72.079700,84.936700,91.190700
778.174,123.257000,72.198000,85.119000,91.389900
779.197,123.501000,72.306200,85.287400,91.570800
780.213,123.745000,72.415100,85.453700,91.751800
781.231,123.989000,72.521100,85.619600,91.932700
782.263,124.232000,72.625900,85.800600,92.132200
783.288,124.500000,72.742900,85.965200,92.313100
784.314,124.743000,72.845500,86.129800,92.494400
785.335,124.985000,72.948800,86.293900,92.675200
786.369,125.252000,73.064200,86.473100,92.874400
787.390,125.494000,73.163800,86.635300,93.055200
788.413,125.737000,73.267800,86.800300,93.236100
789.434,125.978000,73.369200,86.962000,93.417300
790.467,126.220000,73.480300,87.136100,93.614200
791.492,126.485000,73.580000,87.294600,93.791800
792.525,126.726000,73.681300,87.453500,93.969600
793.576,126.991000,73.790900,87.628500,94.164900
794.609,127.231000,73.889600,87.784900,94.341600
795.659,127.471000,73.985600,87.943400,94.518100
796.690,127.735000,74.095500,88.115600,94.714100
797.724,127.975000,74.194600,88.272900,94.891500
798.776,128.239000,74.302500,88.445200,95.086600
799.800,128.478000,74.398400,88.601800,95.264300
800.828,128.717000,74.496400,88.759400,95.442900
801.875,128.980000,74.602100,88.931000,95.637700
802.911,129.219000,74.698500,89.087300,95.815000
803.961,129.457000,74.794100,89.241800,95.991800
804.992,129.719000,74.899500,89.413400,96.186600
806.009,129.957000,74.996100,89.570500,96.364200
807.056,130.195000,75.088700,89.726900,96.541600
808.073,130.456000,75.192300,89.898100,96.736800
809.100,130.691000,75.284600,90.053400,96.913700
810.126,130.925000,75.377900,90.207700,97.091300
811.268,131.182000,75.489000,90.393700,97.303500
812.290,131.438000,75.580300,90.547300,97.480100
813.315,131.671000,75.673500,90.702100,97.657300
814.358,131.903000,75.766200,90.857700,97.834700
815.375,132.159000,75.866300,91.029200,98.029800
816.393,132.392000,75.958100,91.183000,98.207400
817.411,132.624000,76.050600,91.338200,98.384300
818.434,132.856000,76.141400,91.493200,98.561800
819.478,133.111000,76.243800,91.663000,98.756200
820.504,133.343000,76.334500,91.818600,98.933600
821.532,133.574000,76.421800,91.973800,99.108900
822.575,133.828000,76.522900,92.143000,99.304800
823.601,134.059000,76.615400,92.297500,99.481900
824.630,134.290000,76.706200,92.452600,99.659600
825.666,134.521000,76.795900,92.621400,99.853600
826.691,134.774000,76.895100,92.773900,100.031000
827.718,135.004000,76.986200,92.930200,100.207000
828.769,135.233000,77.076000,93.086000,100.402000
829.803,135.487000,77.175500,93.255600,100.578000
830.831,135.716000,77.266700,93.410800,100.752000
831.876,135.946000,77.365800,93.578800,100.943000
832.899,136.198000,77.455000,93.731400,101.115000
833.922,136.426000,77.543000,93.883000,101.288000
834.970,136.655000,77.634500,94.048200,101.479000
835.997,136.906000,77.732900,94.200200,101.652000
837.014,137.135000,77.823200,94.351600,101.825000
838.038,137.362000,77.913700,94.501600,101.998000
839.074,137.613000,78.011900,94.669600,102.189000
840.104,137.841000,78.100000,94.823100,102.362000
841.122,138.068000,78.188000,94.975800,102.536000
842.140,138.296000,78.277800,95.126000,102.708000
843.180,138.545000,78.375100,95.290400,102.898000
844.202,138.769000,78.463400,95.444000,103.072000
845.233,138.993000,78.553200,95.594800,103.245000
846.381,139.261000,78.658600,95.779500,103.453000
847.404,139.485000,78.749100,95.930400,103.626000
848.426,139.708000,78.837000,96.082800,103.800000
849.467,139.931000,78.925600,96.249500,103.990000
850.487,140.176000,79.021600,96.402700,104.163000
851.519,140.399000,79.110700,96.552600,104.336000
852.537,140.621000,79.199200,96.705300,104.509000
853.570,140.843000,79.287700,96.872400,104.700000
854.598,141.087000,79.383600,97.024700,104.873000
855.620,141.309000,79.473800,97.176300,105.046000
856.666,141.531000,79.560600,97.329900,105.219000
857.690,141.775000,79.657400,97.495300,105.410000
858.712,141.996000,79.745200,97.648100,105.583000
859.740,142.218000,79.832500,97.800400,105.756000
860.779,142.439000,79.930000,97.968300,105.947000
861.808,142.681000,80.018600,98.118700,106.120000
862.828,142.902000,80.106200,98.270500,106.293000
863.875,143.123000,80.202700,98.437100,106.483000
864.899,143.365000,80.289700,98.589600,106.657000
865.928,143.585000,80.377600,98.741100,106.830000
866.968,143.805000,80.463400,98.893500,107.003000
867.991,144.046000,80.559900,99.060800,107.193000
869.013,144.266000,80.648100,99.214500,107.366000
870.044,144.486000,80.732200,99.366100,107.539000
871.082,144.727000,80.828300,99.533100,107.730000
872.106,144.946000,80.916300,99.685400,107.903000
873.131,145.166000,81.003100,99.837900,108.076000
874.172,145.385000,81.088600,99.991500,108.267000
875.200,145.625000,81.183200,100.159000,108.441000
876.224,145.844000,81.268200,100.312000,108.614000
877.243,146.063000,81.353000,100.463000,108.787000
878.282,146.302000,81.447400,100.629000,108.978000
879.318,146.521000,81.532300,100.777000,109.148000
880.368,146.738000,81.616200,100.926000,109.317000
881.489,147.000000,81.719300,101.106000,109.522000
882.512,147.214000,81.802900,101.257000,109.692000
883.535,147.429000,81.888900,101.406000,109.861000
884.583,147.665000,81.982200,101.569000,110.048000
885.615,147.879000,82.066200,101.719000,110.217000
886.640,148.094000,82.150200,101.868000,110.387000
887.681,148.329000,82.242700,102.032000,110.574000
888.701,148.543000,82.327600,102.184000,110.744000
889.728,148.757000,82.412300,102.332000,110.914000
890.771,148.971000,82.496600,102.482000,111.083000
891.805,149.205000,82.588400,102.648000,111.270000
892.839,149.419000,82.672900,102.797000,111.440000
893.882,149.654000,82.766000,102.962000,111.627000
894.916,149.866000,82.850100,103.111000,111.797000
895.937,150.079000,82.934500,103.261000,111.966000
896.980,150.292000,83.026500,103.424000,112.154000
898.008,150.526000,83.110500,103.575000,112.323000
899.041,150.738000,83.193900,103.725000,112.493000
900.080,150.972000,83.286800,103.890000,112.680000
901.107,151.184000,83.371100,104.040000,112.850000
902.131,151.396000,83.453300,104.189000,113.020000
903.175,151.607000,83.537100,104.338000,113.206000
904.205,151.841000,83.630100,104.504000,113.377000
905.241,152.052000,83.714500,104.654000,113.547000
906.279,152.285000,83.805800,104.819000,113.733000
907.303,152.496000,83.889100,104.969000,113.903000
908.328,152.707000,83.972600,105.119000,114.073000
909.374,152.917000,84.055200,105.270000,114.260000
910.395,153.150000,84.145800,105.434000,114.430000
911.417,153.361000,84.229800,105.585000,114.601000
912.445,153.572000,84.313700,105.735000,114.771000
913.485,153.803000,84.404300,105.900000,114.957000
914.516,154.014000,84.488300,106.050000,115.127000
915.539,154.224000,84.570000,106.201000,115.297000
916.629,154.455000,84.663200,106.367000,115.484000
917.680,154.665000,84.745000,106.533000,115.671000
918.714,154.896000,84.835500,106.682000,115.841000
919.745,155.106000,84.919600,106.832000,116.011000
920.787,155.336000,85.009100,106.997000,116.199000
921.809,155.545000,85.093100,107.149000,116.369000
922.837,155.754000,85.174400,107.299000,116.539000
923.881,155.964000,85.257900,107.464000,116.726000
924.905,156.193000,85.348600,107.614000,116.896000
925.934,156.402000,85.430300,107.765000,117.066000
926.980,156.610000,85.513800,107.932000,117.254000
928.010,156.836000,85.605300,108.083000,117.424000
929.034,157.042000,85.686800,108.233000,117.594000
930.083,157.247000,85.776700,108.398000,117.781000
931.107,157.474000,85.858700,108.549000,117.951000
932.134,157.679000,85.941500,108.699000,118.119000
933.185,157.884000,86.031500,108.864000,118.303000
934.212,158.110000,86.113500,109.015000,118.469000
935.236,158.315000,86.195100,109.165000,118.637000
936.274,158.520000,86.276600,109.313000,118.820000
937.303,158.746000,86.365500,109.475000,118.987000
938.329,158.950000,86.450200,109.623000,119.155000
939.375,159.155000,86.531500,109.770000,119.322000
940.399,159.380000,86.622200,109.933000,119.506000
941.426,159.584000,86.702700,110.081000,119.673000
942.452,159.788000,86.785200,110.229000,119.840000
943.487,160.013000,86.874700,110.391000,120.023000
944.518,160.217000,86.955500,110.538000,120.190000
945.551,160.421000,87.038500,110.686000,120.357000
946.587,160.644000,87.125300,110.850000,120.541000
947.621,160.848000,87.203900,110.998000,120.707000
948.646,161.051000,87.284100,111.147000,120.875000
949.684,161.276000,87.372700,111.310000,121.059000
950.707,161.478000,87.452700,111.458000,121.227000
951.734,161.682000,87.532500,111.606000,121.394000
952.772,161.885000,87.611800,111.754000,121.561000
953.807,162.108000,87.699900,111.917000,121.745000
954.841,162.311000,87.780400,112.065000,121.912000
955.887,162.534000,87.867000,112.227000,122.096000
956.921,162.736000,87.946600,112.377000,122.263000
957.947,162.939000,88.027100,112.526000,122.431000
958.991,163.162000,88.112900,112.689000,122.615000
960.024,163.364000,88.193300,112.839000,122.782000
961.046,163.566000,88.272900,112.987000,122.950000
962.091,163.788000,88.359400,113.150000,123.133000
963.127,163.990000,88.438700,113.298000,123.301000
964.177,164.192000,88.518500,113.446000,123.468000
965.215,164.414000,88.606700,113.610000,123.652000
966.239,164.615000,88.685600,113.759000,123.820000
967.277,164.817000,88.764200,113.908000,123.987000
968.309,165.038000,88.850600,114.070000,124.171000
969.344,165.240000,88.928400,114.219000,124.339000
970.379,165.441000,89.009800,114.368000,124.523000
971.399,165.662000,89.095800,114.533000,124.690000
972.427,165.863000,89.175400,114.682000,124.858000
973.453,166.064000,89.253800,114.830000,125.025000
974.492,166.284000,89.341200,114.993000,125.210000
975.513,166.485000,89.419600,115.143000,125.377000
976.535,166.683000,89.498400,115.292000,125.544000
977.583,166.881000,89.577600,115.441000,125.729000
978.609,167.099000,89.662900,115.604000,125.895000
979.637,167.297000,89.742800,115.753000,126.063000
980.681,167.495000,89.821200,115.903000,126.248000
981.808,167.733000,89.916100,116.082000,126.432000
982.831,167.930000,89.993300,116.231000,126.600000
983.883,168.128000,90.070800,116.380000,126.784000
984.907,168.345000,90.157400,116.545000,126.952000
985.939,168.542000,90.236800,116.693000,127.119000
986.978,168.740000,90.314400,116.843000,127.287000
988.002,168.957000,90.402500,117.007000,127.472000
989.040,169.154000,90.479300,117.155000,127.636000
990.085,169.351000,90.558600,117.319000,127.817000
991.114,169.567000,90.644300,117.470000,127.982000
992.148,169.764000,90.723600,117.619000,128.147000
993.194,169.980000,90.809000,117.783000,128.327000
994.220,170.177000,90.886300,117.933000,128.492000
995.257,170.373000,90.965100,118.080000,128.657000
996.288,170.589000,91.050800,118.242000,128.838000
997.310,170.786000,91.128900,118.388000,129.002000
998.337,170.982000,91.205200,118.535000,129.167000
999.385,171.178000,91.285900,118.696000,129.348000
1000.413,171.394000,91.371300,118.842000,129.513000
1001.436,171.590000,91.448000,118.989000,129.677000
1002.476,171.786000,91.526300,119.135000,129.842000
1003.499,172.001000,91.610900,119.298000,130.023000
1004.523,172.196000,91.688000,119.446000,130.188000
1005.549,172.392000,91.766500,119.592000,130.352000
1006.585,172.587000,91.843700,119.754000,130.533000
1007.601,172.802000,91.931000,119.900000,130.698000
1008.619,172.997000,92.007500,120.048000,130.863000
1009.638,173.193000,92.085800,120.196000,131.028000
1010.691,173.388000,92.171000,120.358000,131.209000
1011.722,173.602000,92.248300,120.504000,131.374000
1012.759,173.796000,92.325800,120.651000,131.538000
1013.797,174.011000,92.412000,120.812000,131.719000
1014.826,174.206000,92.489800,120.959000,131.884000
1015.855,174.400000,92.565500,121.105000,132.049000
1016.992,174.634000,92.658900,121.282000,132.247000
1018.021,174.828000,92.734900,121.431000,132.412000
1019.043,175.022000,92.811800,121.578000,132.576000
1020.094,175.236000,92.897200,121.739000,132.758000
1021.128,175.431000,92.975500,121.886000,132.923000
1022.159,175.625000,93.052900,122.034000,133.087000
1023.197,175.838000,93.138500,122.197000,133.269000
1024.228,176.032000,93.216200,122.344000,133.434000
1025.279,176.226000,93.292900,122.491000,133.599000
1026.310,176.438000,93.376900,122.653000,133.780000
1027.335,176.632000,93.454700,122.801000,133.945000
1028.381,176.826000,93.530000,122.948000,134.110000
1029.416,177.038000,93.612400,123.109000,134.291000
1030.448,177.229000,93.688700,123.257000,134.456000
1031.498,177.439000,93.771900,123.419000,134.637000
1032.532,177.630000,93.847600,123.568000,134.803000
1033.581,177.821000,93.925100,123.715000,134.968000
1034.615,178.031000,94.007100,123.879000,135.149000
1035.643,178.222000,94.083400,124.026000,135.314000
1036.659,178.413000,94.157000,124.173000,135.480000
1037.698,178.622000,94.241100,124.337000,135.661000
1038.726,178.813000,94.316700,124.484000,135.826000
1039.750,179.003000,94.391200,124.631000,135.991000
1040.797,179.213000,94.474800,124.794000,136.173000
1041.824,179.403000,94.550200,124.942000,136.338000
1042.851,179.594000,94.626800,125.089000,136.503000
1043.891,179.784000,94.701400,125.252000,136.685000
1044.919,179.993000,94.783100,125.401000,136.849000
1045.953,180.183000,94.857800,125.546000,137.015000
1046.999,180.392000,94.940600,125.711000,137.196000
1048.027,180.582000,95.016000,125.858000,137.362000
1049.049,180.771000,95.091700,126.006000,137.526000
1050.090,180.961000,95.165400,126.169000,137.704000
1051.114,181.170000,95.249200,126.317000,137.867000
1052.149,181.359000,95.323400,126.466000,138.030000
1053.185,181.549000,95.398100,126.615000,138.192000
1054.217,181.757000,95.480300,126.777000,138.371000
1055.242,181.946000,95.556500,126.926000,138.533000
1056.288,182.136000,95.631800,127.089000,138.713000
1057.311,182.343000,95.712600,127.237000,138.874000
1058.334,182.532000,95.787600,127.385000,139.037000
1059.360,182.721000,95.861100,127.533000,139.199000
1060.398,182.929000,95.945400,127.694000,139.378000
1061.424,183.118000,96.020700,127.840000,139.541000
1062.461,183.307000,96.094300,127.984000,139.703000
1063.499,183.515000,96.175700,128.144000,139.882000
1064.524,183.703000,96.251100,128.290000,140.045000
1065.548,183.892000,96.325700,128.434000,140.207000
1066.593,184.080000,96.399800,128.596000,140.386000
1067.622,184.287000,96.482400,128.742000,140.548000
1068.659,184.475000,96.556900,128.887000,140.711000
1069.700,184.682000,96.638200,129.047000,140.890000
1070.727,184.870000,96.714600,129.193000,141.053000
1071.754,185.059000,96.788500,129.339000,141.216000
1072.798,185.247000,96.869300,129.500000,141.395000
1073.828,185.453000,96.945000,129.646000,141.557000
1074.861,185.641000,97.017800,129.792000,141.720000
1075.901,185.848000,97.099400,129.952000,141.899000
1076.930,186.036000,97.175400,130.096000,142.061000
1077.963,186.223000,97.249200,130.242000,142.224000
1079.002,186.430000,97.330200,130.404000,142.402000
1080.026,186.617000,97.405200,130.550000,142.565000
1081.063,186.804000,97.479100,130.695000,142.728000
1082.099,187.010000,97.559800,130.856000,142.907000
1083.118,187.198000,97.634600,131.002000,143.070000
1084.141,187.385000,97.708100,131.149000,143.232000
1085.158,187.572000,97.782700,131.294000,143.395000
1086.196,187.759000,97.864900,131.454000,143.574000
1087.223,187.965000,97.938000,131.601000,143.737000
1088.242,188.150000,98.013900,131.747000,143.900000
1089.265,188.335000,98.085600,131.893000,144.062000
1090.297,188.538000,98.167200,132.055000,144.242000
1091.327,188.723000,98.243300,132.202000,144.405000
1092.349,188.908000,98.315300,132.348000,144.567000
1093.399,189.093000,98.397100,132.509000,144.747000
1094.432,189.296000,98.471400,132.655000,144.909000
1095.457,189.480000,98.544800,132.802000,145.072000
1096.495,189.664000,98.625100,132.963000,145.251000
1097.512,189.867000,98.699200,133.108000,145.414000
1098.532,190.052000,98.772600,133.256000,145.576000
1099.586,190.236000,98.847900,133.402000,145.740000
1100.620,190.438000,98.928900,133.564000,145.919000
1101.648,190.622000,99.001700,133.710000,146.082000
1102.689,190.807000,99.075900,133.855000,146.245000
1103.717,191.009000,99.157200,134.016000,146.424000
1104.744,191.193000,99.231500,134.164000,146.587000
1105.766,191.377000,99.304700,134.311000,146.749000
1106.803,191.579000,99.385600,134.473000,146.928000
1107.827,191.763000,99.459000,134.618000,147.092000
1108.852,191.947000,99.532400,134.764000,147.254000
1109.904,192.148000,99.613500,134.928000,147.434000
1110.939,192.332000,99.686400,135.073000,147.596000
1111.990,192.515000,99.760500,135.219000,147.759000
1113.010,192.717000,99.840400,135.381000,147.938000
1114.040,192.901000,99.913400,135.527000,148.100000
1115.094,193.083000,99.987200,135.674000,148.276000
1116.125,193.285000,100.068000,135.836000,148.437000
1117.158,193.468000,100.142000,135.983000,148.597000
1118.204,193.670000,100.222000,136.145000,148.773000
1119.235,193.853000,100.295000,136.291000,148.934000
1120.257,194.036000,100.368000,136.438000,149.094000
1121.301,194.237000,100.451000,136.600000,149.271000
1122.444,194.438000,100.531000,136.761000,149.447000
1123.463,194.621000,100.602000,136.908000,149.607000
1124.502,194.822000,100.681000,137.070000,149.784000
1125.521,195.005000,100.752000,137.216000,149.944000
1126.544,195.188000,100.824000,137.364000,150.105000
1127.592,195.370000,100.895000,137.511000,150.265000
1128.628,195.571000,100.973000,137.668000,150.441000
1129.655,195.753000,101.045000,137.813000,150.602000
1130.695,195.935000,101.118000,137.959000,150.779000
1131.724,196.136000,101.197000,138.119000,150.939000
1132.746,196.318000,101.266000,138.263000,151.100000
1133.797,196.501000,101.339000,138.408000,151.276000
1134.830,196.701000,101.417000,138.567000,151.436000
1135.863,196.883000,101.488000,138.711000,151.597000
1136.903,197.083000,101.568000,138.871000,151.773000
1137.935,197.266000,101.640000,139.015000,151.934000
1138.965,197.447000,101.713000,139.160000,152.094000
1140.008,197.647000,101.789000,139.320000,152.271000
1141.049,197.829000,101.861000,139.467000,152.432000
1142.098,198.011000,101.932000,139.611000,152.608000
1143.131,198.210000,102.011000,139.769000,152.769000
1144.154,198.392000,102.082000,139.915000,152.929000
1145.197,198.574000,102.154000,140.059000,153.105000
1146.224,198.773000,102.232000,140.219000,153.266000
1147.252,198.955000,102.303000,140.364000,153.427000
1148.300,199.136000,102.373000,140.523000,153.603000
1149.337,199.336000,102.452000,140.669000,153.764000
1150.361,199.517000,102.524000,140.814000,153.924000
1151.402,199.696000,102.593000,140.973000,154.101000
1152.528,199.912000,102.679000,141.132000,154.278000
1153.550,200.091000,102.750000,141.277000,154.438000
1154.601,200.271000,102.822000,141.437000,154.615000
1155.633,200.467000,102.900000,141.582000,154.776000
1156.660,200.647000,102.971000,141.727000,154.936000
1157.703,200.826000,103.040000,141.888000,155.113000
1158.730,201.023000,103.121000,142.032000,155.273000
1159.754,201.202000,103.191000,142.179000,155.434000
1160.801,201.381000,103.263000,142.338000,155.611000
1161.839,201.577000,103.339000,142.482000,155.771000
1162.865,201.756000,103.411000,142.628000,155.932000
1163.905,201.935000,103.489000,142.787000,156.109000
1164.939,202.132000,103.561000,142.934000,156.269000
1167.374,202.453000,103.688000,143.196000,156.559000
1168.536,202.757000,103.807000,143.443000,156.831000
1169.562,202.953000,103.886000,143.603000,157.008000
1170.610,203.149000,103.964000,143.763000,157.185000
1171.643,203.328000,104.033000,143.908000,157.346000
1172.715,203.524000,104.111000,144.068000,157.523000
1173.747,203.702000,104.182000,144.213000,157.683000
1174.774,203.881000,104.253000,144.359000,157.845000
1175.808,204.077000,104.332000,144.520000,158.021000
1176.844,204.255000,104.402000,144.666000,158.181000
1177.916,204.451000,104.480000,144.824000,158.358000
1178.944,204.629000,104.550000,144.971000,158.519000
1179.996,204.807000,104.620000,145.116000,158.680000
1181.026,205.002000,104.698000,145.277000,158.857000
1182.050,205.180000,104.771000,145.423000,159.017000
1183.097,205.358000,104.840000,145.568000,159.178000
1184.124,205.554000,104.917000,145.729000,159.355000
1185.144,205.732000,104.987000,145.874000,159.515000
1186.192,205.909000,105.057000,146.019000,159.673000
1187.216,206.105000,105.135000,146.180000,159.848000
1188.248,206.282000,105.207000,146.325000,160.006000
1189.272,206.460000,105.277000,146.471000,160.165000
1190.313,206.655000,105.354000,146.631000,160.339000
1191.333,206.832000,105.424000,146.777000,160.497000
1192.352,207.010000,105.494000,146.922000,160.656000
1193.399,207.187000,105.566000,147.069000,160.814000
1194.434,207.382000,105.643000,147.229000,160.989000
1195.462,207.560000,105.712000,147.374000,161.147000
1196.499,207.737000,105.784000,147.522000,161.322000
1197.524,207.932000,105.861000,147.682000,161.480000
1198.550,208.109000,105.930000,147.829000,161.638000
1199.596,208.286000,106.000000,147.974000,161.797000
1200.625,208.480000,106.078000,148.131000,161.971000
1201.650,208.657000,106.148000,148.274000,162.130000
1202.675,208.834000,106.218000,148.418000,162.288000
1203.710,209.029000,106.295000,148.577000,162.462000
1204.731,209.206000,106.365000,148.720000,162.621000
1205.748,209.383000,106.435000,148.864000,162.780000
1206.769,209.559000,106.505000,149.008000,162.938000
1207.811,209.736000,106.582000,149.166000,163.112000
1208.833,209.931000,106.653000,149.310000,163.271000
1209.858,210.107000,106.723000,149.454000,163.430000
1210.895,210.284000,106.793000,149.597000,163.589000
1211.923,210.478000,106.871000,149.756000,163.763000
1212.946,210.654000,106.940000,149.900000,163.922000
1213.965,210.831000,107.010000,150.043000,164.080000
1214.999,211.007000,107.080000,150.187000,164.239000
1216.024,211.201000,107.157000,150.346000,164.413000
1217.050,211.377000,107.227000,150.490000,164.571000
1218.213,211.570000,107.312000,150.663000,164.762000
1219.269,211.762000,107.381000,150.806000,164.920000
1220.321,211.955000,107.458000,150.965000,165.095000
1221.344,212.129000,107.529000,151.109000,165.254000
1222.378,212.304000,107.598000,151.253000,165.412000
1223.414,212.495000,107.677000,151.412000,165.587000
1224.442,212.669000,107.746000,151.555000,165.746000
1225.476,212.844000,107.815000,151.699000,165.904000
1226.515,213.035000,107.892000,151.857000,166.079000
1227.543,213.210000,107.962000,152.002000,166.237000
1228.578,213.384000,108.031000,152.146000,166.396000
1229.615,213.575000,108.108000,152.304000,166.571000
1230.645,213.749000,108.179000,152.447000,166.728000
1231.679,213.923000,108.248000,152.593000,166.887000
1232.716,214.115000,108.324000,152.751000,167.062000
1233.744,214.289000,108.393000,152.895000,167.221000
1234.799,214.463000,108.462000,153.039000,167.380000
1235.822,214.654000,108.541000,153.198000,167.554000
1236.847,214.828000,108.610000,153.343000,167.713000
1237.877,215.002000,108.679000,153.486000,167.871000
1238.911,215.193000,108.756000,153.645000,168.045000
1239.935,215.367000,108.826000,153.790000,168.204000
1240.962,215.540000,108.895000,153.933000,168.363000
1242.017,215.731000,108.972000,154.091000,168.537000
1243.051,215.905000,109.041000,154.236000,168.696000
1244.077,216.078000,109.109000,154.380000,168.855000
1245.114,216.269000,109.183000,154.539000,169.030000
1246.136,216.443000,109.250000,154.684000,169.188000
1247.167,216.616000,109.318000,154.827000,169.347000
1248.213,216.807000,109.394000,154.985000,169.521000
1249.236,216.980000,109.461000,155.130000,169.680000
1250.269,217.154000,109.530000,155.274000,169.838000
1251.311,217.344000,109.605000,155.434000,170.013000
1252.332,217.517000,109.674000,155.578000,170.172000
1253.357,217.690000,109.743000,155.723000,170.331000
1254.379,217.864000,109.810000,155.867000,170.490000
1255.420,218.054000,109.884000,156.028000,170.664000
1256.450,218.227000,109.952000,156.173000,170.823000
1257.474,218.400000,110.020000,156.317000,170.982000
1258.519,218.590000,110.096000,156.475000,171.156000
1259.545,218.763000,110.164000,156.619000,171.315000
1260.572,218.936000,110.229000,156.765000,171.474000
1261.618,219.126000,110.306000,156.923000,171.646000
1262.643,219.299000,110.373000,157.067000,171.802000
1263.670,219.471000,110.440000,157.212000,171.959000
1264.716,219.662000,110.514000,157.371000,172.131000
1265.745,219.834000,110.583000,157.515000,172.287000
1266.778,220.007000,110.651000,157.660000,172.444000
1267.820,220.197000,110.725000,157.819000,172.616000
1268.857,220.369000,110.793000,157.964000,172.773000
1269.910,220.542000,110.861000,158.108000,172.945000
1270.938,220.732000,110.935000,158.267000,173.101000
1271.973,220.904000,111.004000,158.412000,173.257000
1273.022,221.094000,111.076000,158.571000,173.430000
1274.060,221.266000,111.144000,158.716000,173.586000
1275.101,221.438000,111.212000,158.862000,173.743000
1276.126,221.628000,111.286000,159.021000,173.915000
1277.160,221.801000,111.356000,159.165000,174.071000
1278.214,221.973000,111.424000,159.324000,174.243000
1279.248,222.162000,111.498000,159.470000,174.400000
1280.279,222.334000,111.565000,159.612000,174.556000
1281.318,222.523000,111.640000,159.770000,174.728000
1282.346,222.695000,111.708000,159.912000,174.885000
1283.372,222.867000,111.775000,160.055000,175.041000
1284.411,223.039000,111.842000,160.197000,175.214000
1285.467,223.229000,111.916000,160.354000,175.370000
1286.517,223.400000,111.990000,160.510000,175.543000
1287.543,223.590000,112.057000,160.654000,175.699000
1288.578,223.762000,112.126000,160.797000,175.856000
1289.620,223.951000,112.201000,160.955000,176.028000
1290.646,224.121000,112.267000,161.097000,176.184000
1291.681,224.291000,112.335000,161.240000,176.341000
1292.722,224.478000,112.408000,161.397000,176.513000
1293.742,224.648000,112.476000,161.541000,176.669000
1294.777,224.818000,112.543000,161.683000,176.826000
1295.824,225.005000,112.617000,161.840000,176.998000
1296.850,225.175000,112.684000,161.984000,177.155000
1297.883,225.345000,112.751000,162.126000,177.311000
1298.921,225.532000,112.827000,162.283000,177.483000
1299.951,225.702000,112.894000,162.426000,177.640000
1300.984,225.872000,112.961000,162.569000,177.796000
1302.026,226.058000,113.035000,162.727000,177.969000
1303.055,226.228000,113.102000,162.870000,178.125000
1304.085,226.398000,113.169000,163.013000,178.282000
1305.123,226.584000,113.244000,163.170000,178.454000
1306.152,226.754000,113.310000,163.312000,178.610000
1307.175,226.924000,113.379000,163.455000,178.767000
1308.216,227.093000,113.447000,163.612000,178.939000
1309.251,227.279000,113.520000,163.756000,179.095000
1310.277,227.449000,113.588000,163.898000,179.252000
1311.317,227.618000,113.661000,164.056000,179.425000
1312.355,227.805000,113.728000,164.199000,179.581000
1313.475,227.991000,113.802000,164.357000,179.753000
1314.520,228.160000,113.876000,164.514000,179.925000
1315.554,228.347000,113.943000,164.657000,180.081000
1316.605,228.516000,114.010000,164.801000,180.238000
1317.636,228.702000,114.084000,164.959000,180.411000
1318.668,228.871000,114.150000,165.102000,180.567000
1319.707,229.040000,114.218000,165.244000,180.724000
1320.740,229.226000,114.292000,165.402000,180.896000
1321.775,229.395000,114.358000,165.545000,181.053000
1322.822,229.564000,114.433000,165.702000,181.225000
1323.859,229.750000,114.498000,165.845000,181.381000
1324.910,229.919000,114.567000,165.989000,181.537000
1325.938,230.105000,114.641000,166.147000,181.710000
1326.985,230.274000,114.708000,166.289000,181.866000
1328.026,230.459000,114.781000,166.447000,182.039000
1329.061,230.628000,114.849000,166.590000,182.196000
1330.107,230.797000,114.917000,166.733000,182.352000
1331.135,230.983000,114.990000,166.892000,182.524000
1332.164,231.151000,115.056000,167.035000,182.681000
1333.213,231.320000,115.122000,167.178000,182.838000
1334.248,231.506000,115.197000,167.337000,183.010000
1335.274,231.674000,115.264000,167.479000,183.166000
1336.316,231.843000,115.330000,167.635000,183.338000
1337.338,232.028000,115.405000,167.780000,183.495000
1338.355,232.197000,115.471000,167.924000,183.652000
1339.374,232.366000,115.539000,168.069000,183.808000
1340.425,232.551000,115.612000,168.224000,183.980000
1341.456,232.719000,115.677000,168.368000,184.137000
1342.479,232.887000,115.744000,168.511000,184.294000
1343.652,233.089000,115.824000,168.684000,184.482000
1344.682,233.258000,115.892000,168.826000,184.636000
1345.727,233.443000,115.965000,168.984000,184.806000
1346.755,233.611000,116.031000,169.128000,184.961000
1347.782,233.779000,116.098000,169.271000,185.116000
1348.827,233.964000,116.173000,169.429000,185.286000
1349.859,234.132000,116.239000,169.573000,185.440000
1350.882,234.300000,116.304000,169.716000,185.594000
1351.925,234.485000,116.379000,169.874000,185.764000
1352.951,234.653000,116.446000,170.019000,185.919000
1353.980,234.822000,116.512000,170.162000,186.074000
1355.026,234.990000,116.585000,170.319000,186.244000
1356.056,235.174000,116.651000,170.463000,186.398000
1357.085,235.342000,116.718000,170.607000,186.552000
1358.129,235.527000,116.792000,170.765000,186.723000
1359.157,235.695000,116.858000,170.907000,186.877000
1360.186,235.862000,116.925000,171.050000,187.031000
1361.227,236.047000,116.998000,171.208000,187.201000
1362.251,236.215000,117.065000,171.352000,187.356000
1363.279,236.383000,117.132000,171.495000,187.511000
1364.329,236.566000,117.204000,171.651000,187.681000
1365.352,236.733000,117.271000,171.793000,187.835000
1366.381,236.898000,117.338000,171.934000,187.989000
1367.419,237.064000,117.404000,172.075000,188.159000
1368.447,237.247000,117.476000,172.231000,188.314000
1369.479,237.413000,117.543000,172.372000,188.468000
1370.522,237.579000,117.610000,172.528000,188.639000
1371.552,237.762000,117.683000,172.669000,188.793000
1372.573,237.928000,117.750000,172.811000,188.948000
1373.716,238.110000,117.823000,172.966000,189.133000
1374.741,238.292000,117.896000,173.123000,189.288000
1375.771,238.458000,117.962000,173.265000,189.442000
1376.825,238.623000,118.028000,173.420000,189.612000
1377.858,238.807000,118.099000,173.561000,189.767000
1378.890,238.972000,118.165000,173.704000,189.921000
1379.930,239.154000,118.237000,173.859000,190.092000
1380.958,239.320000,118.301000,174.002000,190.247000
1381.991,239.486000,118.366000,174.142000,190.401000
1383.030,239.668000,118.439000,174.300000,190.571000
1384.059,239.834000,118.504000,174.441000,190.725000
1385.094,239.999000,118.569000,174.582000,190.880000
1386.130,240.181000,118.641000,174.738000,191.050000
1387.160,240.346000,118.706000,174.879000,191.204000
1388.212,240.512000,118.771000,175.020000,191.359000
1389.241,240.694000,118.842000,175.178000,191.528000
1390.270,240.859000,118.907000,175.321000,191.683000
1391.288,241.024000,118.972000,175.462000,191.838000
1392.322,241.189000,119.037000,175.618000,192.008000
1393.346,241.371000,119.108000,175.759000,192.162000
1394.373,241.537000,119.173000,175.900000,192.317000
1395.414,241.702000,119.240000,176.042000,192.471000
1396.441,241.884000,119.311000,176.198000,192.642000
1397.478,242.049000,119.375000,176.339000,192.796000
1398.518,242.214000,119.440000,176.481000,192.966000
1399.548,242.395000,119.511000,176.637000,193.120000
1400.577,242.560000,119.577000,176.780000,193.275000
1401.637,242.742000,119.649000,176.936000,193.445000
1402.657,242.907000,119.713000,177.076000,193.599000
1403.682,243.071000,119.778000,177.219000,193.753000
1404.730,243.236000,119.849000,177.375000,193.923000
1405.764,243.418000,119.913000,177.517000,194.078000
1406.796,243.583000,119.978000,177.659000,194.232000
1407.833,243.764000,120.048000,177.814000,194.403000
1408.928,243.945000,120.121000,177.970000,194.572000
1409.952,244.110000,120.186000,178.112000,194.727000
1410.984,244.275000,120.251000,178.255000,194.882000
1412.028,244.456000,120.320000,178.411000,195.052000
1413.052,244.620000,120.386000,178.552000,195.206000
1414.086,244.785000,120.451000,178.695000,195.361000
1415.131,244.966000,120.524000,178.851000,195.531000
1416.158,245.131000,120.588000,178.993000,195.685000
1417.193,245.295000,120.653000,179.134000,195.840000
1418.232,245.476000,120.723000,179.290000,196.010000
1419.258,245.640000,120.787000,179.432000,196.164000
1420.283,245.805000,120.853000,179.575000,196.319000
1421.320,245.969000,120.919000,179.715000,196.488000
1422.351,246.150000,120.989000,179.872000,196.643000
1423.389,246.314000,121.054000,180.014000,196.797000
1424.437,246.495000,121.124000,180.171000,196.968000
1425.460,246.660000,121.189000,180.312000,197.122000
1426.482,246.824000,121.254000,180.455000,197.276000
1427.518,246.988000,121.318000,180.596000,197.431000
1428.545,247.169000,121.390000,180.753000,197.601000
1429.568,247.333000,121.454000,180.895000,197.755000
1430.624,247.497000,121.518000,181.037000,197.925000
1431.653,247.677000,121.588000,181.194000,198.080000
1432.689,247.841000,121.654000,181.335000,198.234000
1433.735,248.022000,121.724000,181.490000,198.404000
1434.765,248.186000,121.789000,181.632000,198.558000
1435.797,248.349000,121.854000,181.774000,198.710000
1436.833,248.529000,121.926000,181.930000,198.877000
1437.860,248.694000,121.989000,182.072000,199.030000
1438.887,248.858000,122.054000,182.216000,199.183000
1439.934,249.021000,122.126000,182.372000,199.351000
1440.958,249.202000,122.190000,182.514000,199.503000
1441.989,249.366000,122.253000,182.656000,199.656000
1443.033,249.529000,122.325000,182.812000,199.823000
1444.151,249.724000,122.396000,182.968000,199.991000
1445.173,249.887000,122.461000,183.112000,200.144000
1446.198,250.049000,122.525000,183.254000,200.297000
1447.233,250.227000,122.597000,183.411000,200.464000
1448.265,250.389000,122.660000,183.552000,200.617000
1449.288,250.552000,122.725000,183.693000,200.769000
1450.322,250.714000,122.788000,183.835000,200.937000
1451.339,250.893000,122.860000,183.992000,201.090000
1452.363,251.055000,122.925000,184.135000,201.242000
1453.396,251.217000,122.988000,184.276000,201.394000
1454.442,251.395000,123.059000,184.432000,201.563000
1455.474,251.558000,123.124000,184.575000,201.715000
1456.493,251.720000,123.188000,184.714000,201.867000
1457.533,251.882000,123.260000,184.868000,202.035000
1458.566,252.060000,123.323000,185.008000,202.187000
1459.596,252.221000,123.386000,185.148000,202.339000
1460.638,252.399000,123.457000,185.304000,202.507000
1461.659,252.562000,123.522000,185.444000,202.659000
1462.690,252.724000,123.587000,185.584000,202.813000
1463.730,252.886000,123.651000,185.738000,202.980000
1464.766,253.063000,123.722000,185.879000,203.133000
1465.802,253.225000,123.788000,186.019000,203.285000
1466.839,253.403000,123.858000,186.173000,203.453000
1467.870,253.565000,123.921000,186.314000,203.604000
1468.891,253.726000,123.986000,186.453000,203.757000
1469.931,253.888000,124.057000,186.608000,203.925000
1470.967,254.066000,124.123000,186.749000,204.078000
1471.995,254.228000,124.185000,186.889000,204.230000
1473.036,254.405000,124.255000,187.045000,204.398000
1474.059,254.567000,124.319000,187.185000,204.551000
1475.088,254.729000,124.384000,187.324000,204.703000
1476.134,254.890000,124.455000,187.478000,204.870000
1477.160,255.068000,124.519000,187.619000,205.022000
1478.181,255.229000,124.583000,187.759000,205.175000
1479.222,255.391000,124.648000,187.900000,205.328000
1480.251,255.568000,124.717000,188.056000,205.495000
1481.272,255.730000,124.783000,188.196000,205.648000
1482.303,255.891000,124.846000,188.335000,205.800000
1483.343,256.069000,124.917000,188.490000,205.968000
1484.386,256.230000,124.981000,188.631000,206.120000
1485.422,256.391000,125.045000,188.771000,206.273000
1486.440,256.568000,125.115000,188.924000,206.441000
1487.468,256.730000,125.179000,189.064000,206.593000
1488.488,256.891000,125.244000,189.204000,206.745000
1489.536,257.068000,125.314000,189.359000,206.912000
1490.553,257.229000,125.376000,189.500000,207.065000
1491.569,257.390000,125.440000,189.640000,207.217000
1492.587,257.551000,125.505000,189.780000,207.369000
1493.625,257.712000,125.568000,189.922000,207.522000
1494.654,257.890000,125.639000,190.076000,207.689000
1495.677,258.051000,125.703000,190.215000,207.842000
1496.703,258.212000,125.768000,190.356000,207.994000
1497.738,258.389000,125.838000,190.511000,208.162000
1498.768,258.549000,125.901000,190.653000,208.314000
1499.789,258.710000,125.965000,190.792000,208.467000
1500.828,258.871000,126.032000,190.933000,208.619000
1501.862,259.048000,126.102000,191.086000,208.787000
1502.897,259.209000,126.165000,191.227000,208.939000
1503.938,259.386000,126.235000,191.383000,209.107000
1504.959,259.547000,126.300000,191.523000,209.259000
1505.990,259.707000,126.364000,191.664000,209.411000
1507.027,259.868000,126.427000,191.804000,209.564000
1508.046,260.045000,126.498000,191.958000,209.731000
1509.078,260.206000,126.562000,192.099000,209.884000
1510.125,260.366000,126.626000,192.239000,210.036000
1511.143,260.543000,126.695000,192.394000,210.204000
1512.167,260.704000,126.760000,192.535000,210.356000
1513.199,260.864000,126.823000,192.676000,210.508000
1514.238,261.041000,126.893000,192.830000,210.676000
1515.259,261.201000,126.958000,192.970000,210.828000
1516.276,261.361000,127.020000,193.111000,210.981000
1517.293,261.523000,127.085000,193.250000,211.133000
1518.337,261.682000,127.155000,193.406000,211.300000
1519.370,261.859000,127.219000,193.545000,211.452000
1520.394,262.020000,127.283000,193.686000,211.605000
1521.428,262.180000,127.348000,193.828000,211.757000
1522.454,262.356000,127.417000,193.981000,211.925000
1523.481,262.516000,127.481000,194.122000,212.077000
1524.506,262.677000,127.543000,194.263000,212.229000
1525.541,262.853000,127.613000,194.417000,212.396000
1526.570,263.013000,127.675000,194.558000,212.549000
1527.600,263.173000,127.739000,194.698000,212.702000
1528.636,263.334000,127.806000,194.853000,212.869000
1529.665,263.510000,127.868000,194.994000,213.021000
1530.697,263.668000,127.932000,195.134000,213.172000
1531.745,263.843000,128.000000,195.290000,213.337000
1532.765,264.002000,128.064000,195.431000,213.488000
1533.786,264.161000,128.126000,195.570000,213.638000
1534.834,264.319000,128.189000,195.711000,213.804000
1535.866,264.494000,128.257000,195.865000,213.954000
1536.895,264.653000,128.320000,196.007000,214.104000
1537.933,264.811000,128.381000,196.162000,214.270000
1538.951,264.985000,128.450000,196.302000,214.420000
1539.968,265.144000,128.513000,196.442000,214.570000
1540.988,265.302000,128.574000,196.581000,214.721000
1542.035,265.461000,128.635000,196.738000,214.886000
1543.052,265.635000,128.707000,196.878000,215.037000
1544.073,265.794000,128.767000,197.018000,215.187000
1545.094,265.952000,128.830000,197.160000,215.338000
1546.143,266.110000,128.898000,197.313000,215.503000
1547.168,266.284000,128.963000,197.453000,215.654000
1548.186,266.443000,129.024000,197.594000,215.804000
1549.208,266.601000,129.085000,197.734000,215.954000
1550.241,266.776000,129.154000,197.890000,216.120000
1551.260,266.934000,129.217000,198.029000,216.270000
1552.290,267.092000,129.279000,198.170000,216.420000
1553.310,267.250000,129.343000,198.313000,216.571000
1554.341,267.424000,129.411000,198.466000,216.736000
1555.361,267.582000,129.473000,198.606000,216.886000
1556.388,267.740000,129.535000,198.744000,217.037000
1557.406,267.899000,129.598000,198.882000,217.187000
1558.442,268.072000,129.666000,199.035000,217.353000
1559.473,268.230000,129.729000,199.175000,217.503000
1560.497,268.388000,129.790000,199.313000,217.653000
1561.541,268.546000,129.858000,199.465000,217.819000
1562.565,268.720000,129.922000,199.606000,217.969000
1563.593,268.878000,129.984000,199.744000,218.119000
1564.643,269.051000,130.053000,199.897000,218.285000
1565.660,269.209000,130.115000,200.036000,218.435000
1566.687,269.367000,130.177000,200.174000,218.585000
1567.731,269.526000,130.240000,200.312000,218.735000
1568.763,269.699000,130.307000,200.465000,218.901000
1569.796,269.857000,130.370000,200.604000,219.051000
1570.844,270.030000,130.438000,200.756000,219.217000
1571.881,270.188000,130.500000,200.894000,219.367000
1572.910,270.346000,130.562000,201.034000,219.517000
1573.945,270.519000,130.630000,201.187000,219.682000
1574.974,270.676000,130.693000,201.325000,219.833000
1576.001,270.834000,130.755000,201.464000,219.983000
1577.049,271.007000,130.824000,201.616000,220.149000
1578.081,271.165000,130.885000,201.754000,220.298000
1579.103,271.323000,130.947000,201.894000,220.449000
1580.143,271.495000,131.016000,202.047000,220.614000
1581.164,271.654000,131.079000,202.186000,220.764000
1582.184,271.811000,131.140000,202.325000,220.914000
1583.233,271.968000,131.202000,202.463000,221.064000
1584.263,272.141000,131.271000,202.616000,221.230000
1585.282,272.299000,131.335000,202.754000,221.380000
1586.331,272.456000,131.396000,202.893000,221.531000
1587.349,272.629000,131.464000,203.047000,221.696000
1588.369,272.786000,131.526000,203.185000,221.846000
1589.397,272.944000,131.587000,203.324000,221.997000
1590.434,273.101000,131.650000,203.462000,222.147000
1591.469,273.274000,131.717000,203.615000,222.311000
1592.487,273.431000,131.781000,203.755000,222.462000
1593.534,273.588000,131.844000,203.893000,222.612000
1594.550,273.762000,131.910000,204.045000,222.778000
1595.573,273.919000,131.971000,204.186000,222.928000
1596.591,274.076000,132.035000,204.324000,223.078000
1597.641,274.233000,132.095000,204.462000,223.244000
1598.674,274.406000,132.164000,204.615000,223.394000
1599.787,274.578000,132.233000,204.768000,223.558000
1600.835,274.735000,132.295000,204.907000,223.709000
1601.856,274.908000,132.364000,205.060000,223.874000
1602.895,275.065000,132.426000,205.198000,224.024000
1603.936,275.222000,132.488000,205.337000,224.190000
1604.956,275.395000,132.556000,205.491000,224.340000
1605.993,275.552000,132.618000,205.629000,224.490000
1607.043,275.709000,132.679000,205.767000,224.655000
1608.072,275.881000,132.747000,205.921000,224.805000
1609.088,276.038000,132.809000,206.058000,224.954000
1610.108,276.194000,132.871000,206.197000,225.105000
1611.146,276.366000,132.939000,206.350000,225.270000
1612.163,276.523000,133.002000,206.489000,225.420000
1613.179,276.680000,133.065000,206.628000,225.571000
1614.211,276.837000,133.126000,206.767000,225.721000
1615.245,276.994000,133.193000,206.919000,225.886000
1616.274,277.166000,133.256000,207.059000,226.036000
1617.291,277.323000,133.318000,207.197000,226.186000
1618.314,277.479000,133.379000,207.336000,226.337000
1619.347,277.652000,133.446000,207.489000,226.501000
1620.375,277.808000,133.508000,207.628000,226.652000
1621.392,277.964000,133.571000,207.766000,226.802000
1622.415,278.121000,133.632000,207.906000,226.952000
1623.448,278.293000,133.700000,208.059000,227.117000
1624.477,278.449000,133.762000,208.197000,227.267000
1625.494,278.605000,133.825000,208.335000,227.417000
1626.516,278.760000,133.888000,208.475000,227.567000
1627.548,278.931000,133.955000,208.628000,227.732000
1628.578,279.086000,134.016000,208.766000,227.882000
1629.595,279.242000,134.078000,208.905000,228.032000
1630.612,279.397000,134.140000,209.044000,228.180000
1631.647,279.552000,134.208000,209.196000,228.344000
1632.679,279.722000,134.270000,209.336000,228.492000
1633.696,279.877000,134.331000,209.474000,228.641000
1634.714,280.032000,134.392000,209.613000,228.789000
1635.749,280.203000,134.460000,209.766000,228.952000
1636.780,280.358000,134.524000,209.903000,229.100000
1637.797,280.513000,134.585000,210.042000,229.249000
1638.814,280.668000,134.647000,210.182000,229.397000
1639.849,280.838000,134.715000,210.334000,229.560000
1640.866,280.993000,134.776000,210.473000,229.708000
1641.885,281.148000,134.837000,210.612000,229.857000
1642.911,281.303000,134.899000,210.751000,230.006000
1643.953,281.473000,134.967000,210.903000,230.169000
1644.973,281.628000,135.029000,211.042000,230.317000
1645.993,281.783000,135.091000,211.180000,230.465000
1647.018,281.938000,135.152000,211.320000,230.613000
1648.052,282.108000,135.219000,211.472000,230.776000
1649.086,282.262000,135.282000,211.611000,230.924000
1650.137,282.417000,135.343000,211.749000,231.072000
1651.164,282.587000,135.410000,211.902000,231.236000
1652.191,282.742000,135.474000,212.040000,231.384000
1653.238,282.896000,135.534000,212.180000,231.532000
1654.255,283.066000,135.602000,212.332000,231.695000
1655.271,283.221000,135.664000,212.471000,231.843000
1656.289,283.375000,135.725000,212.610000,231.992000
1657.308,283.530000,135.788000,212.749000,232.140000
1658.343,283.684000,135.849000,212.888000,232.303000
1659.361,283.855000,135.917000,213.040000,232.452000
1660.388,284.009000,135.979000,213.177000,232.600000
1661.408,284.164000,136.040000,213.313000,232.748000
1662.448,284.318000,136.102000,213.463000,232.911000
1663.468,284.487000,136.169000,213.601000,233.059000
1664.489,284.642000,136.229000,213.738000,233.207000
1665.506,284.796000,136.293000,213.875000,233.356000
1666.539,284.950000,136.354000,214.012000,233.504000
1667.557,285.120000,136.422000,214.163000,233.667000
1668.578,285.274000,136.484000,214.299000,233.815000
1669.598,285.428000,136.546000,214.437000,233.964000
1670.640,285.582000,136.607000,214.575000,234.112000
1671.658,285.752000,136.675000,214.725000,234.275000
1672.675,285.906000,136.737000,214.863000,234.423000
1673.693,286.060000,136.797000,214.998000,234.571000
1674.739,286.214000,136.858000,215.136000,234.719000
1675.761,286.384000,136.924000,215.285000,234.881000
1676.786,286.537000,136.987000,215.423000,235.029000
1677.818,286.691000,137.047000,215.561000,235.178000
1678.856,286.861000,137.115000,215.711000,235.341000
1679.884,287.015000,137.178000,215.847000,235.489000
1680.911,287.169000,137.239000,215.985000,235.637000
1681.957,287.338000,137.306000,216.134000,235.801000
1682.977,287.492000,137.369000,216.272000,235.948000
1683.998,287.646000,137.429000,216.409000,236.096000
1685.043,287.800000,137.490000,216.547000,236.245000
1686.063,287.968000,137.557000,216.698000,236.407000
1687.083,288.122000,137.617000,216.833000,236.556000
1688.113,288.276000,137.678000,216.971000,236.704000
1689.146,288.430000,137.740000,217.108000,236.867000
1690.164,288.599000,137.805000,217.261000,237.015000
1691.186,288.753000,137.865000,217.398000,237.163000
1692.211,288.906000,137.928000,217.535000,237.311000
1693.245,289.060000,137.988000,217.671000,237.459000
1694.269,289.229000,138.054000,217.822000,237.622000
1695.286,289.382000,138.113000,217.959000,237.770000
1696.306,289.536000,138.175000,218.096000,237.918000
1697.347,289.689000,138.236000,218.233000,238.081000
1698.369,289.858000,138.302000,218.384000,238.228000
1699.390,290.012000,138.363000,218.520000,238.377000
1700.422,290.165000,138.423000,218.657000,238.524000
1701.455,290.334000,138.488000,218.807000,238.688000
1702.484,290.487000,138.549000,218.945000,238.836000
1703.518,290.641000,138.608000,219.082000,238.984000
1704.556,290.809000,138.674000,219.232000,239.147000
1705.586,290.963000,138.734000,219.371000,239.295000
1706.624,291.116000,138.797000,219.506000,239.442000
1707.662,291.284000,138.864000,219.657000,239.605000
1708.691,291.437000,138.923000,219.793000,239.753000
1709.741,291.590000,138.981000,219.931000,239.901000
1710.760,291.759000,139.048000,220.080000,240.064000
1711.793,291.912000,139.110000,220.218000,240.212000
1712.847,292.065000,139.169000,220.355000,240.360000
1713.877,292.234000,139.236000,220.505000,240.523000
1714.912,292.387000,139.298000,220.643000,240.671000
1715.962,292.555000,139.364000,220.793000,240.834000
1716.993,292.709000,139.422000,220.929000,240.982000
1718.012,292.861000,139.484000,221.068000,241.130000
1719.057,293.029000,139.549000,221.217000,241.293000
1720.089,293.182000,139.610000,221.354000,241.440000
1721.106,293.335000,139.672000,221.492000,241.588000
1722.144,293.488000,139.732000,221.628000,241.737000
1723.173,293.656000,139.797000,221.778000,241.899000
1724.190,293.809000,139.858000,221.914000,242.047000
1725.214,293.962000,139.917000,222.052000,242.195000
1726.263,294.130000,139.981000,222.203000,242.357000
1727.299,294.283000,140.042000,222.340000,242.504000
1728.323,294.436000,140.105000,222.477000,242.653000
1729.358,294.604000,140.171000,222.627000,242.816000
1730.376,294.756000,140.230000,222.762000,242.963000
1731.393,294.909000,140.290000,222.901000,243.111000
1732.409,295.061000,140.350000,223.037000,243.259000
1733.426,295.214000,140.410000,223.175000,243.407000
1734.458,295.382000,140.476000,223.326000,243.570000
1735.477,295.535000,140.537000,223.462000,243.717000
1736.497,295.687000,140.596000,223.598000,243.865000
1737.544,295.839000,140.657000,223.735000,244.013000
1738.561,296.007000,140.724000,223.886000,244.173000
1739.580,296.159000,140.784000,224.022000,244.320000
1740.603,296.310000,140.844000,224.158000,244.466000
1741.646,296.461000,140.903000,224.295000,244.612000
1742.670,296.628000,140.969000,224.446000,244.772000
1743.695,296.779000,141.028000,224.582000,244.918000
1744.714,296.930000,141.090000,224.719000,245.065000
1745.749,297.079000,141.150000,224.856000,245.210000
1746.772,297.242000,141.216000,225.005000,245.371000
1747.794,297.387000,141.276000,225.142000,245.517000
1748.819,297.529000,141.337000,225.279000,245.663000
1749.862,297.680000,141.403000,225.428000,245.823000
1750.881,297.813000,141.463000,225.565000,245.969000
1751.906,297.940000,141.524000,225.702000,246.115000
1752.955,298.062000,141.584000,225.839000,246.276000
1753.988,298.189000,141.648000,225.989000,246.421000
1755.021,298.298000,141.709000,226.126000,246.567000
1756.066,298.411000,141.775000,226.276000,246.728000
1757.096,298.506000,141.835000,226.414000,246.873000
1758.129,298.595000,141.894000,226.549000,247.019000
1759.165,298.684000,141.960000,226.698000,247.179000
1760.192,298.758000,142.021000,226.835000,247.325000
1761.230,298.826000,142.080000,226.971000,247.470000
1762.268,298.892000,142.145000,227.121000,247.630000
1763.306,298.946000,142.204000,227.259000,247.774000
1764.359,298.993000,142.264000,227.409000,247.933000
1765.463,299.042000,142.336000,227.558000,248.093000
1766.488,299.076000,142.397000,227.696000,248.237000
1767.517,299.103000,142.456000,227.832000,248.381000
1768.559,299.125000,142.518000,227.983000,248.540000
1769.596,299.142000,142.585000,228.117000,248.683000
1770.626,299.153000,142.644000,228.252000,248.826000
1771.664,299.157000,142.708000,228.399000,248.983000
1772.696,299.155000,142.768000,228.533000,249.126000
1773.729,299.149000,142.828000,228.668000,249.268000
1774.767,299.136000,142.894000,228.817000,249.423000
1775.795,299.119000,142.953000,228.950000,249.565000
1776.825,299.098000,143.014000,229.085000,249.706000
1777.864,299.072000,143.078000,229.231000,249.860000
1778.897,299.039000,143.138000,229.364000,250.000000
1779.929,299.005000,143.197000,229.498000,250.139000
1780.962,298.963000,143.263000,229.644000,250.292000
1781.982,298.921000,143.324000,229.778000,250.430000
1783.012,298.876000,143.383000,229.911000,250.568000
1784.065,298.828000,143.449000,230.057000,250.719000
1785.100,298.771000,143.509000,230.189000,250.855000
1786.126,298.717000,143.567000,230.319000,250.991000
1787.165,298.661000,143.633000,230.465000,251.140000
1788.198,298.596000,143.693000,230.597000,251.275000
1789.224,298.535000,143.753000,230.728000,251.409000
1790.269,298.465000,143.819000,230.873000,251.556000
1791.298,298.400000,143.877000,231.004000,251.689000
1792.330,298.333000,143.937000,231.135000,251.821000
1793.370,298.258000,144.002000,231.277000,251.966000
1794.406,298.188000,144.061000,231.406000,252.096000
1795.428,298.116000,144.120000,231.536000,252.226000
1796.463,298.044000,144.186000,231.677000,252.369000
1797.482,297.962000,144.245000,231.807000,252.497000
1798.508,297.887000,144.305000,231.934000,252.625000
1799.532,297.812000,144.364000,232.062000,252.753000
1800.675,297.721000,144.435000,232.215000,252.905000
1801.697,297.644000,144.494000,232.342000,253.031000
1802.719,297.566000,144.554000,232.470000,253.156000
1803.766,297.480000,144.619000,232.608000,253.293000
1804.801,297.400000,144.677000,232.734000,253.417000
1805.823,297.321000,144.737000,232.859000,253.539000
1806.873,297.233000,144.801000,232.998000,253.674000
1807.904,297.153000,144.863000,233.121000,253.796000
1808.934,297.072000,144.921000,233.246000,253.917000
1809.972,296.984000,144.985000,233.382000,254.049000
1811.008,296.903000,145.046000,233.504000,254.169000
1812.057,296.823000,145.104000,233.629000,254.287000
1813.088,296.733000,145.171000,233.764000,254.417000
1814.115,296.652000,145.228000,233.885000,254.534000
1815.156,296.572000,145.288000,234.007000,254.651000
1816.191,296.483000,145.353000,234.140000,254.779000
1817.226,296.402000,145.412000,234.260000,254.894000
1818.273,296.313000,145.476000,234.392000,255.020000
1819.310,296.233000,145.534000,234.512000,255.134000
1820.363,296.153000,145.594000,234.642000,255.259000
1821.395,296.065000,145.660000,234.762000,255.371000
1822.427,295.986000,145.718000,234.879000,255.483000
1823.468,295.898000,145.783000,235.008000,255.605000
1824.496,295.819000,145.841000,235.125000,255.715000
1825.529,295.741000,145.901000,235.242000,255.825000
1826.572,295.655000,145.966000,235.371000,255.944000
1827.611,295.577000,146.026000,235.487000,256.053000
1828.635,295.500000,146.083000,235.602000,256.160000
1829.674,295.416000,146.150000,235.728000,256.278000
1830.828,295.333000,146.215000,235.855000,256.395000
1831.875,295.252000,146.279000,235.980000,256.511000
1832.904,295.178000,146.337000,236.094000,256.616000
1833.954,295.104000,146.397000,236.207000,256.721000
1834.986,295.025000,146.460000,236.330000,256.834000
1836.013,294.954000,146.519000,236.442000,256.938000
1837.035,294.885000,146.578000,236.554000,257.040000
1838.072,294.809000,146.643000,236.676000,257.151000
1839.099,294.742000,146.701000,236.787000,257.253000
1840.131,294.676000,146.761000,236.898000,257.353000
1841.174,294.606000,146.825000,237.018000,257.463000
1842.201,294.543000,146.884000,237.128000,257.562000
1843.235,294.483000,146.945000,237.236000,257.661000
1844.274,294.418000,147.008000,237.356000,257.769000
1845.302,294.362000,147.066000,237.465000,257.867000
1846.336,294.308000,147.125000,237.572000,257.963000
1847.374,294.251000,147.189000,237.689000,258.069000
1848.407,294.202000,147.249000,237.795000,258.165000
1849.435,294.155000,147.308000,237.901000,258.260000
1850.475,294.107000,147.373000,238.018000,258.364000
1851.502,294.067000,147.430000,238.124000,258.459000
1852.537,294.030000,147.488000,238.228000,258.553000
1853.576,293.992000,147.553000,238.343000,258.655000
1854.603,293.963000,147.612000,238.448000,258.747000
1855.639,293.937000,147.670000,238.552000,258.839000
1856.676,293.914000,147.735000,238.665000,258.940000
1857.706,293.898000,147.794000,238.767000,259.031000
1858.733,293.886000,147.852000,238.870000,259.122000
1859.773,293.879000,147.916000,238.984000,259.221000
1860.804,293.876000,147.974000,239.084000,259.311000
1861.830,293.878000,148.032000,239.186000,259.400000
1862.874,293.885000,148.096000,239.296000,259.498000
1863.907,293.898000,148.154000,239.397000,259.586000
1864.937,293.915000,148.211000,239.497000,259.675000
1865.992,293.939000,148.276000,239.608000,259.772000
1867.024,293.965000,148.332000,239.706000,259.859000
1868.073,294.000000,148.395000,239.815000,259.955000
1869.107,294.037000,148.452000,239.914000,260.042000
1870.132,294.077000,148.509000,240.013000,260.129000
1871.174,294.127000,148.573000,240.122000,260.223000
1872.193,294.177000,148.631000,240.218000,260.309000
1873.214,294.231000,148.689000,240.317000,260.395000
1874.237,294.290000,148.747000,240.413000,260.481000
1875.273,294.359000,148.809000,240.519000,260.575000
1876.297,294.426000,148.868000,240.617000,260.660000
1877.328,294.497000,148.926000,240.713000,260.746000
1878.375,294.579000,148.989000,240.819000,260.839000
1879.412,294.657000,149.046000,240.915000,260.924000
1880.460,294.739000,149.102000,241.010000,261.009000
1881.485,294.831000,149.165000,241.115000,261.101000
1882.513,294.919000,149.223000,241.210000,261.185000
1883.559,295.008000,149.281000,241.305000,261.269000
1884.582,295.109000,149.343000,241.409000,261.361000
1885.608,295.202000,149.400000,241.502000,261.443000
1886.634,295.297000,149.458000,241.598000,261.528000
1887.679,295.403000,149.521000,241.701000,261.619000
1888.715,295.500000,149.578000,241.797000,261.703000
1889.764,295.598000,149.637000,241.889000,261.786000
1890.799,295.704000,149.700000,241.992000,261.879000
1891.830,295.802000,149.756000,242.084000,261.962000
1892.877,295.908000,149.819000,242.188000,262.054000
1893.906,296.004000,149.878000,242.281000,262.138000
1894.935,296.098000,149.933000,242.376000,262.222000
1895.987,296.200000,149.997000,242.477000,262.314000
1897.017,296.291000,150.056000,242.569000,262.398000
1898.063,296.381000,150.114000,242.661000,262.482000
1899.090,296.476000,150.175000,242.764000,262.574000
1900.119,296.561000,150.232000,242.857000,262.659000
1901.164,296.643000,150.290000,242.951000,262.742000
1902.186,296.730000,150.353000,243.053000,262.835000
1903.215,296.806000,150.410000,243.145000,262.919000
1904.267,296.881000,150.468000,243.237000,263.003000
1905.294,296.958000,150.531000,243.340000,263.096000
1906.326,297.026000,150.587000,243.431000,263.180000
1907.370,297.090000,150.643000,243.525000,263.273000
1908.409,297.158000,150.708000,243.626000,263.357000
1909.438,297.215000,150.765000,243.719000,263.442000
1910.481,297.275000,150.829000,243.820000,263.535000
1911.511,297.325000,150.886000,243.913000,263.619000
1912.537,297.372000,150.942000,244.004000,263.703000
1913.578,297.420000,151.005000,244.105000,263.796000
1914.606,297.460000,151.062000,244.195000,263.880000
1915.635,297.496000,151.119000,244.286000,263.965000
1916.676,297.533000,151.182000,244.388000,264.058000
1917.707,297.563000,151.240000,244.478000,264.142000
1918.739,297.589000,151.297000,244.570000,264.226000
1919.778,297.614000,151.361000,244.671000,264.318000
1920.808,297.634000,151.418000,244.761000,264.402000
1921.834,297.650000,151.475000,244.851000,264.485000
1922.877,297.664000,151.538000,244.952000,264.577000
1923.904,297.674000,151.595000,245.041000,264.661000
1924.939,297.680000,151.652000,245.133000,264.744000
1925.982,297.684000,151.714000,245.234000,264.835000
1927.008,297.685000,151.771000,245.323000,264.918000
1928.064,297.683000,151.828000,245.414000,265.000000
1929.094,297.677000,151.891000,245.513000,265.091000
1930.122,297.670000,151.949000,245.602000,265.173000
1931.278,297.658000,152.017000,245.710000,265.272000
1932.307,297.645000,152.073000,245.800000,265.353000
1933.341,297.631000,152.130000,245.890000,265.436000
1934.379,297.613000,152.193000,245.990000,265.525000
1935.405,297.594000,152.250000,246.079000,265.606000
1936.432,297.574000,152.307000,246.169000,265.687000
1937.476,297.551000,152.370000,246.267000,265.775000
1938.504,297.525000,152.428000,246.356000,265.856000
1939.539,297.500000,152.486000,246.445000,265.935000
1940.580,297.470000,152.548000,246.543000,266.023000
1941.610,297.442000,152.605000,246.633000,266.102000
1942.630,297.412000,152.661000,246.721000,266.181000
1943.647,297.381000,152.717000,246.809000,266.260000
1944.678,297.345000,152.781000,246.905000,266.346000
1945.698,297.312000,152.838000,246.994000,266.424000
1946.715,297.277000,152.894000,247.081000,266.502000
1947.732,297.242000,152.950000,247.168000,266.578000
1948.766,297.205000,153.008000,247.256000,266.655000
1949.793,297.164000,153.072000,247.352000,266.740000
1950.811,297.126000,153.129000,247.439000,266.816000
1951.828,297.087000,153.186000,247.524000,266.892000
1952.867,297.048000,153.242000,247.611000,266.968000
1953.895,297.004000,153.305000,247.705000,267.050000
1954.916,296.963000,153.362000,247.792000,267.125000
1955.947,296.922000,153.418000,247.877000,267.199000
1956.981,296.876000,153.481000,247.972000,267.281000
1958.013,296.834000,153.537000,248.056000,267.354000
1959.035,296.792000,153.595000,248.142000,267.427000
1960.079,296.744000,153.657000,248.235000,267.508000
1961.103,296.701000,153.715000,248.320000,267.581000
1962.130,296.658000,153.770000,248.405000,267.652000
1963.166,296.614000,153.827000,248.489000,267.724000
1964.191,296.566000,153.889000,248.581000,267.803000
1965.214,296.522000,153.948000,248.665000,267.874000
1966.233,296.478000,154.004000,248.747000,267.944000
1967.287,296.429000,154.064000,248.838000,268.022000
1968.318,296.385000,154.122000,248.921000,268.092000
1969.372,296.340000,154.179000,249.003000,268.161000
1970.407,296.291000,154.241000,249.092000,268.237000
1971.505,296.243000,154.304000,249.184000,268.312000
1972.530,296.198000,154.360000,249.265000,268.381000
1973.572,296.154000,154.417000,249.345000,268.449000
1974.608,296.105000,154.480000,249.434000,268.523000
1975.637,296.061000,154.535000,249.514000,268.590000
1976.685,296.013000,154.598000,249.604000,268.664000
1977.722,295.970000,154.654000,249.685000,268.730000
1978.744,295.926000,154.711000,249.764000,268.797000
1979.787,295.878000,154.773000,249.852000,268.869000
1980.816,295.836000,154.829000,249.930000,268.935000
1981.843,295.793000,154.887000,250.010000,268.999000
1982.890,295.746000,154.948000,250.096000,269.070000
1983.928,295.705000,155.004000,250.175000,269.135000
1984.978,295.663000,155.062000,250.253000,269.205000
1986.008,295.618000,155.124000,250.338000,269.268000
1987.043,295.578000,155.180000,250.416000,269.332000
1988.083,295.538000,155.242000,250.501000,269.400000
1989.114,295.495000,155.299000,250.577000,269.463000
1990.140,295.456000,155.356000,250.655000,269.525000
1991.178,295.418000,155.411000,250.729000,269.593000
1992.208,295.378000,155.474000,250.814000,269.654000
1993.234,295.341000,155.530000,250.890000,269.715000
1994.280,295.306000,155.587000,250.974000,269.782000
1995.318,295.267000,155.649000,251.049000,269.843000
1996.341,295.234000,155.704000,251.124000,269.903000
1997.380,295.201000,155.761000,251.206000,269.968000
1998.413,295.166000,155.823000,251.281000,270.028000
1999.449,295.135000,155.881000,251.356000,270.087000
2000.487,295.103000,155.943000,251.437000,270.151000
2001.583,295.072000,156.005000,251.518000,270.216000
2002.616,295.045000,156.060000,251.591000,270.274000
2003.651,295.019000,156.117000,251.664000,270.332000
2004.690,294.993000,156.180000,251.745000,270.395000
2005.718,294.970000,156.235000,251.818000,270.453000
2006.771,294.948000,156.293000,251.889000,270.510000
2007.800,294.927000,156.353000,251.969000,270.572000
2008.840,294.909000,156.409000,252.041000,270.629000
2009.886,294.892000,156.472000,252.119000,270.690000
2010.919,294.876000,156.529000,252.191000,270.746000
2011.952,294.862000,156.585000,252.262000,270.802000
2012.990,294.850000,156.647000,252.340000,270.862000
2014.019,294.841000,156.703000,252.412000,270.918000
2015.074,294.835000,156.759000,252.481000,270.972000
2016.104,294.829000,156.821000,252.558000,271.032000
2017.135,294.827000,156.877000,252.628000,271.086000
2018.176,294.827000,156.934000,252.697000,271.141000
2019.210,294.829000,156.995000,252.773000,271.200000
2020.234,294.834000,157.051000,252.842000,271.254000
2021.278,294.841000,157.108000,252.912000,271.307000
2022.303,294.852000,157.169000,252.988000,271.366000
2023.339,294.864000,157.225000,253.056000,271.419000
2024.389,294.880000,157.287000,253.131000,271.477000
2025.424,294.897000,157.343000,253.198000,271.529000
2026.454,294.916000,157.400000,253.265000,271.582000
2027.494,294.940000,157.460000,253.341000,271.640000
2028.524,294.964000,157.517000,253.408000,271.692000
2029.574,294.989000,157.575000,253.475000,271.745000
2030.609,295.020000,157.635000,253.549000,271.802000
2031.729,295.052000,157.696000,253.623000,271.859000
2032.774,295.085000,157.752000,253.691000,271.911000
2033.805,295.121000,157.815000,253.763000,271.968000
2034.833,295.157000,157.871000,253.829000,272.019000
2035.877,295.193000,157.927000,253.896000,272.071000
2036.908,295.235000,157.989000,253.969000,272.128000
2037.944,295.274000,158.046000,254.034000,272.179000
2038.993,295.320000,158.107000,254.107000,272.235000
2040.027,295.362000,158.163000,254.171000,272.287000
2041.079,295.405000,158.219000,254.238000,272.338000
2042.112,295.454000,158.280000,254.309000,272.394000
2043.146,295.499000,158.337000,254.375000,272.445000
2044.193,295.549000,158.399000,254.446000,272.501000
2045.228,295.596000,158.454000,254.512000,272.552000
2046.253,295.643000,158.509000,254.575000,272.603000
2047.293,295.695000,158.571000,254.646000,272.660000
2048.326,295.743000,158.628000,254.711000,272.711000
2049.379,295.792000,158.684000,254.776000,272.762000
2050.413,295.845000,158.746000,254.846000,272.818000
2051.444,295.893000,158.801000,254.910000,272.869000
2052.494,295.947000,158.863000,254.981000,272.925000
2053.518,295.995000,158.919000,255.046000,272.976000
2054.550,296.042000,158.975000,255.111000,273.027000
2055.590,296.094000,159.037000,255.181000,273.083000
2056.615,296.141000,159.094000,255.244000,273.134000
2057.652,296.187000,159.149000,255.307000,273.185000
2058.696,296.237000,159.210000,255.379000,273.241000
2059.719,296.281000,159.265000,255.443000,273.293000
2060.751,296.325000,159.322000,255.506000,273.344000
2061.850,296.372000,159.384000,255.577000,273.401000
2062.894,296.418000,159.446000,255.647000,273.456000
2063.919,296.458000,159.500000,255.710000,273.508000
2064.951,296.497000,159.556000,255.774000,273.558000
2065.991,296.538000,159.618000,255.842000,273.614000
2067.016,296.574000,159.673000,255.906000,273.666000
2068.041,296.609000,159.728000,255.969000,273.717000
2069.087,296.642000,159.783000,256.033000,273.773000
2070.121,296.676000,159.842000,256.102000,273.824000
2071.154,296.706000,159.897000,256.165000,273.876000
2072.195,296.737000,159.957000,256.233000,273.932000
2073.222,296.763000,160.012000,256.296000,273.982000
2074.256,296.787000,160.067000,256.360000,274.034000
2075.293,296.812000,160.128000,256.429000,274.090000
2076.323,296.832000,160.183000,256.491000,274.141000
2077.356,296.851000,160.238000,256.553000,274.192000
2078.396,296.870000,160.298000,256.622000,274.247000
2079.424,296.886000,160.353000,256.685000,274.298000
2080.458,296.900000,160.408000,256.748000,274.349000
2081.493,296.915000,160.470000,256.816000,274.405000
2082.525,296.926000,160.524000,256.880000,274.456000
2083.554,296.935000,160.579000,256.942000,274.506000
2084.595,296.944000,160.639000,257.011000,274.562000
2085.626,296.951000,160.694000,257.072000,274.612000
2086.653,296.957000,160.749000,257.136000,274.662000
2087.694,296.961000,160.810000,257.205000,274.718000
2088.728,296.964000,160.864000,257.266000,274.768000
2089.756,296.966000,160.919000,257.328000,274.818000
2090.797,296.967000,160.980000,257.397000,274.873000
2091.826,296.967000,161.036000,257.458000,274.922000
2092.849,296.965000,161.090000,257.519000,274.972000
2093.892,296.962000,161.152000,257.588000,275.027000
2094.918,296.958000,161.206000,257.650000,275.076000
2095.944,296.954000,161.260000,257.711000,275.125000
2096.989,296.948000,161.320000,257.779000,275.179000
2098.015,296.940000,161.375000,257.840000,275.228000
2099.050,296.933000,161.430000,257.902000,275.277000
2100.095,296.924000,161.490000,257.969000,275.331000
2101.125,296.914000,161.546000,258.030000,275.379000
2102.180,296.903000,161.601000,258.090000,275.428000
2103.210,296.892000,161.661000,258.157000,275.481000
2104.234,296.880000,161.714000,258.218000,275.529000
2105.283,296.867000,161.769000,258.278000,275.577000
2106.317,296.853000,161.829000,258.345000,275.629000
2107.345,296.839000,161.883000,258.407000,275.676000
2108.399,296.823000,161.945000,258.473000,275.728000
2109.428,296.808000,162.000000,258.532000,275.776000
2110.481,296.793000,162.055000,258.593000,275.823000
2111.516,296.774000,162.116000,258.658000,275.874000
2112.544,296.758000,162.169000,258.718000,275.921000
2113.584,296.741000,162.225000,258.777000,275.967000
2114.623,296.721000,162.284000,258.843000,276.018000
2115.651,296.703000,162.339000,258.901000,276.064000
2116.695,296.682000,162.400000,258.966000,276.115000
2117.718,296.663000,162.455000,259.025000,276.160000
2118.753,296.644000,162.509000,259.084000,276.206000
2119.800,296.623000,162.570000,259.148000,276.255000
2120.827,296.602000,162.624000,259.206000,276.300000
2121.852,296.582000,162.679000,259.265000,276.345000
2122.894,296.561000,162.733000,259.329000,276.394000
2123.925,296.537000,162.792000,259.387000,276.438000
2124.954,296.517000,162.847000,259.445000,276.483000
2126.000,296.492000,162.908000,259.511000,276.531000
2127.111,296.469000,162.967000,259.573000,276.580000
2128.133,296.446000,163.023000,259.629000,276.623000
2129.162,296.424000,163.077000,259.686000,276.667000
2130.202,296.399000,163.137000,259.750000,276.714000
2131.239,296.377000,163.192000,259.806000,276.757000
2132.284,296.354000,163.246000,259.862000,276.800000
2133.323,296.328000,163.306000,259.925000,276.847000
2134.359,296.305000,163.360000,259.982000,276.890000
2135.402,296.279000,163.421000,260.044000,276.936000
2136.442,296.256000,163.476000,260.100000,276.978000
2137.489,296.233000,163.530000,260.156000,277.019000
2138.524,296.207000,163.590000,260.218000,277.065000
2139.549,296.184000,163.644000,260.274000,277.107000
2140.593,296.161000,163.699000,260.329000,277.152000
2141.620,296.135000,163.759000,260.389000,277.193000
2142.659,296.112000,163.812000,260.444000,277.234000
2143.704,296.086000,163.873000,260.505000,277.278000
2144.733,296.062000,163.927000,260.560000,277.319000
2145.761,296.040000,163.982000,260.614000,277.359000
2146.803,296.014000,164.041000,260.673000,277.403000
2147.844,295.991000,164.095000,260.728000,277.442000
2148.893,295.968000,164.151000,260.782000,277.486000
2149.929,295.943000,164.210000,260.842000,277.525000
2150.963,295.921000,164.265000,260.895000,277.564000
2152.001,295.897000,164.327000,260.954000,277.607000
2153.030,295.875000,164.382000,261.008000,277.646000
2154.063,295.852000,164.435000,261.061000,277.684000
2155.105,295.828000,164.495000,261.118000,277.727000
2156.146,295.807000,164.549000,261.170000,277.765000
2157.300,295.782000,164.614000,261.232000,277.810000
2158.329,295.761000,164.667000,261.284000,277.848000
2159.365,295.741000,164.722000,261.337000,277.885000
2160.404,295.719000,164.781000,261.394000,277.927000
2161.432,295.699000,164.836000,261.444000,277.964000
2162.466,295.680000,164.891000,261.497000,278.000000
2163.506,295.659000,164.951000,261.553000,278.041000
2164.536,295.640000,165.005000,261.603000,278.077000
2165.568,295.622000,165.059000,261.654000,278.114000
2166.604,295.603000,165.117000,261.710000,278.154000
2167.631,295.585000,165.172000,261.760000,278.190000
2168.668,295.569000,165.227000,261.810000,278.226000
2169.704,295.551000,165.286000,261.865000,278.265000
2170.736,295.535000,165.342000,261.916000,278.301000
2171.769,295.520000,165.394000,261.965000,278.336000
2172.806,295.504000,165.455000,262.019000,278.375000
2173.837,295.490000,165.509000,262.070000,278.410000
2174.888,295.477000,165.564000,262.119000,278.445000
2175.913,295.463000,165.624000,262.172000,278.483000
2176.937,295.451000,165.677000,262.221000,278.517000
2177.987,295.439000,165.732000,262.269000,278.551000
2179.021,295.427000,165.791000,262.323000,278.589000
2180.060,295.418000,165.845000,262.372000,278.624000
2181.100,295.409000,165.904000,262.425000,278.661000
2182.121,295.400000,165.960000,262.473000,278.694000
2183.151,295.392000,166.014000,262.522000,278.728000
2184.205,295.384000,166.074000,262.575000,278.765000
2185.238,295.378000,166.126000,262.622000,278.798000
2186.260,295.373000,166.180000,262.670000,278.831000
2187.419,295.369000,166.246000,262.726000,278.871000
2188.447,295.365000,166.299000,262.774000,278.904000
2189.491,295.363000,166.354000,262.821000,278.937000
2190.521,295.361000,166.413000,262.872000,278.973000
2191.555,295.360000,166.468000,262.919000,279.006000
2192.605,295.361000,166.528000,262.971000,279.041000
2193.642,295.362000,166.582000,263.018000,279.073000
2194.697,295.364000,166.637000,263.065000,279.108000
2195.718,295.368000,166.695000,263.117000,279.140000
2196.741,295.372000,166.750000,263.164000,279.172000
2197.798,295.377000,166.804000,263.209000,279.207000
2198.827,295.383000,166.864000,263.259000,279.238000
2199.861,295.391000,166.917000,263.306000,279.270000
2200.904,295.399000,166.976000,263.356000,279.304000
2201.924,295.408000,167.029000,263.401000,279.336000
2202.960,295.419000,167.084000,263.446000,279.367000
2204.007,295.431000,167.145000,263.497000,279.401000
2205.028,295.443000,167.198000,263.542000,279.432000
2206.062,295.456000,167.252000,263.587000,279.463000
2207.100,295.470000,167.306000,263.637000,279.497000
2208.127,295.486000,167.364000,263.682000,279.528000
2209.160,295.502000,167.419000,263.725000,279.558000
2210.203,295.521000,167.479000,263.775000,279.592000
2211.235,295.538000,167.534000,263.821000,279.623000
2212.262,295.557000,167.587000,263.864000,279.653000
2213.305,295.578000,167.645000,263.914000,279.687000
2214.326,295.598000,167.701000,263.959000,279.718000
2215.355,295.619000,167.754000,264.004000,279.748000
2216.399,295.640000,167.808000,264.046000,279.782000
2217.546,295.666000,167.873000,264.099000,279.815000
2218.595,295.689000,167.926000,264.144000,279.846000
2219.614,295.715000,167.986000,264.192000,279.879000
2220.649,295.738000,168.039000,264.236000,279.910000
2221.694,295.762000,168.094000,264.279000,279.940000
2222.720,295.790000,168.152000,264.328000,279.973000
2223.756,295.814000,168.207000,264.371000,280.003000
2224.801,295.840000,168.260000,264.415000,280.037000
2225.837,295.867000,168.319000,264.463000,280.066000
2226.862,295.893000,168.374000,264.506000,280.097000
2227.903,295.918000,168.427000,264.554000,280.130000
2228.939,295.946000,168.486000,264.597000,280.161000
2229.970,295.972000,168.540000,264.640000,280.191000
2231.011,296.000000,168.598000,264.688000,280.224000
2232.039,296.025000,168.654000,264.730000,280.254000
2233.070,296.050000,168.706000,264.773000,280.284000
2234.113,296.078000,168.765000,264.821000,280.317000
2235.143,296.102000,168.820000,264.863000,280.348000
2236.172,296.126000,168.874000,264.907000,280.378000
2237.211,296.152000,168.934000,264.954000,280.411000
2238.234,296.176000,168.987000,264.996000,280.442000
2239.252,296.198000,169.040000,265.039000,280.472000
2240.273,296.221000,169.093000,265.082000,280.502000
2241.308,296.244000,169.154000,265.128000,280.535000
2242.334,296.266000,169.208000,265.172000,280.565000
2243.356,296.286000,169.263000,265.212000,280.596000
2244.399,296.306000,169.316000,265.255000,280.629000
2245.418,296.328000,169.374000,265.303000,280.659000
2246.435,296.347000,169.429000,265.346000,280.689000
2247.459,296.365000,169.482000,265.387000,280.719000
2248.502,296.382000,169.535000,265.434000,280.753000
2249.519,296.401000,169.594000,265.477000,280.783000
2250.536,296.417000,169.647000,265.520000,280.813000
2251.559,296.433000,169.701000,265.560000,280.844000
2252.708,296.451000,169.766000,265.612000,280.880000
2253.736,296.465000,169.819000,265.653000,280.910000
2254.753,296.478000,169.873000,265.697000,280.940000
2255.771,296.491000,169.928000,265.738000,280.970000
2256.808,296.504000,169.986000,265.784000,281.003000
2257.838,296.516000,170.040000,265.826000,281.033000
2258.855,296.526000,170.092000,265.867000,281.063000
2259.873,296.537000,170.148000,265.909000,281.093000
2260.909,296.547000,170.205000,265.955000,281.126000
2261.929,296.556000,170.260000,265.997000,281.156000
2262.956,296.564000,170.314000,266.038000,281.186000
2263.973,296.572000,170.368000,266.080000,281.216000
2265.008,296.579000,170.426000,266.126000,281.248000
2266.035,296.585000,170.480000,266.167000,281.278000
2267.063,296.591000,170.533000,266.209000,281.308000
2268.105,296.596000,170.587000,266.250000,281.340000
2269.132,296.601000,170.646000,266.295000,281.370000
2270.166,296.604000,170.700000,266.337000,281.400000
2271.216,296.608000,170.759000,266.383000,281.432000
2272.250,296.610000,170.813000,266.424000,281.461000
2273.301,296.612000,170.866000,266.465000,281.491000
2274.331,296.614000,170.925000,266.510000,281.523000
2275.366,296.615000,170.978000,266.551000,281.553000
2276.416,296.615000,171.037000,266.596000,281.585000
2277.451,296.615000,171.091000,266.637000,281.614000
2278.501,296.614000,171.145000,266.677000,281.643000
2279.530,296.612000,171.203000,266.722000,281.675000
2280.548,296.610000,171.256000,266.763000,281.703000
2281.578,296.608000,171.310000,266.804000,281.732000
2282.615,296.605000,171.369000,266.849000,281.763000
2283.650,296.601000,171.423000,266.889000,281.792000
2284.698,296.597000,171.475000,266.929000,281.821000
2285.727,296.592000,171.534000,266.973000,281.852000
2286.763,296.588000,171.587000,267.014000,281.880000
2287.949,296.581000,171.649000,267.063000,281.914000
2288.972,296.576000,171.703000,267.103000,281.942000
2290.015,296.569000,171.761000,267.146000,281.973000
2291.044,296.562000,171.814000,267.186000,282.001000
2292.074,296.556000,171.866000,267.227000,282.029000
2293.116,296.548000,171.925000,267.270000,282.060000
2294.152,296.540000,171.976000,267.310000,282.088000
2295.201,296.532000,172.029000,267.349000,282.115000
2296.240,296.523000,172.088000,267.392000,282.145000
2297.276,296.514000,172.139000,267.431000,282.173000
2298.318,296.504000,172.197000,267.475000,282.203000
2299.349,296.495000,172.250000,267.513000,282.230000
2300.406,296.486000,172.302000,267.554000,282.260000
2301.442,296.475000,172.360000,267.596000,282.287000
2302.477,296.464000,172.412000,267.635000,282.314000
2303.513,296.453000,172.471000,267.677000,282.344000
2304.543,296.442000,172.523000,267.717000,282.371000
2305.575,296.431000,172.576000,267.755000,282.397000
2306.612,296.419000,172.633000,267.798000,282.426000
2307.644,296.408000,172.686000,267.836000,282.452000
2308.673,296.396000,172.738000,267.876000,282.479000
2309.713,296.383000,172.796000,267.916000,282.507000
2310.743,296.370000,172.849000,267.956000,282.534000
2311.771,296.358000,172.902000,267.994000,282.560000
2312.812,296.346000,172.955000,268.037000,282.588000
2313.846,296.332000,173.011000,268.075000,282.614000
2314.879,296.319000,173.065000,268.113000,282.639000
2315.919,296.304000,173.124000,268.153000,282.668000
2316.940,296.291000,173.174000,268.190000,282.693000
2317.964,296.278000,173.227000,268.227000,282.719000
2319.019,296.263000,173.286000,268.269000,282.746000
2320.047,296.250000,173.338000,268.307000,282.771000
2321.082,296.236000,173.391000,268.345000,282.796000
2322.121,296.221000,173.449000,268.385000,282.823000
2323.171,296.207000,173.500000,268.423000,282.848000
2324.207,296.193000,173.552000,268.463000,282.875000
2325.227,296.177000,173.610000,268.500000,282.899000
2326.246,296.163000,173.662000,268.537000,282.924000
2327.266,296.149000,173.715000,268.574000,282.948000
2328.314,296.135000,173.768000,268.613000,282.974000
2329.352,296.119000,173.828000,268.650000,282.999000
2330.384,296.105000,173.878000,268.684000,283.023000
2331.420,296.089000,173.935000,268.724000,283.049000
2332.450,296.075000,173.987000,268.761000,283.072000
2333.485,296.061000,174.040000,268.798000,283.096000
2334.519,296.045000,174.098000,268.836000,283.121000
2335.551,296.031000,174.148000,268.873000,283.144000
2336.584,296.017000,174.203000,268.908000,283.168000
2337.621,296.002000,174.259000,268.948000,283.193000
2338.654,295.988000,174.312000,268.985000,283.217000
2339.683,295.974000,174.364000,269.020000,283.239000
2340.721,295.959000,174.422000,269.058000,283.264000
2341.747,295.945000,174.475000,269.092000,283.287000
2342.764,295.932000,174.528000,269.128000,283.310000
2343.781,295.918000,174.580000,269.162000,283.332000
2344.819,295.904000,174.637000,269.201000,283.356000
2345.856,295.891000,174.688000,269.236000,283.379000
2346.883,295.877000,174.741000,269.270000,283.401000
2347.923,295.863000,174.801000,269.309000,283.425000
2348.951,295.850000,174.853000,269.344000,283.447000
2349.974,295.838000,174.905000,269.377000,283.468000
2351.022,295.824000,174.962000,269.415000,283.492000
2352.058,295.812000,175.014000,269.448000,283.514000
2353.105,295.800000,175.067000,269.483000,283.536000
2354.142,295.787000,175.124000,269.520000,283.559000
2355.171,295.775000,175.175000,269.554000,283.580000
2356.207,295.764000,175.228000,269.588000,283.601000
2357.232,295.751000,175.284000,269.625000,283.624000
2358.336,295.740000,175.342000,269.663000,283.647000
2359.362,295.729000,175.394000,269.696000,283.668000
2360.387,295.718000,175.446000,269.728000,283.689000
2361.419,295.707000,175.504000,269.764000,283.712000
2362.440,295.697000,175.556000,269.798000,283.733000
2363.467,295.688000,175.607000,269.831000,283.753000
2364.525,295.677000,175.665000,269.867000,283.775000
2365.562,295.669000,175.718000,269.900000,283.796000
2366.608,295.660000,175.769000,269.933000,283.816000
2367.636,295.650000,175.827000,269.967000,283.837000
2368.678,295.642000,175.879000,269.999000,283.857000
2369.725,295.634000,175.936000,270.036000,283.879000
2370.763,295.627000,175.989000,270.068000,283.899000
2371.806,295.620000,176.041000,270.101000,283.919000
2372.823,295.613000,176.099000,270.137000,283.940000
2373.844,295.607000,176.150000,270.169000,283.960000
2374.877,295.601000,176.203000,270.201000,283.979000
2375.925,295.595000,176.259000,270.236000,284.001000
2376.947,295.590000,176.312000,270.268000,284.020000
2377.970,295.586000,176.364000,270.298000,284.039000
2379.025,295.582000,176.422000,270.333000,284.060000
2380.064,295.578000,176.474000,270.364000,284.079000
2381.118,295.575000,176.524000,270.400000,284.100000
2382.148,295.573000,176.582000,270.431000,284.119000
2383.180,295.571000,176.636000,270.462000,284.139000
2384.222,295.569000,176.693000,270.496000,284.159000
2385.250,295.568000,176.743000,270.527000,284.178000
2386.278,295.567000,176.797000,270.558000,284.197000
2387.317,295.567000,176.849000,270.589000,284.217000
2388.454,295.567000,176.911000,270.625000,284.238000
2389.477,295.568000,176.964000,270.656000,284.256000
2390.527,295.570000,177.020000,270.690000,284.276000
2391.552,295.572000,177.071000,270.721000,284.295000
2392.587,295.575000,177.123000,270.751000,284.313000
2393.622,295.578000,177.181000,270.784000,284.333000
2394.653,295.581000,177.232000,270.816000,284.352000
2395.686,295.585000,177.285000,270.846000,284.370000
2396.723,295.591000,177.342000,270.879000,284.389000
2397.754,295.596000,177.395000,270.909000,284.408000
2398.787,295.601000,177.446000,270.939000,284.426000
2399.827,295.608000,177.503000,270.972000,284.446000
2400.855,295.615000,177.555000,271.000000,284.464000
2401.873,295.622000,177.605000,271.031000,284.482000
2402.914,295.629000,177.658000,271.061000,284.499000
2403.940,295.638000,177.716000,271.095000,284.519000
2404.972,295.647000,177.767000,271.124000,284.537000
2406.024,295.656000,177.824000,271.155000,284.556000
2407.058,295.666000,177.876000,271.184000,284.574000
2408.090,295.676000,177.928000,271.214000,284.592000
2409.127,295.688000,177.986000,271.246000,284.611000
2410.152,295.698000,178.037000,271.276000,284.629000
2411.177,295.709000,178.089000,271.305000,284.647000
2412.225,295.720000,178.146000,271.339000,284.666000
2413.255,295.734000,178.197000,271.367000,284.684000
2414.283,295.746000,178.250000,271.396000,284.702000
2415.328,295.760000,178.308000,271.427000,284.721000
2416.361,295.773000,178.358000,271.457000,284.738000
2417.410,295.786000,178.411000,271.486000,284.756000
2418.435,295.801000,178.467000,271.519000,284.776000
2419.466,295.815000,178.519000,271.548000,284.793000
2420.515,295.829000,178.571000,271.575000,284.811000
2421.540,295.845000,178.628000,271.607000,284.830000
2422.574,295.859000,178.681000,271.636000,284.848000
2423.648,295.875000,178.737000,271.668000,284.867000
2424.679,295.890000,178.789000,271.695000,284.884000
2425.729,295.907000,178.846000,271.726000,284.904000
2426.757,295.922000,178.898000,271.755000,284.922000
2427.782,295.937000,178.950000,271.785000,284.939000
2428.827,295.954000,179.005000,271.816000,284.958000
2429.862,295.969000,179.057000,271.844000,284.976000
2430.915,295.984000,179.109000,271.872000,284.993000
2431.948,296.001000,179.166000,271.904000,285.013000
2432.986,296.017000,179.217000,271.931000,285.030000
2434.028,296.034000,179.274000,271.963000,285.050000
2435.056,296.049000,179.327000,271.992000,285.067000
2436.082,296.064000,179.376000,272.019000,285.085000
2437.127,296.082000,179.434000,272.050000,285.104000
2438.149,296.097000,179.485000,272.078000,285.122000
2439.185,296.112000,179.537000,272.105000,285.140000
2440.232,296.128000,179.595000,272.137000,285.159000
2441.265,296.143000,179.647000,272.165000,285.177000
2442.318,296.158000,179.698000,272.194000,285.196000
2443.350,296.173000,179.756000,272.224000,285.214000
2444.376,296.187000,179.808000,272.251000,285.232000
2445.425,296.202000,179.859000,272.282000,285.251000
2446.447,296.216000,179.915000,272.310000,285.269000
2447.465,296.230000,179.968000,272.339000,285.286000
2448.488,296.243000,180.020000,272.367000,285.304000
2449.531,296.257000,180.076000,272.396000,285.324000
2450.564,296.269000,180.129000,272.425000,285.342000
2451.592,296.281000,180.179000,272.452000,285.360000
2452.631,296.294000,180.236000,272.484000,285.378000
2453.662,296.305000,180.287000,272.511000,285.396000
2454.689,296.316000,180.339000,272.538000,285.414000
2455.734,296.328000,180.396000,272.568000,285.433000
2456.766,296.338000,180.445000,272.596000,285.451000
2457.813,296.348000,180.499000,272.624000,285.469000
2458.836,296.358000,180.556000,272.656000,285.488000
2459.858,296.367000,180.607000,272.683000,285.506000
2460.891,296.377000,180.658000,272.711000,285.524000
2461.934,296.385000,180.714000,272.741000,285.543000
2462.976,296.393000,180.767000,272.769000,285.561000
2464.021,296.401000,180.818000,272.795000,285.580000
2465.052,296.409000,180.876000,272.825000,285.598000
2466.076,296.416000,180.927000,272.854000,285.616000
2467.126,296.422000,180.978000,272.883000,285.635000
2468.161,296.428000,181.035000,272.910000,285.652000
2469.192,296.434000,181.086000,272.937000,285.670000
2470.227,296.439000,181.144000,272.967000,285.689000
2471.264,296.444000,181.196000,272.995000,285.706000
2472.296,296.448000,181.246000,273.022000,285.724000
2473.336,296.452000,181.302000,273.052000,285.743000
2474.369,296.456000,181.354000,273.079000,285.760000
2475.425,296.459000,181.405000,273.109000,285.780000
2476.452,296.462000,181.461000,273.136000,285.797000
2477.493,296.464000,181.514000,273.162000,285.815000
2478.529,296.467000,181.569000,273.192000,285.834000
2479.564,296.468000,181.621000,273.219000,285.851000
2480.594,296.469000,181.672000,273.245000,285.868000
2481.633,296.470000,181.729000,273.274000,285.887000
2482.661,296.471000,181.781000,273.301000,285.904000
2483.686,296.472000,181.832000,273.328000,285.922000
2484.732,296.472000,181.888000,273.358000,285.941000
2485.766,296.471000,181.939000,273.384000,285.958000
2486.792,296.470000,181.991000,273.411000,285.975000
2487.832,296.469000,182.047000,273.442000,285.994000
2488.997,296.467000,182.103000,273.470000,286.012000
2490.033,296.466000,182.160000,273.500000,286.031000
2491.067,296.464000,182.212000,273.527000,286.048000
2492.094,296.461000,182.264000,273.553000,286.065000
2493.138,296.458000,182.320000,273.582000,286.084000
2494.164,296.455000,182.370000,273.609000,286.100000
2495.198,296.452000,182.423000,273.637000,286.117000
2496.237,296.448000,182.479000,273.664000,286.135000
2497.269,296.444000,182.531000,273.691000,286.152000
2498.319,296.440000,182.583000,273.717000,286.169000
2499.350,296.435000,182.639000,273.746000,286.187000
2500.387,296.430000,182.689000,273.771000,286.203000
2501.436,296.425000,182.746000,273.800000,286.222000
2502.470,296.419000,182.798000,273.826000,286.238000
2503.523,296.414000,182.849000,273.852000,286.254000
2504.555,296.408000,182.906000,273.881000,286.272000
2505.591,296.402000,182.956000,273.906000,286.288000
2506.631,296.395000,183.013000,273.934000,286.306000
2507.658,296.389000,183.065000,273.960000,286.322000
2508.692,296.381000,183.115000,273.986000,286.338000
2509.739,296.374000,183.170000,274.013000,286.355000
2510.777,296.367000,183.223000,274.039000,286.371000
2511.819,296.359000,183.274000,274.065000,286.387000
2512.847,296.351000,183.330000,274.093000,286.404000
2513.874,296.343000,183.381000,274.118000,286.420000
2514.925,296.335000,183.432000,274.144000,286.436000
2515.954,296.326000,183.489000,274.172000,286.453000
2516.991,296.318000,183.540000,274.198000,286.468000
2518.037,296.308000,183.596000,274.224000,286.485000
2519.172,296.299000,183.652000,274.253000,286.502000
2520.194,296.290000,183.703000,274.279000,286.517000
2521.238,296.280000,183.760000,274.304000,286.534000
2522.264,296.271000,183.810000,274.329000,286.549000
2523.290,296.262000,183.861000,274.354000,286.564000
2524.334,296.252000,183.918000,274.382000,286.581000
2525.358,296.242000,183.969000,274.406000,286.596000
2526.393,296.232000,184.020000,274.431000,286.611000
2527.433,296.222000,184.075000,274.457000,286.627000
2528.458,296.212000,184.128000,274.483000,286.642000
2529.483,296.202000,184.180000,274.508000,286.656000
2530.529,296.192000,184.230000,274.532000,286.673000
2531.557,296.181000,184.286000,274.558000,286.687000
2532.580,296.171000,184.337000,274.583000,286.701000
2533.630,296.161000,184.387000,274.607000,286.717000
2534.662,296.150000,184.443000,274.634000,286.732000
2535.702,296.139000,184.494000,274.658000,286.746000
2536.734,296.128000,184.550000,274.684000,286.762000
2537.765,296.118000,184.601000,274.708000,286.776000
2538.821,296.108000,184.652000,274.732000,286.790000
2539.856,296.097000,184.708000,274.757000,286.805000
2540.895,296.086000,184.758000,274.782000,286.819000
2541.937,296.075000,184.813000,274.807000,286.834000
2542.968,296.064000,184.863000,274.830000,286.848000
2544.000,296.054000,184.912000,274.854000,286.861000
2545.035,296.042000,184.969000,274.880000,286.876000
2546.067,296.032000,185.019000,274.904000,286.890000
2547.100,296.022000,185.070000,274.926000,286.903000
2548.141,296.011000,185.125000,274.951000,286.918000
2549.169,296.000000,185.175000,274.975000,286.932000
2550.198,295.990000,185.225000,274.998000,286.945000
2551.242,295.978000,185.281000,275.022000,286.959000
2552.269,295.968000,185.330000,275.047000,286.972000
2553.303,295.958000,185.381000,275.070000,286.985000
2554.388,295.948000,185.436000,275.094000,286.999000
2555.435,295.938000,185.492000,275.120000,287.014000
2556.472,295.926000,185.542000,275.141000,287.027000
2557.497,295.917000,185.592000,275.165000,287.040000
2558.533,295.907000,185.643000,275.191000,287.054000
2559.559,295.896000,185.698000,275.214000,287.066000
2560.585,295.887000,185.749000,275.237000,287.079000
2561.632,295.877000,185.799000,275.261000,287.093000
2562.657,295.867000,185.852000,275.283000,287.105000
2563.690,295.858000,185.903000,275.303000,287.117000
2564.733,295.848000,185.953000,275.329000,287.131000
2565.756,295.838000,186.008000,275.350000,287.143000
2566.783,295.829000,186.059000,275.372000,287.155000
2567.824,295.820000,186.109000,275.395000,287.167000
2568.858,295.811000,186.164000,275.420000,287.181000
2569.890,295.803000,186.215000,275.441000,287.193000
2570.942,295.794000,186.269000,275.464000,287.206000
2571.976,295.785000,186.319000,275.485000,287.218000
2573.003,295.777000,186.370000,275.508000,287.229000
2574.039,295.768000,186.425000,275.531000,287.242000
2575.078,295.760000,186.474000,275.553000,287.254000
2576.129,295.753000,186.524000,275.574000,287.266000
2577.161,295.744000,186.580000,275.599000,287.279000
2578.200,295.737000,186.629000,275.619000,287.290000
2579.242,295.729000,186.685000,275.642000,287.303000
2580.277,295.722000,186.735000,275.664000,287.314000
2581.327,295.716000,186.785000,275.685000,287.325000
2582.355,295.709000,186.841000,275.708000,287.338000
2583.396,295.703000,186.891000,275.729000,287.349000
2584.555,295.696000,186.951000,275.756000,287.363000
2585.579,295.690000,187.001000,275.776000,287.374000
2586.630,295.684000,187.050000,275.797000,287.385000
2587.664,295.679000,187.105000,275.820000,287.397000
2588.697,295.674000,187.156000,275.841000,287.408000
2589.742,295.669000,187.211000,275.864000,287.420000
2590.771,295.664000,187.262000,275.884000,287.431000
2591.809,295.660000,187.311000,275.905000,287.442000
2592.845,295.656000,187.367000,275.927000,287.454000
2593.877,295.652000,187.417000,275.946000,287.464000
2594.906,295.649000,187.467000,275.968000,287.475000
2595.950,295.645000,187.521000,275.989000,287.486000
2596.982,295.642000,187.570000,276.008000,287.497000
2598.030,295.640000,187.621000,276.029000,287.508000
2599.066,295.638000,187.676000,276.052000,287.520000
2600.100,295.636000,187.726000,276.072000,287.530000
2601.146,295.635000,187.780000,276.093000,287.541000
2602.185,295.633000,187.830000,276.114000,287.552000
2603.230,295.632000,187.879000,276.133000,287.562000
2604.256,295.632000,187.935000,276.155000,287.574000
2605.286,295.631000,187.986000,276.175000,287.584000
2606.336,295.631000,188.035000,276.195000,287.595000
2607.365,295.632000,188.090000,276.217000,287.605000
2608.403,295.632000,188.138000,276.237000,287.616000
2609.447,295.634000,188.194000,276.258000,287.627000
2610.472,295.635000,188.244000,276.278000,287.637000
2611.502,295.637000,188.294000,276.297000,287.647000
2612.549,295.639000,188.348000,276.318000,287.659000
2613.578,295.642000,188.399000,276.337000,287.669000
2614.630,295.645000,188.449000,276.358000,287.679000
2615.653,295.648000,188.504000,276.379000,287.690000
2616.689,295.652000,188.553000,276.399000,287.700000
2617.735,295.656000,188.603000,276.418000,287.711000
2618.761,295.660000,188.659000,276.438000,287.721000
2619.785,295.665000,188.707000,276.458000,287.731000
2620.829,295.670000,188.759000,276.477000,287.741000
2621.857,295.676000,188.813000,276.498000,287.752000
2622.888,295.682000,188.862000,276.517000,287.762000
2623.936,295.688000,188.912000,276.536000,287.773000
2624.964,295.695000,188.966000,276.557000,287.783000
2625.998,295.701000,189.018000,276.575000,287.792000
2627.044,295.709000,189.072000,276.595000,287.803000
2628.077,295.716000,189.122000,276.614000,287.814000
2629.110,295.724000,189.172000,276.633000,287.824000
2630.150,295.733000,189.226000,276.653000,287.834000
2631.180,295.741000,189.275000,276.673000,287.844000
2632.209,295.750000,189.325000,276.692000,287.854000
2633.249,295.760000,189.379000,276.712000,287.865000
2634.283,295.769000,189.429000,276.731000,287.875000
2635.332,295.778000,189.481000,276.751000,287.885000
2636.355,295.789000,189.534000,276.770000,287.895000
2637.379,295.799000,189.585000,276.787000,287.906000
2638.413,295.810000,189.633000,276.808000,287.915000
2639.450,295.821000,189.689000,276.828000,287.926000
2640.480,295.832000,189.738000,276.846000,287.936000
2641.531,295.843000,189.787000,276.865000,287.946000
2642.560,295.855000,189.842000,276.886000,287.957000
2643.587,295.867000,189.891000,276.903000,287.967000
2644.631,295.878000,189.942000,276.922000,287.977000
2645.665,295.891000,189.997000,276.942000,287.988000
2646.698,295.902000,190.046000,276.961000,287.998000
2647.748,295.914000,190.101000,276.981000,288.009000
2648.781,295.927000,190.150000,276.999000,288.019000
2649.946,295.941000,190.210000,277.020000,288.031000
2650.983,295.954000,190.260000,277.038000,288.041000
2652.036,295.966000,190.310000,277.058000,288.051000
2653.064,295.980000,190.364000,277.077000,288.062000
2654.100,295.992000,190.414000,277.096000,288.072000
2655.149,296.004000,190.468000,277.117000,288.084000
2656.185,296.018000,190.517000,277.133000,288.093000
2657.235,296.030000,190.568000,277.153000,288.103000
2658.269,296.043000,190.622000,277.172000,288.115000
2659.302,296.055000,190.671000,277.191000,288.125000
2660.348,296.069000,190.726000,277.210000,288.136000
2661.376,296.081000,190.776000,277.227000,288.146000
2662.406,296.093000,190.825000,277.246000,288.157000
2663.447,296.106000,190.879000,277.266000,288.168000
2664.471,296.118000,190.929000,277.285000,288.178000
2665.504,296.130000,190.978000,277.303000,288.188000
2666.553,296.143000,191.033000,277.323000,288.200000
2667.591,296.154000,191.083000,277.341000,288.210000
2668.639,296.165000,191.133000,277.359000,288.222000
2669.672,296.178000,191.187000,277.379000,288.232000
2670.706,296.189000,191.236000,277.398000,288.243000
2671.750,296.200000,191.291000,277.417000,288.254000
2672.790,296.211000,191.340000,277.434000,288.264000
2673.839,296.221000,191.388000,277.454000,288.275000
2674.871,296.232000,191.443000,277.474000,288.286000
2675.908,296.242000,191.492000,277.491000,288.297000
2676.952,296.252000,191.549000,277.510000,288.308000
2677.980,296.262000,191.598000,277.529000,288.318000
2679.009,296.271000,191.647000,277.547000,288.329000
2680.085,296.280000,191.702000,277.566000,288.341000
2681.109,296.289000,191.750000,277.584000,288.351000
2682.154,296.297000,191.805000,277.603000,288.362000
2683.191,296.306000,191.853000,277.621000,288.373000
2684.237,296.313000,191.902000,277.640000,288.383000
2685.264,296.321000,191.956000,277.659000,288.395000
2686.295,296.328000,192.007000,277.677000,288.406000
2687.341,296.335000,192.056000,277.695000,288.417000
2688.365,296.342000,192.111000,277.715000,288.428000
2689.397,296.348000,192.161000,277.733000,288.439000
2690.443,296.354000,192.210000,277.751000,288.450000
2691.474,296.360000,192.263000,277.771000,288.460000
2692.500,296.366000,192.313000,277.788000,288.471000
2693.541,296.371000,192.361000,277.807000,288.482000
2694.574,296.376000,192.416000,277.826000,288.493000
2695.608,296.380000,192.466000,277.843000,288.504000
2696.646,296.384000,192.521000,277.863000,288.515000
2697.680,296.389000,192.569000,277.881000,288.526000
2698.709,296.392000,192.619000,277.899000,288.536000
2699.754,296.395000,192.673000,277.919000,288.548000
2700.782,296.399000,192.723000,277.936000,288.559000
2701.814,296.401000,192.771000,277.953000,288.569000
2702.854,296.404000,192.825000,277.972000,288.580000
2703.879,296.406000,192.876000,277.989000,288.591000
2704.907,296.408000,192.922000,278.007000,288.601000
2705.952,296.410000,192.979000,278.026000,288.613000
2706.977,296.411000,193.028000,278.044000,288.623000
2708.001,296.413000,193.078000,278.062000,288.634000
2709.047,296.414000,193.127000,278.082000,288.646000
2710.091,296.414000,193.181000,278.100000,288.656000
2711.119,296.415000,193.229000,278.117000,288.666000
2712.157,296.415000,193.284000,278.137000,288.678000
2713.182,296.415000,193.333000,278.153000,288.688000
2714.219,296.414000,193.382000,278.170000,288.698000
2715.256,296.413000,193.436000,278.190000,288.710000
2716.287,296.413000,193.486000,278.208000,288.720000
2717.321,296.411000,193.535000,278.226000,288.730000
2718.358,296.410000,193.589000,278.245000,288.742000
2719.387,296.408000,193.638000,278.263000,288.752000
2720.415,296.407000,193.688000,278.281000,288.762000
2721.458,296.404000,193.742000,278.298000,288.774000
2722.488,296.402000,193.790000,278.316000,288.784000
2723.522,296.399000,193.840000,278.333000,288.794000
2724.558,296.396000,193.894000,278.351000,288.805000
2725.588,296.393000,193.943000,278.369000,288.815000
2726.621,296.390000,193.991000,278.386000,288.824000
2727.659,296.386000,194.046000,278.404000,288.835000
2728.689,296.382000,194.095000,278.421000,288.845000
2729.720,296.378000,194.143000,278.438000,288.856000
2730.758,296.374000,194.198000,278.456000,288.866000
2731.784,296.370000,194.247000,278.474000,288.876000
2732.809,296.366000,194.296000,278.492000,288.886000
2733.858,296.360000,194.349000,278.510000,288.896000
2734.890,296.356000,194.399000,278.527000,288.906000
2735.922,296.351000,194.448000,278.544000,288.916000
2736.955,296.346000,194.502000,278.562000,288.927000
2737.994,296.340000,194.551000,278.580000,288.937000
2739.040,296.335000,194.600000,278.596000,288.946000
2740.082,296.328000,194.654000,278.615000,288.957000
2741.115,296.323000,194.704000,278.632000,288.966000
2742.160,296.316000,194.758000,278.650000,288.977000
2743.199,296.310000,194.806000,278.667000,288.986000
2744.243,296.304000,194.855000,278.684000,288.996000
2745.273,296.297000,194.909000,278.702000,289.006000
2746.309,296.291000,194.957000,278.719000,289.016000
2747.358,296.283000,195.012000,278.735000,289.026000
2748.387,296.277000,195.061000,278.751000,289.035000
2749.444,296.270000,195.110000,278.768000,289.044000
2750.475,296.262000,195.163000,278.786000,289.054000
2751.497,296.255000,195.212000,278.802000,289.063000
2752.548,296.248000,195.261000,278.819000,289.072000
2753.578,296.240000,195.315000,278.837000,289.082000
2754.605,296.232000,195.363000,278.853000,289.091000
2755.650,296.225000,195.412000,278.869000,289.101000
2756.675,296.216000,195.465000,278.887000,289.110000
2757.698,296.209000,195.515000,278.902000,289.118000
2758.748,296.201000,195.565000,278.919000,289.127000
2759.784,296.192000,195.618000,278.936000,289.137000
2760.819,296.185000,195.667000,278.952000,289.146000
2761.856,296.176000,195.720000,278.970000,289.155000
2762.883,296.167000,195.769000,278.986000,289.164000
2763.921,296.159000,195.817000,279.003000,289.172000
2764.962,296.150000,195.872000,279.019000,289.182000
2765.992,296.142000,195.919000,279.035000,289.190000
2767.023,296.134000,195.968000,279.049000,289.199000
2768.057,296.125000,196.023000,279.066000,289.208000
2769.086,296.116000,196.071000,279.083000,289.216000
2770.115,296.108000,196.120000,279.098000,289.224000
2771.155,296.100000,196.170000,279.115000,289.234000
2772.187,296.090000,196.222000,279.131000,289.242000
2773.222,296.082000,196.272000,279.147000,289.250000
2774.262,296.072000,196.326000,279.163000,289.259000
2775.303,296.064000,196.375000,279.178000,289.267000
2776.354,296.055000,196.422000,279.193000,289.276000
2777.391,296.046000,196.475000,279.210000,289.283000
2778.426,296.037000,196.524000,279.224000,289.291000
2779.459,296.028000,196.578000,279.241000,289.300000
2780.576,296.018000,196.631000,279.258000,289.308000
2781.607,296.010000,196.681000,279.273000,289.316000
2782.657,296.001000,196.729000,279.289000,289.325000
2783.681,295.992000,196.782000,279.304000,289.333000
2784.709,295.983000,196.832000,279.318000,289.340000
2785.754,295.975000,196.880000,279.334000,289.348000
2786.787,295.966000,196.934000,279.350000,289.356000
2787.822,295.957000,196.984000,279.364000,289.363000
2788.864,295.948000,197.036000,279.381000,289.371000
2789.893,295.939000,197.085000,279.396000,289.378000
2790.926,295.931000,197.133000,279.408000,289.386000
2791.964,295.921000,197.187000,279.424000,289.394000
2792.995,295.913000,197.235000,279.439000,289.401000
2794.027,295.905000,197.284000,279.453000,289.409000
2795.065,295.896000,197.335000,279.470000,289.416000
2796.096,295.888000,197.385000,279.483000,289.423000
2797.125,295.880000,197.433000,279.498000,289.430000
2798.166,295.871000,197.487000,279.513000,289.438000
2799.200,295.863000,197.536000,279.528000,289.445000
2800.246,295.855000,197.585000,279.542000,289.452000
2801.281,295.847000,197.639000,279.558000,289.460000
2802.310,295.839000,197.687000,279.573000,289.467000
2803.360,295.831000,197.741000,279.587000,289.474000
2804.382,295.823000,197.790000,279.600000,289.481000
2805.415,295.815000,197.837000,279.614000,289.488000
2806.464,295.807000,197.891000,279.631000,289.495000
2807.498,295.800000,197.940000,279.644000,289.502000
2808.549,295.792000,197.987000,279.659000,289.508000
2809.581,295.785000,198.042000,279.673000,289.515000
2810.762,295.776000,198.100000,279.691000,289.523000
2811.802,295.770000,198.149000,279.704000,289.530000
2812.847,295.763000,198.196000,279.718000,289.536000
2813.884,295.756000,198.250000,279.733000,289.543000
2814.917,295.749000,198.299000,279.747000,289.550000
2815.965,295.743000,198.352000,279.762000,289.557000
2817.005,295.736000,198.401000,279.773000,289.563000
2818.050,295.730000,198.449000,279.787000,289.569000
2819.083,295.724000,198.503000,279.801000,289.576000
2820.117,295.718000,198.550000,279.815000,289.582000
2821.167,295.712000,198.603000,279.830000,289.589000
2822.201,295.706000,198.650000,279.843000,289.595000
2823.251,295.701000,198.698000,279.855000,289.601000
2824.285,295.695000,198.751000,279.870000,289.607000
2825.317,295.691000,198.798000,279.884000,289.613000
2826.354,295.686000,198.846000,279.897000,289.619000
2827.382,295.681000,198.899000,279.911000,289.626000
2828.406,295.677000,198.946000,279.924000,289.632000
2829.453,295.673000,198.994000,279.937000,289.637000
2830.483,295.669000,199.048000,279.952000,289.644000
2831.504,295.665000,199.096000,279.964000,289.650000
2832.555,295.662000,199.143000,279.977000,289.656000
2833.589,295.658000,199.195000,279.991000,289.662000
2834.621,295.655000,199.242000,280.003000,289.668000
2835.659,295.652000,199.291000,280.017000,289.674000
2836.690,295.649000,199.344000,280.030000,289.680000
2837.721,295.647000,199.390000,280.043000,289.686000
2838.763,295.645000,199.443000,280.057000,289.692000
2839.785,295.643000,199.491000,280.070000,289.698000
2840.825,295.641000,199.539000,280.082000,289.703000
2841.863,295.639000,199.591000,280.096000,289.709000
2842.887,295.639000,199.638000,280.108000,289.715000
2843.920,295.638000,199.686000,280.121000,289.720000
2844.960,295.637000,199.734000,280.133000,289.726000
2845.990,295.636000,199.786000,280.148000,289.732000
2847.014,295.636000,199.835000,280.159000,289.737000
2848.065,295.636000,199.887000,280.174000,289.744000
2849.088,295.637000,199.934000,280.184000,289.749000
2850.113,295.637000,199.983000,280.197000,289.754000
2851.154,295.638000,200.028000,280.209000,289.759000
2852.172,295.640000,200.081000,280.223000,289.765000
2853.189,295.641000,200.130000,280.234000,289.770000
2854.212,295.643000,200.176000,280.247000,289.776000
2855.255,295.645000,200.224000,280.259000,289.782000
2856.273,295.647000,200.276000,280.273000,289.788000
2857.291,295.650000,200.324000,280.285000,289.793000
2858.322,295.653000,200.374000,280.298000,289.798000
2859.357,295.656000,200.420000,280.309000,289.804000
2860.374,295.660000,200.472000,280.323000,289.809000
2861.401,295.664000,200.520000,280.335000,289.815000
2862.460,295.668000,200.568000,280.346000,289.820000
2863.494,295.672000,200.620000,280.359000,289.826000
2864.532,295.677000,200.667000,280.372000,289.832000
2865.571,295.683000,200.720000,280.384000,289.838000
2866.610,295.688000,200.766000,280.397000,289.843000
2867.632,295.693000,200.813000,280.408000,289.848000
2868.665,295.700000,200.867000,280.422000,289.854000
2869.690,295.706000,200.914000,280.433000,289.859000
2870.718,295.712000,200.962000,280.444000,289.865000
2871.761,295.719000,201.010000,280.458000,289.871000
2872.784,295.726000,201.062000,280.470000,289.876000
2873.822,295.734000,201.110000,280.483000,289.881000
2874.872,295.742000,201.162000,280.495000,289.887000
2876.000,295.750000,201.214000,280.508000,289.893000
2877.033,295.758000,201.261000,280.520000,289.899000
2878.074,295.767000,201.315000,280.531000,289.905000
2879.104,295.775000,201.362000,280.544000,289.910000
2880.154,295.784000,201.410000,280.555000,289.916000
2881.187,295.793000,201.462000,280.569000,289.922000
2882.221,295.803000,201.507000,280.581000,289.927000
2883.270,295.812000,201.559000,280.593000,289.933000
2884.305,295.822000,201.607000,280.605000,289.938000
2885.360,295.831000,201.655000,280.616000,289.944000
2886.389,295.842000,201.707000,280.629000,289.950000
2887.415,295.852000,201.755000,280.640000,289.956000
2888.455,295.862000,201.802000,280.654000,289.961000
2889.479,295.873000,201.854000,280.665000,289.967000
2890.517,295.884000,201.901000,280.676000,289.973000
2891.537,295.895000,201.948000,280.688000,289.978000
2892.576,295.907000,202.002000,280.702000,289.985000
2893.601,295.917000,202.049000,280.713000,289.991000
2894.619,295.928000,202.096000,280.725000,289.996000
2895.660,295.940000,202.144000,280.736000,290.002000
2896.690,295.951000,202.196000,280.749000,290.008000
2897.725,295.962000,202.243000,280.760000,290.014000
2898.774,295.975000,202.295000,280.773000,290.020000
2899.810,295.986000,202.343000,280.784000,290.026000
2900.860,295.997000,202.391000,280.797000,290.032000
2901.888,296.009000,202.441000,280.810000,290.039000
2902.915,296.021000,202.489000,280.821000,290.044000
2903.961,296.032000,202.537000,280.832000,290.050000
2904.988,296.044000,202.588000,280.845000,290.057000
2906.032,296.056000,202.635000,280.857000,290.063000
2907.068,296.067000,202.688000,280.870000,290.069000
2908.097,296.079000,202.735000,280.881000,290.076000
2909.134,296.090000,202.783000,280.892000,290.082000
2910.173,296.102000,202.833000,280.905000,290.088000
2911.208,296.113000,202.881000,280.917000,290.094000
2912.228,296.124000,202.928000,280.928000,290.101000
2913.270,296.135000,202.980000,280.942000,290.108000
2914.296,296.146000,203.027000,280.954000,290.113000
2915.329,296.157000,203.075000,280.965000,290.120000
2916.374,296.168000,203.127000,280.977000,290.127000
2917.405,296.179000,203.175000,280.988000,290.133000
2918.434,296.189000,203.221000,281.000000,290.140000
2919.474,296.199000,203.273000,281.013000,290.146000
2920.501,296.209000,203.320000,281.024000,290.152000
2921.531,296.218000,203.367000,281.036000,290.159000
2922.577,296.229000,203.420000,281.050000,290.166000
2923.605,296.238000,203.468000,281.061000,290.172000
2924.659,296.246000,203.515000,281.074000,290.178000
2925.681,296.256000,203.566000,281.086000,290.185000
2926.712,296.265000,203.614000,281.098000,290.192000
2927.762,296.273000,203.660000,281.109000,290.198000
2928.782,296.281000,203.711000,281.122000,290.205000
2929.805,296.289000,203.759000,281.132000,290.212000
2930.837,296.297000,203.806000,281.144000,290.219000
2931.871,296.305000,203.857000,281.157000,290.226000
2932.901,296.312000,203.905000,281.169000,290.232000
2933.939,296.319000,203.954000,281.181000,290.239000
2934.975,296.327000,204.005000,281.193000,290.246000
2936.001,296.333000,204.052000,281.206000,290.253000
2937.038,296.340000,204.099000,281.217000,290.259000
2938.077,296.346000,204.151000,281.231000,290.267000
2939.116,296.352000,204.198000,281.243000,290.273000
2940.177,296.358000,204.250000,281.254000,290.281000
2941.302,296.364000,204.302000,281.267000,290.288000
2942.331,296.369000,204.348000,281.279000,290.294000
2943.368,296.374000,204.396000,281.290000,290.302000
2944.390,296.379000,204.446000,281.303000,290.309000
2945.409,296.383000,204.493000,281.314000,290.315000
2946.433,296.387000,204.540000,281.327000,290.322000
2947.475,296.391000,204.591000,281.339000,290.329000
2948.507,296.394000,204.638000,281.351000,290.336000
2949.539,296.397000,204.686000,281.363000,290.343000
2950.578,296.401000,204.738000,281.376000,290.350000
2951.603,296.403000,204.785000,281.387000,290.357000
2952.626,296.406000,204.833000,281.399000,290.364000
2953.675,296.408000,204.883000,281.412000,290.371000
2954.707,296.411000,204.931000,281.423000,290.378000
2955.743,296.413000,204.977000,281.435000,290.385000
2956.775,296.415000,205.030000,281.448000,290.392000
2957.809,296.416000,205.076000,281.460000,290.399000
2958.844,296.417000,205.122000,281.470000,290.405000
2959.878,296.418000,205.174000,281.482000,290.413000
2960.912,296.418000,205.221000,281.495000,290.419000
2961.938,296.419000,205.268000,281.506000,290.426000
2962.982,296.419000,205.321000,281.520000,290.433000
2964.016,296.419000,205.367000,281.530000,290.440000
2965.040,296.419000,205.414000,281.543000,290.446000
2966.078,296.418000,205.466000,281.556000,290.454000
2967.110,296.418000,205.513000,281.567000,290.461000
2968.144,296.417000,205.560000,281.578000,290.467000
2969.179,296.415000,205.611000,281.591000,290.474000
2970.209,296.414000,205.659000,281.601000,290.481000
2971.237,296.412000,205.704000,281.613000,290.487000
2972.278,296.411000,205.756000,281.625000,290.494000
2973.306,296.409000,205.803000,281.637000,290.501000
2974.336,296.406000,205.850000,281.649000,290.507000
2975.379,296.403000,205.901000,281.659000,290.515000
2976.493,296.401000,205.953000,281.674000,290.522000
2977.517,296.398000,206.000000,281.685000,290.528000
2978.566,296.395000,206.047000,281.696000,290.534000
2979.600,296.392000,206.099000,281.710000,290.542000
2980.633,296.389000,206.146000,281.722000,290.548000
2981.680,296.385000,206.196000,281.734000,290.555000
2982.707,296.381000,206.244000,281.745000,290.562000
2983.740,296.377000,206.290000,281.756000,290.568000
2984.782,296.373000,206.342000,281.768000,290.575000
2985.816,296.369000,206.389000,281.778000,290.581000
2986.864,296.364000,206.436000,281.790000,290.588000
2987.903,296.360000,206.488000,281.802000,290.594000
2988.937,296.355000,206.534000,281.813000,290.600000
2989.977,296.350000,206.586000,281.825000,290.607000
2991.001,296.345000,206.631000,281.836000,290.613000
2992.021,296.340000,206.678000,281.847000,290.619000
2993.071,296.335000,206.725000,281.858000,290.626000
2994.100,296.329000,206.777000,281.871000,290.632000
2995.139,296.324000,206.823000,281.883000,290.638000
2996.181,296.318000,206.875000,281.895000,290.645000
2997.203,296.312000,206.922000,281.905000,290.651000
2998.237,296.307000,206.967000,281.917000,290.657000
2999.281,296.300000,207.019000,281.930000,290.663000
3000.314,296.294000,207.067000,281.941000,290.669000
3001.343,296.287000,207.113000,281.951000,290.675000
3002.384,296.281000,207.164000,281.963000,290.681000
3003.425,296.274000,207.211000,281.974000,290.687000
3004.475,296.268000,207.257000,281.985000,290.693000
3005.509,296.260000,207.309000,281.996000,290.699000
3006.678,296.252000,207.364000,282.010000,290.706000
3007.710,296.246000,207.411000,282.021000,290.711000
3008.740,296.239000,207.458000,282.031000,290.717000
3009.784,296.231000,207.508000,282.042000,290.723000
3010.815,296.224000,207.554000,282.053000,290.729000
3011.841,296.217000,207.603000,282.065000,290.734000
3012.884,296.208000,207.654000,282.076000,290.740000
3013.916,296.202000,207.701000,282.086000,290.746000
3014.945,296.194000,207.747000,282.096000,290.751000
3015.986,296.186000,207.798000,282.107000,290.757000
3017.013,296.179000,207.845000,282.118000,290.762000
3018.046,296.171000,207.892000,282.129000,290.768000
3019.081,296.163000,207.943000,282.140000,290.773000
3020.116,296.156000,207.989000,282.150000,290.778000
3021.147,296.148000,208.037000,282.161000,290.784000
3022.186,296.139000,208.088000,282.172000,290.790000
3023.216,296.132000,208.134000,282.182000,290.794000
3024.248,296.124000,208.181000,282.192000,290.799000
3025.286,296.115000,208.232000,282.203000,290.805000
3026.330,296.107000,208.278000,282.215000,290.810000
3027.377,296.099000,208.324000,282.224000,290.815000
3028.401,296.090000,208.376000,282.235000,290.820000
3029.432,296.082000,208.422000,282.246000,290.825000
3030.484,296.074000,208.474000,282.256000,290.831000
3031.517,296.065000,208.519000,282.266000,290.835000
3032.550,296.057000,208.566000,282.277000,290.840000
3033.587,296.048000,208.617000,282.289000,290.845000
3034.618,296.040000,208.663000,282.298000,290.850000
3035.671,296.032000,208.710000,282.308000,290.855000
3036.820,296.022000,208.767000,282.319000,290.860000
3037.873,296.014000,208.814000,282.329000,290.865000
3038.903,296.005000,208.864000,282.340000,290.870000
3039.935,295.997000,208.909000,282.350000,290.874000
3040.985,295.989000,208.960000,282.360000,290.879000
3042.014,295.980000,209.007000,282.371000,290.884000
3043.049,295.972000,209.053000,282.380000,290.887000
3044.085,295.963000,209.104000,282.391000,290.892000
3045.120,295.955000,209.151000,282.399000,290.897000
3046.173,295.947000,209.197000,282.410000,290.901000
3047.206,295.938000,209.248000,282.419000,290.906000
3048.239,295.930000,209.294000,282.430000,290.910000
3049.283,295.921000,209.344000,282.441000,290.915000
3050.303,295.913000,209.393000,282.450000,290.919000
3051.336,295.905000,209.438000,282.459000,290.923000
3052.390,295.896000,209.489000,282.471000,290.927000
3053.422,295.888000,209.536000,282.479000,290.931000
3054.479,295.880000,209.583000,282.489000,290.937000
3055.508,295.872000,209.633000,282.499000,290.940000
3056.541,295.864000,209.679000,282.509000,290.944000
3057.590,295.855000,209.731000,282.519000,290.949000
3058.626,295.848000,209.777000,282.528000,290.953000
3059.675,295.840000,209.824000,282.537000,290.956000
3060.710,295.832000,209.874000,282.547000,290.960000
3061.744,295.824000,209.920000,282.556000,290.964000
3062.792,295.816000,209.972000,282.566000,290.968000
3063.824,295.809000,210.018000,282.575000,290.972000
3064.851,295.801000,210.064000,282.584000,290.976000
3065.891,295.793000,210.116000,282.594000,290.980000
3066.924,295.786000,210.161000,282.604000,290.983000
3067.951,295.779000,210.208000,282.613000,290.987000
3068.991,295.771000,210.259000,282.622000,290.991000
3070.029,295.764000,210.305000,282.630000,290.995000
3071.078,295.757000,210.350000,282.640000,290.998000
3072.107,295.750000,210.403000,282.650000,291.002000
3073.126,295.743000,210.448000,282.660000,291.005000
3074.179,295.737000,210.493000,282.668000,291.010000
3075.213,295.729000,210.544000,282.677000,291.013000
3076.249,295.722000,210.591000,282.685000,291.016000
3077.292,295.716000,210.643000,282.695000,291.020000
3078.329,295.710000,210.689000,282.704000,291.023000
3079.378,295.703000,210.734000,282.713000,291.026000
3080.413,295.697000,210.785000,282.723000,291.029000
3081.449,295.691000,210.830000,282.731000,291.033000
3082.490,295.685000,210.883000,282.740000,291.036000
3083.518,295.679000,210.929000,282.749000,291.040000
3084.549,295.673000,210.974000,282.756000,291.042000
3085.590,295.668000,211.026000,282.765000,291.046000
3086.621,295.662000,211.071000,282.775000,291.049000
3087.644,295.657000,211.117000,282.784000,291.052000
3088.679,295.652000,211.163000,282.792000,291.055000
3089.701,295.646000,211.214000,282.800000,291.058000
3090.737,295.642000,211.260000,282.808000,291.062000
3091.785,295.638000,211.306000,282.818000,291.065000
3092.824,295.633000,211.356000,282.826000,291.068000
3093.874,295.629000,211.402000,282.834000,291.070000
3094.903,295.624000,211.453000,282.844000,291.074000
3095.937,295.621000,211.500000,282.852000,291.076000
3097.087,295.617000,211.555000,282.861000,291.080000
3098.118,295.613000,211.602000,282.868000,291.083000
3099.144,295.610000,211.648000,282.877000,291.086000
3100.192,295.607000,211.697000,282.886000,291.089000
3101.219,295.604000,211.745000,282.894000,291.091000
3102.255,295.602000,211.789000,282.902000,291.095000
3103.293,295.599000,211.839000,282.911000,291.097000
3104.323,295.597000,211.886000,282.919000,291.100000
3105.353,295.595000,211.931000,282.926000,291.102000
3106.393,295.593000,211.983000,282.936000,291.106000
3107.424,295.592000,212.029000,282.944000,291.108000
3108.458,295.591000,212.075000,282.951000,291.111000
3109.495,295.590000,212.126000,282.959000,291.114000
3110.518,295.589000,212.171000,282.968000,291.117000
3111.539,295.589000,212.217000,282.976000,291.119000
3112.593,295.589000,212.268000,282.985000,291.122000
3113.626,295.589000,212.314000,282.992000,291.125000
3114.679,295.589000,212.359000,283.000000,291.127000
3115.710,295.589000,212.409000,283.009000,291.130000
3116.742,295.591000,212.456000,283.016000,291.132000
3117.795,295.592000,212.506000,283.025000,291.136000
3118.826,295.594000,212.554000,283.031000,291.138000
3119.876,295.596000,212.599000,283.038000,291.141000
3120.909,295.598000,212.650000,283.047000,291.144000
3121.938,295.600000,212.696000,283.055000,291.146000
3122.980,295.603000,212.742000,283.064000,291.149000
3124.006,295.606000,212.793000,283.071000,291.152000
3125.029,295.609000,212.838000,283.079000,291.154000
3126.082,295.612000,212.884000,283.087000,291.157000
3127.207,295.617000,212.940000,283.095000,291.160000
3128.235,295.621000,212.986000,283.104000,291.163000
3129.280,295.625000,213.031000,283.112000,291.165000
3130.307,295.630000,213.080000,283.119000,291.168000
3131.330,295.635000,213.124000,283.127000,291.171000
3132.381,295.641000,213.170000,283.134000,291.174000
3133.411,295.646000,213.220000,283.142000,291.177000
3134.437,295.652000,213.266000,283.150000,291.179000
3135.483,295.659000,213.311000,283.157000,291.182000
3136.517,295.666000,213.360000,283.167000,291.184000
3137.550,295.672000,213.406000,283.173000,291.187000
3138.598,295.680000,213.456000,283.182000,291.190000
3139.631,295.687000,213.502000,283.190000,291.193000
3140.683,295.695000,213.546000,283.197000,291.196000
3141.716,295.704000,213.596000,283.204000,291.199000
3142.748,295.712000,213.641000,283.212000,291.201000
3143.789,295.720000,213.686000,283.221000,291.205000
3144.821,295.730000,213.737000,283.228000,291.208000
3145.846,295.738000,213.782000,283.235000,291.210000
3146.893,295.748000,213.831000,283.244000,291.213000
3147.920,295.757000,213.877000,283.250000,291.216000
3148.943,295.767000,213.922000,283.257000,291.219000
3149.984,295.777000,213.967000,283.266000,291.222000
3151.024,295.788000,214.016000,283.273000,291.225000
3152.051,295.798000,214.063000,283.282000,291.228000
3153.094,295.810000,214.111000,283.289000,291.232000
3154.118,295.820000,214.158000,283.297000,291.235000
3155.151,295.831000,214.202000,283.304000,291.238000
3156.196,295.843000,214.251000,283.312000,291.241000
3157.305,295.855000,214.300000,283.320000,291.244000
3158.338,295.866000,214.346000,283.328000,291.248000
3159.384,295.878000,214.392000,283.335000,291.251000
3160.420,295.890000,214.441000,283.343000,291.254000
3161.456,295.902000,214.486000,283.351000,291.257000
3162.499,295.915000,214.535000,283.359000,291.261000
3163.530,295.927000,214.581000,283.366000,291.265000
3164.583,295.938000,214.626000,283.374000,291.268000
3165.621,295.951000,214.675000,283.383000,291.271000
3166.656,295.963000,214.721000,283.390000,291.275000
3167.695,295.977000,214.770000,283.398000,291.279000
3168.727,295.989000,214.815000,283.406000,291.282000
3169.756,296.001000,214.861000,283.413000,291.286000
3170.795,296.014000,214.911000,283.421000,291.289000
3171.824,296.026000,214.957000,283.428000,291.293000
3172.859,296.038000,215.001000,283.436000,291.296000
3173.898,296.051000,215.050000,283.445000,291.300000
3174.928,296.063000,215.095000,283.452000,291.304000
3175.960,296.075000,215.140000,283.460000,291.308000
3177.001,296.088000,215.189000,283.469000,291.312000
3178.042,296.100000,215.235000,283.476000,291.316000
3179.096,296.112000,215.286000,283.484000,291.320000
3180.130,296.124000,215.331000,283.491000,291.324000
3181.163,296.136000,215.375000,283.499000,291.328000
3182.205,296.149000,215.424000,283.507000,291.332000
3183.247,296.160000,215.469000,283.515000,291.336000
3184.297,296.171000,215.519000,283.522000,291.341000
3185.327,296.183000,215.562000,283.532000,291.345000
3186.365,296.194000,215.608000,283.539000,291.348000
3187.404,296.206000,215.658000,283.548000,291.353000
3188.431,296.217000,215.704000,283.557000,291.357000
3189.464,296.227000,215.747000,283.564000,291.361000
3190.502,296.238000,215.797000,283.573000,291.366000
3191.532,296.248000,215.842000,283.581000,291.370000
3192.597,296.258000,215.891000,283.589000,291.375000
3193.628,296.268000,215.937000,283.596000,291.379000
3194.656,296.277000,215.983000,283.605000,291.383000
3195.701,296.287000,216.032000,283.612000,291.388000
3196.730,296.296000,216.075000,283.620000,291.392000
3197.753,296.305000,216.121000,283.628000,291.397000
3198.799,296.314000,216.170000,283.636000,291.402000
3199.824,296.322000,216.216000,283.644000,291.406000
3200.884,296.330000,216.261000,283.651000,291.411000
3201.913,296.339000,216.308000,283.661000,291.415000
3202.950,296.346000,216.353000,283.669000,291.420000
3203.999,296.354000,216.403000,283.678000,291.425000
3205.032,296.361000,216.449000,283.686000,291.429000
3206.084,296.368000,216.494000,283.694000,291.434000
3207.119,296.376000,216.543000,283.703000,291.439000
3208.155,296.382000,216.586000,283.710000,291.444000
3209.200,296.388000,216.636000,283.719000,291.449000
3210.228,296.395000,216.682000,283.726000,291.453000
3211.268,296.400000,216.726000,283.733000,291.458000
3212.303,296.406000,216.776000,283.743000,291.463000
3213.337,296.411000,216.821000,283.751000,291.467000
3214.364,296.416000,216.866000,283.759000,291.472000
3215.407,296.421000,216.916000,283.768000,291.478000
3216.441,296.426000,216.960000,283.777000,291.482000
3217.490,296.430000,217.005000,283.784000,291.487000
3218.525,296.434000,217.054000,283.792000,291.492000
3219.555,296.438000,217.099000,283.800000,291.497000
3220.606,296.442000,217.148000,283.810000,291.502000
3221.643,296.445000,217.193000,283.819000,291.507000
3222.689,296.447000,217.238000,283.828000,291.512000
3223.716,296.450000,217.287000,283.835000,291.517000
3224.745,296.453000,217.332000,283.843000,291.522000
3225.794,296.455000,217.376000,283.852000,291.527000
3226.827,296.457000,217.425000,283.860000,291.532000
3227.861,296.459000,217.471000,283.868000,291.537000
3228.906,296.460000,217.521000,283.876000,291.542000
3229.945,296.461000,217.565000,283.885000,291.547000
3230.990,296.463000,217.610000,283.893000,291.551000
3232.011,296.463000,217.658000,283.902000,291.557000
3233.034,296.464000,217.704000,283.911000,291.561000
3234.062,296.464000,217.749000,283.919000,291.567000
3235.106,296.464000,217.797000,283.927000,291.572000
3236.146,296.464000,217.842000,283.936000,291.576000
3237.194,296.464000,217.887000,283.944000,291.581000
3238.228,296.463000,217.935000,283.952000,291.586000
3239.262,296.463000,217.980000,283.960000,291.591000
3240.304,296.462000,218.029000,283.969000,291.596000
3241.338,296.460000,218.073000,283.977000,291.600000
3242.389,296.459000,218.116000,283.985000,291.604000
3243.421,296.457000,218.167000,283.993000,291.610000
3244.449,296.455000,218.213000,284.001000,291.615000
3245.501,296.453000,218.256000,284.009000,291.620000
3246.537,296.451000,218.305000,284.018000,291.625000
3247.567,296.449000,218.350000,284.027000,291.630000
3248.609,296.446000,218.400000,284.036000,291.635000
3249.640,296.443000,218.445000,284.043000,291.639000
3250.669,296.440000,218.489000,284.051000,291.644000
3251.707,296.437000,218.539000,284.060000,291.648000
3252.746,296.433000,218.583000,284.068000,291.653000
3253.789,296.430000,218.628000,284.075000,291.658000
3254.819,296.426000,218.677000,284.085000,291.663000
3255.852,296.423000,218.721000,284.092000,291.667000
3256.900,296.419000,218.765000,284.101000,291.672000
3257.931,296.414000,218.815000,284.108000,291.677000
3258.955,296.410000,218.858000,284.116000,291.681000
3260.004,296.405000,218.908000,284.125000,291.685000
3261.035,296.401000,218.952000,284.132000,291.690000
3262.065,296.396000,218.997000,284.140000,291.694000
3263.107,296.391000,219.047000,284.150000,291.699000
3264.139,296.386000,219.091000,284.157000,291.704000
3265.173,296.381000,219.135000,284.166000,291.708000
3266.207,296.376000,219.184000,284.174000,291.713000
3267.240,296.370000,219.229000,284.181000,291.717000
3268.273,296.365000,219.273000,284.187000,291.720000
3269.309,296.359000,219.321000,284.195000,291.725000
3270.341,296.353000,219.366000,284.204000,291.729000
3271.392,296.347000,219.411000,284.212000,291.733000
3272.427,296.341000,219.460000,284.220000,291.738000
3273.458,296.335000,219.505000,284.229000,291.742000
3274.509,296.328000,219.554000,284.237000,291.746000
3275.542,296.322000,219.598000,284.244000,291.751000
3276.598,296.316000,219.641000,284.252000,291.755000
3277.633,296.309000,219.692000,284.260000,291.759000
3278.660,296.302000,219.737000,284.268000,291.763000
3279.710,296.295000,219.785000,284.276000,291.767000
3280.741,296.289000,219.829000,284.284000,291.771000
3281.766,296.282000,219.874000,284.291000,291.775000
3282.811,296.274000,219.922000,284.298000,291.779000
3283.845,296.268000,219.967000,284.305000,291.783000
3284.895,296.261000,220.012000,284.313000,291.787000
3285.930,296.253000,220.061000,284.322000,291.791000
3286.955,296.246000,220.106000,284.329000,291.795000
3288.009,296.238000,220.155000,284.337000,291.799000
3289.043,296.231000,220.199000,284.345000,291.802000
3290.070,296.224000,220.243000,284.351000,291.806000
3291.108,296.216000,220.292000,284.359000,291.810000
3292.131,296.208000,220.337000,284.367000,291.813000
3293.158,296.201000,220.381000,284.373000,291.817000
3294.203,296.193000,220.425000,284.381000,291.821000
3295.231,296.185000,220.474000,284.389000,291.824000
3296.264,296.178000,220.519000,284.397000,291.828000
3297.311,296.169000,220.568000,284.405000,291.832000
3298.335,296.161000,220.612000,284.412000,291.835000
3299.366,296.153000,220.657000,284.419000,291.838000
3300.413,296.145000,220.705000,284.426000,291.841000
3301.449,296.137000,220.749000,284.433000,291.845000
3302.498,296.129000,220.792000,284.440000,291.848000
3303.533,296.120000,220.842000,284.447000,291.851000
3304.567,296.112000,220.886000,284.454000,291.855000
3305.613,296.104000,220.936000,284.462000,291.858000
3306.652,296.095000,220.980000,284.469000,291.862000
3307.697,296.087000,221.024000,284.476000,291.864000
3308.724,296.079000,221.074000,284.484000,291.868000
3309.755,296.071000,221.119000,284.491000,291.871000
3310.802,296.063000,221.161000,284.497000,291.874000
3311.840,296.054000,221.210000,284.505000,291.877000
3312.867,296.046000,221.255000,284.512000,291.880000
3313.914,296.037000,221.304000,284.519000,291.883000
3314.955,296.029000,221.348000,284.526000,291.886000
3316.008,296.020000,221.395000,284.534000,291.889000
3317.032,296.011000,221.440000,284.539000,291.892000
3318.068,296.003000,221.485000,284.545000,291.894000
3319.110,295.994000,221.532000,284.552000,291.897000
3320.134,295.986000,221.577000,284.559000,291.899000
3321.158,295.978000,221.622000,284.565000,291.902000
3322.200,295.969000,221.665000,284.571000,291.905000
3323.264,295.960000,221.715000,284.579000,291.908000
3324.309,295.952000,221.763000,284.586000,291.910000
3325.340,295.943000,221.807000,284.593000,291.913000
3326.372,295.935000,221.852000,284.598000,291.915000
3327.414,295.926000,221.900000,284.606000,291.918000
3328.445,295.917000,221.944000,284.612000,291.921000
3329.498,295.909000,221.989000,284.619000,291.923000
3330.532,295.900000,222.038000,284.626000,291.926000
3331.572,295.892000,222.082000,284.632000,291.928000
3332.616,295.883000,222.130000,284.638000,291.930000
3333.656,295.875000,222.173000,284.645000,291.932000
3334.710,295.867000,222.222000,284.652000,291.935000
3335.744,295.858000,222.266000,284.659000,291.937000
3336.778,295.850000,222.311000,284.664000,291.940000
3337.816,295.842000,222.360000,284.671000,291.942000
3338.852,295.833000,222.406000,284.676000,291.944000
3339.905,295.825000,222.448000,284.684000,291.947000
3340.936,295.817000,222.497000,284.689000,291.949000
3341.967,295.809000,222.541000,284.695000,291.951000
3343.015,295.800000,222.589000,284.700000,291.952000
3344.045,295.792000,222.633000,284.708000,291.954000
3345.097,295.785000,222.678000,284.713000,291.956000
3346.127,295.776000,222.725000,284.720000,291.958000
3347.161,295.768000,222.770000,284.725000,291.960000
3348.208,295.761000,222.814000,284.731000,291.962000
3349.235,295.752000,222.862000,284.737000,291.964000
3350.264,295.745000,222.908000,284.743000,291.966000
3351.313,295.737000,222.956000,284.750000,291.968000
3352.346,295.729000,222.999000,284.755000,291.970000
3353.378,295.722000,223.042000,284.762000,291.971000
3354.418,295.714000,223.091000,284.767000,291.973000
3355.451,295.707000,223.136000,284.773000,291.975000
3356.480,295.700000,223.180000,284.778000,291.976000
3357.519,295.692000,223.228000,284.786000,291.978000
3358.553,295.685000,223.272000,284.790000,291.980000
3359.601,295.678000,223.315000,284.795000,291.981000
3360.635,295.671000,223.365000,284.802000,291.983000
3361.661,295.664000,223.408000,284.808000,291.985000
3362.703,295.658000,223.453000,284.815000,291.986000
3363.737,295.651000,223.500000,284.820000,291.988000
3364.770,295.644000,223.544000,284.826000,291.989000
3365.819,295.637000,223.592000,284.831000,291.990000
3366.858,295.631000,223.638000,284.837000,291.992000
3367.908,295.625000,223.680000,284.842000,291.993000
3368.938,295.619000,223.728000,284.847000,291.995000
3369.972,295.613000,223.774000,284.853000,291.996000
3371.020,295.606000,223.822000,284.859000,291.998000
3372.052,295.601000,223.867000,284.863000,291.999000
3373.105,295.596000,223.910000,284.869000,292.000000
3374.134,295.590000,223.958000,284.875000,292.001000
3375.163,295.585000,224.003000,284.880000,292.003000
3376.209,295.580000,224.047000,284.885000,292.004000
3377.233,295.574000,224.094000,284.891000,292.005000
3378.258,295.569000,224.138000,284.895000,292.006000
3379.301,295.564000,224.181000,284.901000,292.008000
3380.325,295.559000,224.230000,284.907000,292.009000
3381.357,295.555000,224.274000,284.913000,292.010000
3382.401,295.551000,224.317000,284.918000,292.011000
3383.428,295.547000,224.365000,284.923000,292.012000
3384.455,295.543000,224.410000,284.927000,292.013000
3385.506,295.540000,224.454000,284.932000,292.014000
3386.541,295.536000,224.503000,284.937000,292.016000
3387.573,295.533000,224.545000,284.943000,292.017000
3388.612,295.530000,224.589000,284.949000,292.018000
3389.641,295.527000,224.638000,284.953000,292.019000
3390.675,295.524000,224.681000,284.959000,292.020000
3391.720,295.521000,224.731000,284.965000,292.021000
3392.751,295.519000,224.775000,284.968000,292.022000
3393.802,295.518000,224.819000,284.973000,292.023000
3394.846,295.515000,224.866000,284.978000,292.024000
3395.875,295.514000,224.910000,284.983000,292.025000
3396.918,295.514000,224.958000,284.988000,292.026000
3397.953,295.512000,225.002000,284.994000,292.027000
3399.004,295.512000,225.046000,284.999000,292.028000
3400.036,295.512000,225.093000,285.005000,292.029000
3401.071,295.512000,225.137000,285.009000,292.030000
3402.117,295.512000,225.186000,285.014000,292.031000
3403.145,295.512000,225.229000,285.018000,292.032000
3404.182,295.513000,225.271000,285.023000,292.033000
3405.223,295.514000,225.321000,285.028000,292.034000
3406.256,295.516000,225.364000,285.032000,292.035000
3407.286,295.517000,225.409000,285.038000,292.036000
3408.321,295.520000,225.457000,285.043000,292.037000
3409.348,295.522000,225.501000,285.048000,292.037000
3410.374,295.525000,225.544000,285.053000,292.038000
3411.424,295.528000,225.591000,285.059000,292.040000
3412.458,295.532000,225.636000,285.062000,292.040000
3413.507,295.535000,225.678000,285.067000,292.042000
3414.540,295.539000,225.728000,285.072000,292.043000
3415.570,295.543000,225.772000,285.077000,292.044000
3416.618,295.548000,225.820000,285.083000,292.044000
3417.657,295.553000,225.861000,285.086000,292.045000
3418.818,295.560000,225.915000,285.093000,292.047000
3419.843,295.566000,225.958000,285.096000,292.048000
3420.887,295.572000,226.003000,285.101000,292.049000
3421.925,295.579000,226.053000,285.107000,292.050000
3422.958,295.585000,226.096000,285.111000,292.051000
3424.005,295.592000,226.137000,285.116000,292.052000
3425.038,295.600000,226.186000,285.121000,292.053000
3426.072,295.608000,226.228000,285.125000,292.054000
3427.115,295.616000,226.277000,285.130000,292.056000
3428.140,295.625000,226.320000,285.136000,292.057000
3429.173,295.634000,226.363000,285.141000,292.058000
3430.217,295.643000,226.412000,285.146000,292.060000
3431.240,295.653000,226.457000,285.150000,292.061000
3432.261,295.663000,226.499000,285.155000,292.062000
3433.309,295.673000,226.543000,285.159000,292.063000
3434.341,295.684000,226.590000,285.164000,292.065000
3435.380,295.694000,226.635000,285.168000,292.066000
3436.426,295.707000,226.683000,285.174000,292.068000
3437.459,295.717000,226.726000,285.178000,292.069000
3438.507,295.729000,226.768000,285.183000,292.071000
3439.543,295.741000,226.816000,285.188000,292.072000
3440.577,295.753000,226.859000,285.193000,292.074000
3441.624,295.766000,226.908000,285.198000,292.076000
3442.661,295.779000,226.950000,285.203000,292.077000
3443.712,295.791000,226.994000,285.207000,292.078000
3444.745,295.805000,227.041000,285.213000,292.081000
3445.779,295.817000,227.084000,285.219000,292.083000
3446.823,295.832000,227.132000,285.225000,292.085000
3447.853,295.845000,227.175000,285.230000,292.087000
3448.886,295.859000,227.218000,285.235000,292.089000
3449.925,295.874000,227.267000,285.240000,292.091000
3450.963,295.887000,227.311000,285.245000,292.092000
3452.007,295.901000,227.354000,285.250000,292.095000
3453.031,295.917000,227.401000,285.255000,292.097000
3454.055,295.930000,227.445000,285.260000,292.099000
3455.074,295.944000,227.488000,285.265000,292.101000
3456.113,295.958000,227.531000,285.272000,292.104000
3457.142,295.974000,227.579000,285.277000,292.106000
3458.172,295.988000,227.622000,285.283000,292.108000
3459.223,296.003000,227.669000,285.287000,292.111000
3460.249,296.017000,227.712000,285.293000,292.113000
3461.283,296.032000,227.756000,285.298000,292.116000
3462.327,296.047000,227.804000,285.304000,292.118000
3463.362,296.061000,227.847000,285.309000,292.121000
3464.413,296.074000,227.891000,285.315000,292.123000
3465.438,296.090000,227.937000,285.322000,292.126000
3466.460,296.104000,227.980000,285.327000,292.129000
3467.485,296.118000,228.023000,285.331000,292.132000
3468.529,296.132000,228.071000,285.338000,292.135000
3469.562,296.146000,228.113000,285.343000,292.137000
3470.580,296.159000,228.156000,285.348000,292.140000
3471.622,296.174000,228.203000,285.354000,292.143000
3472.648,296.187000,228.245000,285.360000,292.146000
3473.684,296.200000,228.289000,285.365000,292.149000
3474.728,296.213000,228.336000,285.372000,292.152000
3475.767,296.226000,228.377000,285.378000,292.155000
3476.815,296.239000,228.421000,285.383000,292.159000
3477.857,296.252000,228.469000,285.388000,292.162000
3478.885,296.264000,228.510000,285.394000,292.165000
3479.930,296.277000,228.557000,285.401000,292.168000
3480.958,296.288000,228.600000,285.406000,292.172000
3481.984,296.299000,228.642000,285.413000,292.175000
3483.031,296.312000,228.689000,285.419000,292.179000
3484.068,296.323000,228.733000,285.424000,292.183000
3485.123,296.333000,228.776000,285.430000,292.186000
3486.157,296.344000,228.823000,285.437000,292.189000
3487.184,296.354000,228.864000,285.443000,292.193000
3488.221,296.364000,228.905000,285.450000,292.197000
3489.251,296.374000,228.953000,285.456000,292.200000
3490.268,296.384000,228.997000,285.463000,292.204000
3491.292,296.392000,229.040000,285.469000,292.207000
3492.330,296.402000,229.087000,285.475000,292.212000
3493.366,296.410000,229.128000,285.480000,292.215000
3494.426,296.418000,229.176000,285.487000,292.219000
3495.460,296.427000,229.217000,285.493000,292.223000
3496.516,296.435000,229.260000,285.498000,292.226000
3497.561,296.443000,229.307000,285.506000,292.231000
3498.614,296.450000,229.350000,285.512000,292.234000
3499.645,296.457000,229.397000,285.519000,292.239000
3500.679,296.464000,229.439000,285.525000,292.242000
3501.724,296.470000,229.481000,285.531000,292.246000
3502.760,296.477000,229.528000,285.537000,292.250000
3503.814,296.482000,229.570000,285.544000,292.254000
3504.846,296.488000,229.617000,285.551000,292.259000
3505.881,296.493000,229.660000,285.556000,292.263000
3506.928,296.498000,229.706000,285.564000,292.267000
3507.951,296.503000,229.748000,285.570000,292.271000
3508.981,296.507000,229.791000,285.575000,292.275000
3510.033,296.511000,229.838000,285.583000,292.279000
3511.065,296.515000,229.880000,285.590000,292.283000
3512.091,296.518000,229.923000,285.595000,292.287000
3513.128,296.522000,229.970000,285.603000,292.291000
3514.155,296.525000,230.012000,285.609000,292.295000
3515.213,296.528000,230.056000,285.615000,292.299000
3516.250,296.531000,230.101000,285.622000,292.304000
3517.276,296.533000,230.144000,285.629000,292.308000
3518.294,296.534000,230.186000,285.636000,292.312000
3519.344,296.537000,230.233000,285.642000,292.316000
3520.367,296.538000,230.275000,285.649000,292.320000
3521.395,296.540000,230.317000,285.656000,292.324000
3522.432,296.540000,230.364000,285.663000,292.329000
3523.466,296.541000,230.408000,285.669000,292.333000
3524.517,296.542000,230.450000,285.675000,292.337000
3525.547,296.542000,230.497000,285.681000,292.341000
3526.574,296.542000,230.540000,285.688000,292.345000
3527.621,296.542000,230.581000,285.694000,292.350000
3528.644,296.542000,230.626000,285.702000,292.354000
3529.664,296.541000,230.670000,285.708000,292.358000
3530.683,296.540000,230.712000,285.715000,292.362000
3531.724,296.540000,230.754000,285.722000,292.366000
3532.750,296.538000,230.799000,285.730000,292.370000
3533.771,296.537000,230.842000,285.736000,292.374000
3534.820,296.536000,230.885000,285.742000,292.378000
3535.856,296.534000,230.932000,285.749000,292.383000
3536.884,296.532000,230.973000,285.756000,292.387000
3537.934,296.530000,231.019000,285.763000,292.391000
3538.966,296.527000,231.063000,285.768000,292.395000
3540.024,296.525000,231.105000,285.775000,292.399000
3541.057,296.522000,231.152000,285.782000,292.403000
3542.090,296.519000,231.193000,285.788000,292.407000
3543.134,296.516000,231.240000,285.797000,292.411000
3544.166,296.513000,231.282000,285.803000,292.415000
3545.197,296.509000,231.324000,285.809000,292.419000
3546.237,296.506000,231.371000,285.816000,292.423000
3547.270,296.502000,231.415000,285.823000,292.427000
3548.298,296.498000,231.456000,285.827000,292.431000
3549.340,296.494000,231.502000,285.836000,292.435000
3550.373,296.490000,231.544000,285.842000,292.439000
3551.425,296.486000,231.586000,285.849000,292.443000
3552.459,296.481000,231.634000,285.854000,292.446000
3553.490,296.476000,231.676000,285.861000,292.450000
3554.530,296.471000,231.720000,285.868000,292.453000
3555.567,296.466000,231.763000,285.875000,292.457000
3556.593,296.461000,231.806000,285.881000,292.461000
3557.634,296.456000,231.852000,285.889000,292.465000
3558.667,296.451000,231.893000,285.895000,292.469000
3559.723,296.446000,231.937000,285.901000,292.473000
3560.747,296.440000,231.984000,285.907000,292.476000
3561.781,296.435000,232.025000,285.913000,292.480000
3562.826,296.429000,232.068000,285.920000,292.484000
3563.860,296.423000,232.114000,285.927000,292.487000
3564.886,296.417000,232.156000,285.933000,292.491000
3565.937,296.410000,232.202000,285.940000,292.495000
3566.975,296.405000,232.243000,285.947000,292.498000
3567.993,296.399000,232.284000,285.954000,292.501000
3569.038,296.392000,232.332000,285.960000,292.505000
3570.067,296.386000,232.374000,285.966000,292.508000
3571.093,296.379000,232.416000,285.972000,292.512000
3572.130,296.373000,232.459000,285.978000,292.515000
3573.167,296.366000,232.504000,285.983000,292.518000
3574.201,296.360000,232.547000,285.990000,292.521000
3575.241,296.352000,232.592000,285.996000,292.525000
3576.274,296.346000,232.635000,286.003000,292.528000
3577.321,296.339000,232.677000,286.009000,292.531000
3578.351,296.331000,232.724000,286.016000,292.535000
3579.386,296.324000,232.765000,286.021000,292.537000
3580.431,296.317000,232.812000,286.028000,292.540000
3581.457,296.310000,232.854000,286.034000,292.544000
3582.488,296.303000,232.897000,286.039000,292.547000
3583.533,296.296000,232.941000,286.046000,292.550000
3584.575,296.288000,232.984000,286.051000,292.553000
3585.602,296.281000,233.026000,286.058000,292.556000
3586.642,296.273000,233.072000,286.065000,292.559000
3587.685,296.266000,233.114000,286.071000,292.562000
3588.724,296.258000,233.157000,286.076000,292.565000
3589.759,296.250000,233.202000,286.084000,292.567000
3590.793,296.243000,233.244000,286.089000,292.570000
3591.840,296.234000,233.290000,286.094000,292.573000
3592.872,296.227000,233.331000,286.100000,292.575000
3593.904,296.219000,233.372000,286.106000,292.579000
3594.938,296.211000,233.420000,286.111000,292.582000
3595.975,296.203000,233.462000,286.117000,292.584000
3597.023,296.196000,233.504000,286.124000,292.586000
3598.059,296.187000,233.550000,286.129000,292.589000
3599.087,296.179000,233.591000,286.135000,292.592000
3600.140,296.171000,233.637000,286.141000,292.594000
3601.174,296.163000,233.679000,286.146000,292.597000
3602.204,296.155000,233.721000,286.152000,292.599000
3603.241,296.147000,233.768000,286.158000,292.602000
3604.277,296.139000,233.810000,286.164000,292.604000
3605.332,296.131000,233.850000,286.171000,292.607000
3606.364,296.122000,233.897000,286.175000,292.609000
3607.395,296.114000,233.939000,286.181000,292.611000
3608.440,296.105000,233.986000,286.186000,292.613000
3609.468,296.097000,234.027000,286.191000,292.616000
3610.528,296.090000,234.068000,286.197000,292.618000
3611.563,296.081000,234.114000,286.202000,292.621000
3612.593,296.072000,234.158000,286.209000,292.622000
3613.637,296.064000,234.205000,286.215000,292.624000
3614.659,296.056000,234.246000,286.218000,292.626000
3615.697,296.047000,234.288000,286.224000,292.629000
3616.742,296.039000,234.333000,286.230000,292.631000
3617.769,296.031000,234.374000,286.237000,292.633000
3618.798,296.023000,234.416000,286.241000,292.635000
3619.840,296.014000,234.463000,286.247000,292.637000
3620.864,296.006000,234.504000,286.252000,292.639000
3621.899,295.998000,234.546000,286.257000,292.640000
3622.942,295.989000,234.592000,286.263000,292.642000
3623.983,295.981000,234.633000,286.268000,292.644000
3625.029,295.973000,234.676000,286.273000,292.646000
3626.067,295.964000,234.721000,286.278000,292.648000
3627.095,295.955000,234.763000,286.284000,292.649000
3628.140,295.946000,234.809000,286.288000,292.651000
3629.167,295.938000,234.852000,286.293000,292.653000
3630.202,295.930000,234.892000,286.300000,292.654000
3631.241,295.921000,234.939000,286.304000,292.656000
3632.269,295.913000,234.980000,286.310000,292.658000
3633.302,295.905000,235.021000,286.314000,292.660000
3634.344,295.896000,235.067000,286.319000,292.661000
3635.384,295.888000,235.109000,286.324000,292.662000
3636.437,295.880000,235.151000,286.330000,292.664000
3637.467,295.871000,235.197000,286.333000,292.665000
3638.504,295.863000,235.238000,286.339000,292.667000
3639.545,295.854000,235.285000,286.344000,292.668000
3640.578,295.846000,235.327000,286.349000,292.670000
3641.627,295.838000,235.369000,286.353000,292.671000
3642.662,295.829000,235.414000,286.359000,292.672000
3643.695,295.821000,235.455000,286.364000,292.673000
3644.744,295.812000,235.502000,286.369000,292.675000
3645.777,295.805000,235.544000,286.373000,292.676000
3646.807,295.797000,235.585000,286.377000,292.677000
3647.842,295.788000,235.630000,286.382000,292.678000
3648.879,295.780000,235.672000,286.388000,292.679000
3649.956,295.771000,235.718000,286.393000,292.680000
3650.981,295.764000,235.760000,286.396000,292.681000
3652.031,295.755000,235.802000,286.401000,292.682000
3653.072,295.747000,235.849000,286.406000,292.684000
3654.110,295.739000,235.889000,286.410000,292.684000
3655.146,295.731000,235.935000,286.416000,292.686000
3656.178,295.723000,235.976000,286.420000,292.687000
3657.227,295.716000,236.019000,286.424000,292.688000
3658.261,295.707000,236.063000,286.430000,292.689000
3659.295,295.700000,236.106000,286.434000,292.689000
3660.343,295.692000,236.151000,286.438000,292.690000
3661.377,295.683000,236.192000,286.442000,292.691000
3662.410,295.676000,236.235000,286.447000,292.691000
3663.446,295.668000,236.279000,286.451000,292.692000
3664.479,295.661000,236.320000,286.454000,292.693000
3665.529,295.654000,236.362000,286.459000,292.694000
3666.563,295.646000,236.408000,286.464000,292.695000
3667.594,295.638000,236.450000,286.467000,292.695000
3668.643,295.631000,236.494000,286.473000,292.696000
3669.669,295.624000,236.537000,286.477000,292.697000
3670.697,295.617000,236.579000,286.480000,292.697000
3671.745,295.609000,236.624000,286.485000,292.698000
3672.781,295.602000,236.666000,286.489000,292.699000
3673.833,295.595000,236.707000,286.494000,292.699000
3674.866,295.588000,236.753000,286.498000,292.699000
3675.900,295.581000,236.794000,286.502000,292.700000
3676.943,295.574000,236.839000,286.506000,292.700000
3677.967,295.568000,236.881000,286.510000,292.701000
3679.000,295.561000,236.923000,286.514000,292.701000
3680.063,295.554000,236.968000,286.518000,292.702000
3681.093,295.548000,237.009000,286.522000,292.702000
3682.129,295.542000,237.052000,286.526000,292.702000
3683.163,295.535000,237.097000,286.530000,292.703000
3684.191,295.529000,237.139000,286.535000,292.703000
3685.243,295.523000,237.184000,286.539000,292.703000
3686.262,295.517000,237.225000,286.543000,292.704000
3687.285,295.512000,237.267000,286.546000,292.704000
3688.329,295.506000,237.309000,286.551000,292.705000
3689.354,295.500000,237.353000,286.555000,292.704000
3690.381,295.495000,237.395000,286.557000,292.705000
3691.434,295.490000,237.437000,286.562000,292.705000
3692.460,295.484000,237.483000,286.566000,292.705000
3693.490,295.479000,237.523000,286.569000,292.705000
3694.542,295.474000,237.565000,286.572000,292.705000
3695.568,295.469000,237.611000,286.576000,292.705000
3696.603,295.465000,237.652000,286.580000,292.706000
3697.640,295.461000,237.692000,286.584000,292.706000
3698.671,295.456000,237.739000,286.588000,292.706000
3699.705,295.452000,237.779000,286.591000,292.706000
3700.750,295.448000,237.826000,286.595000,292.706000
3701.784,295.445000,237.867000,286.599000,292.706000
3702.834,295.441000,237.909000,286.603000,292.707000
3703.876,295.438000,237.954000,286.607000,292.706000
3704.908,295.435000,237.996000,286.609000,292.706000
3705.951,295.432000,238.041000,286.613000,292.706000
3706.987,295.429000,238.082000,286.617000,292.706000
3708.042,295.427000,238.123000,286.620000,292.706000
3709.075,295.424000,238.168000,286.624000,292.706000
3710.109,295.422000,238.210000,286.629000,292.706000
3711.151,295.421000,238.256000,286.632000,292.706000
3712.187,295.419000,238.297000,286.635000,292.706000
3713.241,295.418000,238.338000,286.640000,292.706000
3714.279,295.417000,238.384000,286.643000,292.706000
3715.309,295.417000,238.425000,286.646000,292.706000
3716.352,295.416000,238.470000,286.649000,292.706000
3717.395,295.417000,238.511000,286.652000,292.706000
3718.445,295.417000,238.552000,286.657000,292.706000
3719.474,295.418000,238.598000,286.660000,292.706000
3720.508,295.419000,238.641000,286.663000,292.706000
3721.550,295.420000,238.684000,286.667000,292.706000
3722.582,295.422000,238.726000,286.670000,292.706000
3723.635,295.424000,238.768000,286.674000,292.706000
3724.664,295.426000,238.814000,286.677000,292.706000
3725.695,295.429000,238.855000,286.681000,292.706000
3726.746,295.432000,238.900000,286.683000,292.706000
3727.772,295.435000,238.941000,286.687000,292.706000
3728.807,295.439000,238.982000,286.690000,292.706000
3729.849,295.444000,239.026000,286.693000,292.706000
3730.881,295.448000,239.068000,286.697000,292.706000
3731.917,295.453000,239.109000,286.700000,292.706000
3732.954,295.458000,239.154000,286.704000,292.706000
3734.000,295.464000,239.196000,286.708000,292.706000
3735.052,295.470000,239.241000,286.711000,292.706000
3736.081,295.477000,239.282000,286.714000,292.706000
3737.101,295.484000,239.325000,286.718000,292.706000
3738.139,295.491000,239.366000,286.721000,292.706000
3739.182,295.499000,239.409000,286.725000,292.707000
3740.235,295.507000,239.451000,286.727000,292.707000
3741.270,295.516000,239.495000,286.732000,292.707000
3742.296,295.525000,239.537000,286.735000,292.707000
3743.336,295.534000,239.577000,286.738000,292.707000
3744.369,295.544000,239.624000,286.741000,292.707000
3745.398,295.554000,239.665000,286.745000,292.708000
3746.439,295.564000,239.707000,286.748000,292.708000
3747.468,295.576000,239.752000,286.752000,292.708000
3748.493,295.587000,239.792000,286.754000,292.709000
3749.541,295.598000,239.833000,286.757000,292.709000
3750.672,295.612000,239.883000,286.762000,292.710000
3751.695,295.624000,239.924000,286.766000,292.711000
3752.755,295.638000,239.969000,286.769000,292.711000
3753.786,295.651000,240.010000,286.773000,292.712000
3754.840,295.664000,240.053000,286.775000,292.712000
3755.870,295.679000,240.096000,286.779000,292.713000
3756.907,295.693000,240.138000,286.782000,292.714000
3757.956,295.708000,240.184000,286.786000,292.714000
3758.987,295.723000,240.225000,286.789000,292.715000
3760.042,295.737000,240.266000,286.793000,292.716000
3761.070,295.753000,240.312000,286.797000,292.717000
3762.091,295.768000,240.352000,286.801000,292.718000
3763.140,295.784000,240.394000,286.804000,292.719000
3764.174,295.800000,240.438000,286.807000,292.720000
3765.204,295.816000,240.480000,286.810000,292.721000
3766.256,295.834000,240.524000,286.813000,292.723000
3767.290,295.849000,240.565000,286.817000,292.723000
3768.317,295.865000,240.606000,286.822000,292.724000
3769.357,295.883000,240.652000,286.824000,292.726000
3770.396,295.900000,240.693000,286.828000,292.727000
3771.444,295.916000,240.734000,286.832000,292.728000
3772.472,295.934000,240.780000,286.836000,292.730000
3773.495,295.951000,240.819000,286.839000,292.731000
3774.544,295.967000,240.860000,286.843000,292.733000
3775.574,295.985000,240.907000,286.847000,292.734000
3776.618,296.002000,240.947000,286.850000,292.736000
3777.656,296.020000,240.991000,286.855000,292.738000
3778.684,296.036000,241.032000,286.859000,292.740000
3779.716,296.053000,241.073000,286.862000,292.741000
3780.759,296.071000,241.118000,286.867000,292.743000
3781.787,296.088000,241.160000,286.871000,292.745000
3782.845,296.104000,241.201000,286.874000,292.747000
3783.882,296.122000,241.247000,286.878000,292.749000
3784.906,296.138000,241.287000,286.883000,292.752000
3785.958,296.156000,241.330000,286.887000,292.754000
3787.000,296.171000,241.373000,286.891000,292.756000
3788.050,296.187000,241.414000,286.894000,292.758000
3789.083,296.204000,241.459000,286.899000,292.761000
3790.113,296.219000,241.501000,286.903000,292.763000
3791.159,296.236000,241.547000,286.909000,292.765000
3792.203,296.251000,241.587000,286.912000,292.768000
3793.249,296.265000,241.627000,286.916000,292.770000
3794.284,296.281000,241.670000,286.919000,292.773000
3795.317,296.295000,241.711000,286.924000,292.775000
3796.357,296.310000,241.758000,286.928000,292.778000
3797.385,296.323000,241.798000,286.933000,292.781000
3798.413,296.337000,241.839000,286.938000,292.783000
3799.453,296.350000,241.880000,286.942000,292.786000
3800.488,296.364000,241.925000,286.947000,292.789000
3801.517,296.377000,241.967000,286.951000,292.792000
3802.559,296.390000,242.011000,286.955000,292.795000
3803.595,296.402000,242.053000,286.960000,292.798000
3804.656,296.413000,242.097000,286.965000,292.801000
3805.694,296.425000,242.136000,286.970000,292.805000
3806.742,296.436000,242.179000,286.975000,292.807000
3807.774,296.448000,242.223000,286.979000,292.811000
3808.800,296.458000,242.265000,286.984000,292.814000
3809.854,296.468000,242.306000,286.988000,292.817000
3810.885,296.478000,242.351000,286.993000,292.821000
3811.914,296.487000,242.391000,286.998000,292.824000
3812.961,296.497000,242.437000,287.003000,292.827000
3813.998,296.506000,242.477000,287.008000,292.831000
3815.052,296.514000,242.518000,287.013000,292.835000
3816.083,296.523000,242.564000,287.017000,292.838000
3817.106,296.531000,242.604000,287.023000,292.841000
3818.154,296.538000,242.645000,287.027000,292.845000
3819.187,296.546000,242.689000,287.032000,292.848000
3820.244,296.553000,242.731000,287.037000,292.852000
3821.274,296.560000,242.776000,287.041000,292.856000
3822.308,296.566000,242.816000,287.047000,292.859000
3823.359,296.571000,242.861000,287.053000,292.863000
3824.394,296.578000,242.902000,287.058000,292.867000
3825.448,296.583000,242.943000,287.062000,292.870000
3826.479,296.588000,242.987000,287.068000,292.874000
3827.513,296.593000,243.028000,287.073000,292.878000
3828.558,296.597000,243.074000,287.079000,292.882000
3829.586,296.601000,243.114000,287.084000,292.885000
3830.645,296.605000,243.155000,287.089000,292.888000
3831.680,296.609000,243.200000,287.094000,292.893000
3832.716,296.612000,243.240000,287.098000,292.896000
3833.763,296.615000,243.285000,287.104000,292.900000
3834.798,296.618000,243.325000,287.110000,292.904000
3835.849,296.620000,243.367000,287.115000,292.908000
3836.887,296.622000,243.412000,287.120000,292.911000
3837.948,296.624000,243.452000,287.125000,292.915000
3838.978,296.626000,243.497000,287.130000,292.919000
3840.013,296.627000,243.538000,287.135000,292.923000
3841.157,296.628000,243.586000,287.142000,292.927000
3842.176,296.630000,243.627000,287.147000,292.931000
3843.198,296.630000,243.669000,287.151000,292.935000
3844.251,296.631000,243.709000,287.156000,292.938000
3845.285,296.631000,243.755000,287.162000,292.942000
3846.316,296.631000,243.794000,287.168000,292.946000
3847.358,296.631000,243.839000,287.173000,292.950000
3848.385,296.630000,243.879000,287.178000,292.954000
3849.419,296.629000,243.921000,287.184000,292.957000
3850.466,296.629000,243.965000,287.190000,292.961000
3851.507,296.628000,244.006000,287.195000,292.965000
3852.558,296.626000,244.049000,287.200000,292.969000
3853.591,296.625000,244.091000,287.204000,292.972000
3854.621,296.623000,244.131000,287.210000,292.976000
3855.658,296.621000,244.175000,287.216000,292.980000
3856.688,296.619000,244.215000,287.221000,292.983000
3857.720,296.616000,244.254000,287.226000,292.987000
3858.759,296.614000,244.299000,287.231000,292.991000
3859.789,296.612000,244.338000,287.237000,292.994000
3860.827,296.609000,244.380000,287.243000,292.998000
3861.873,296.605000,244.423000,287.248000,293.002000
3862.906,296.603000,244.464000,287.253000,293.005000
3863.956,296.599000,244.504000,287.258000,293.009000
3864.989,296.596000,244.548000,287.264000,293.012000
3866.024,296.592000,244.589000,287.269000,293.016000
3867.061,296.588000,244.633000,287.275000,293.020000
3868.085,296.584000,244.672000,287.279000,293.023000
3869.124,296.580000,244.712000,287.284000,293.026000
3870.165,296.576000,244.757000,287.290000,293.030000
3871.200,296.572000,244.798000,287.294000,293.034000
3872.265,296.567000,244.842000,287.300000,293.037000
3873.308,296.563000,244.881000,287.307000,293.040000
3874.354,296.558000,244.921000,287.311000,293.044000
3875.384,296.553000,244.966000,287.316000,293.047000
3876.411,296.548000,245.006000,287.321000,293.051000
3877.463,296.543000,245.046000,287.329000,293.054000
3878.491,296.538000,245.090000,287.332000,293.057000
3879.513,296.533000,245.129000,287.337000,293.060000
3880.561,296.528000,245.175000,287.343000,293.064000
3881.594,296.522000,245.215000,287.349000,293.067000
3882.626,296.516000,245.254000,287.353000,293.070000
3883.665,296.510000,245.298000,287.359000,293.074000
3884.693,296.505000,245.339000,287.363000,293.076000
3885.729,296.500000,245.379000,287.368000,293.080000
3886.769,296.493000,245.422000,287.373000,293.083000
3887.809,296.487000,245.462000,287.378000,293.086000
3888.860,296.481000,245.502000,287.382000,293.089000
3889.898,296.475000,245.546000,287.389000,293.092000
3890.930,296.469000,245.586000,287.393000,293.095000
3891.968,296.463000,245.630000,287.398000,293.098000
3892.999,296.456000,245.669000,287.403000,293.101000
3894.031,296.450000,245.710000,287.408000,293.104000
3895.069,296.443000,245.755000,287.414000,293.107000
3896.100,296.437000,245.795000,287.419000,293.110000
3897.130,296.431000,245.833000,287.423000,293.113000
3898.167,296.424000,245.878000,287.429000,293.116000
3899.201,296.417000,245.918000,287.431000,293.118000
3900.252,296.411000,245.958000,287.438000,293.121000
3901.285,296.404000,246.002000,287.443000,293.124000
3902.312,296.397000,246.042000,287.447000,293.126000
3903.352,296.390000,246.081000,287.452000,293.128000
3904.386,296.383000,246.126000,287.458000,293.131000
3905.419,296.377000,246.165000,287.462000,293.134000
3906.466,296.370000,246.210000,287.468000,293.137000
3907.498,296.363000,246.249000,287.472000,293.139000
3908.533,296.356000,246.289000,287.476000,293.142000
3909.564,296.349000,246.333000,287.482000,293.145000
3910.597,296.342000,246.374000,287.487000,293.147000
3911.622,296.335000,246.413000,287.492000,293.149000
3912.669,296.327000,246.457000,287.497000,293.152000
3913.700,296.321000,246.496000,287.501000,293.155000
3914.724,296.313000,246.535000,287.507000,293.157000
3915.765,296.306000,246.579000,287.512000,293.159000
3916.788,296.299000,246.618000,287.516000,293.162000
3917.828,296.292000,246.659000,287.519000,293.164000
3918.870,296.284000,246.704000,287.524000,293.166000
3919.895,296.277000,246.743000,287.529000,293.168000
3920.930,296.270000,246.783000,287.532000,293.171000
3921.971,296.262000,246.826000,287.538000,293.173000
3923.009,296.255000,246.866000,287.543000,293.175000
3924.057,296.248000,246.905000,287.547000,293.177000
3925.092,296.240000,246.948000,287.552000,293.180000
3926.126,296.233000,246.987000,287.557000,293.182000
3927.171,296.226000,247.032000,287.562000,293.185000
3928.205,296.218000,247.072000,287.567000,293.187000
3929.265,296.211000,247.110000,287.571000,293.189000
3930.310,296.204000,247.155000,287.577000,293.191000
3931.365,296.197000,247.194000,287.581000,293.193000
3932.409,296.188000,247.236000,287.585000,293.195000
3933.460,296.181000,247.277000,287.590000,293.197000
3934.490,296.174000,247.320000,287.596000,293.199000
3935.511,296.167000,247.359000,287.600000,293.201000
3936.560,296.160000,247.398000,287.605000,293.203000
3937.595,296.151000,247.442000,287.610000,293.205000
3938.628,296.144000,247.481000,287.614000,293.207000
3939.673,296.136000,247.525000,287.618000,293.209000
3940.711,296.129000,247.564000,287.622000,293.211000
3941.783,296.122000,247.607000,287.628000,293.213000
3942.812,296.114000,247.647000,287.633000,293.214000
3943.862,296.107000,247.688000,287.637000,293.216000
3944.891,296.099000,247.730000,287.642000,293.218000
3945.912,296.092000,247.769000,287.647000,293.220000
3946.965,296.085000,247.807000,287.652000,293.222000
3948.000,296.077000,247.851000,287.656000,293.223000
3949.034,296.070000,247.891000,287.660000,293.224000
3950.069,296.062000,247.934000,287.665000,293.226000
3951.099,296.055000,247.973000,287.669000,293.228000
3952.135,296.047000,248.013000,287.673000,293.229000
3953.173,296.039000,248.055000,287.678000,293.231000
3954.205,296.032000,248.095000,287.683000,293.232000
3955.268,296.025000,248.135000,287.687000,293.234000
3956.303,296.017000,248.178000,287.692000,293.235000
3957.330,296.010000,248.217000,287.696000,293.236000
3958.373,296.002000,248.260000,287.701000,293.238000
3959.409,295.995000,248.299000,287.705000,293.239000
3960.468,295.988000,248.339000,287.710000,293.241000
3961.506,295.980000,248.382000,287.714000,293.242000
3962.530,295.973000,248.422000,287.718000,293.243000
3963.572,295.965000,248.465000,287.722000,293.244000
3964.598,295.958000,248.504000,287.727000,293.246000
3965.637,295.951000,248.543000,287.732000,293.247000
3966.672,295.943000,248.586000,287.735000,293.247000
3967.709,295.935000,248.625000,287.740000,293.248000
3968.732,295.928000,248.664000,287.744000,293.250000
3969.776,295.920000,248.707000,287.750000,293.251000
3970.807,295.913000,248.747000,287.753000,293.252000
3971.868,295.906000,248.786000,287.756000,293.253000
3972.904,295.899000,248.829000,287.760000,293.255000
3973.957,295.891000,248.869000,287.764000,293.255000
3974.988,295.883000,248.911000,287.769000,293.257000
3976.020,295.876000,248.951000,287.773000,293.257000
3977.039,295.870000,248.990000,287.777000,293.258000
3978.073,295.862000,249.034000,287.780000,293.260000
3979.110,295.855000,249.073000,287.785000,293.260000
3980.176,295.846000,249.115000,287.789000,293.261000
3981.210,295.840000,249.156000,287.794000,293.262000
3982.236,295.832000,249.194000,287.797000,293.262000
3983.276,295.825000,249.237000,287.801000,293.264000
3984.310,295.817000,249.276000,287.804000,293.264000
3985.359,295.811000,249.316000,287.808000,293.265000
3986.393,295.803000,249.359000,287.813000,293.266000
3987.428,295.796000,249.397000,287.817000,293.267000
3988.477,295.788000,249.440000,287.821000,293.267000
3989.512,295.781000,249.480000,287.826000,293.268000
3990.562,295.774000,249.518000,287.828000,293.268000
3991.596,295.766000,249.561000,287.833000,293.269000
3992.628,295.760000,249.601000,287.837000,293.270000
3993.676,295.752000,249.644000,287.841000,293.270000
3994.714,295.745000,249.684000,287.845000,293.271000
3995.759,295.738000,249.722000,287.849000,293.271000
3996.798,295.731000,249.766000,287.852000,293.272000
3997.827,295.724000,249.805000,287.855000,293.273000
3998.872,295.717000,249.844000,287.860000,293.273000
3999.906,295.709000,249.887000,287.863000,293.273000
4000.964,295.702000,249.925000,287.867000,293.274000
4002.000,295.695000,249.967000,287.870000,293.274000
4003.029,295.688000,250.007000,287.872000,293.274000
4004.076,295.681000,250.050000,287.877000,293.275000
4005.104,295.674000,250.088000,287.881000,293.275000
4006.164,295.667000,250.127000,287.884000,293.276000
4007.263,295.660000,250.170000,287.889000,293.276000
4008.300,295.653000,250.215000,287.893000,293.276000
4009.336,295.646000,250.253000,287.896000,293.276000
4010.378,295.639000,250.295000,287.899000,293.277000
4011.419,295.632000,250.334000,287.904000,293.277000
4012.464,295.626000,250.374000,287.907000,293.277000
4013.497,295.618000,250.417000,287.909000,293.278000
4014.530,295.612000,250.456000,287.913000,293.278000
4015.570,295.605000,250.494000,287.916000,293.277000
4016.604,295.598000,250.537000,287.920000,293.277000
4017.634,295.591000,250.577000,287.923000,293.277000
4018.681,295.584000,250.620000,287.927000,293.277000
4019.720,295.578000,250.658000,287.931000,293.278000
4020.771,295.572000,250.698000,287.936000,293.278000
4021.806,295.565000,250.739000,287.938000,293.278000
4022.836,295.558000,250.778000,287.942000,293.278000
4023.882,295.552000,250.821000,287.945000,293.278000
4024.917,295.546000,250.861000,287.947000,293.278000
4025.941,295.540000,250.900000,287.951000,293.278000
4026.981,295.534000,250.942000,287.954000,293.278000
4028.014,295.527000,250.982000,287.957000,293.278000
4029.075,295.521000,251.020000,287.961000,293.278000
4030.107,295.515000,251.063000,287.964000,293.278000
4031.138,295.509000,251.101000,287.968000,293.278000
4032.175,295.503000,251.144000,287.970000,293.277000
4033.205,295.497000,251.184000,287.975000,293.277000
4034.230,295.491000,251.223000,287.977000,293.277000
4035.272,295.486000,251.264000,287.981000,293.277000
4036.296,295.480000,251.303000,287.983000,293.277000
4037.329,295.474000,251.342000,287.986000,293.277000
4038.375,295.469000,251.382000,287.989000,293.277000
4039.408,295.463000,251.425000,287.993000,293.276000
4040.440,295.458000,251.464000,287.995000,293.276000
4041.478,295.452000,251.506000,288.000000,293.276000
4042.504,295.447000,251.546000,288.003000,293.275000
4043.529,295.442000,251.584000,288.005000,293.275000
4044.572,295.437000,251.622000,288.009000,293.274000
4045.592,295.432000,251.665000,288.012000,293.275000
4046.628,295.428000,251.703000,288.015000,293.275000
4047.677,295.423000,251.747000,288.018000,293.274000
4048.711,295.418000,251.785000,288.021000,293.274000
4049.764,295.414000,251.824000,288.024000,293.273000
4050.798,295.409000,251.866000,288.027000,293.273000
4051.831,295.405000,251.906000,288.030000,293.272000
4052.882,295.401000,251.947000,288.034000,293.272000
4053.916,295.397000,251.987000,288.037000,293.272000
4054.965,295.393000,252.025000,288.040000,293.271000
4056.000,295.390000,252.069000,288.043000,293.271000
4057.034,295.386000,252.107000,288.045000,293.270000
4058.084,295.383000,252.150000,288.049000,293.270000
4059.128,295.380000,252.189000,288.051000,293.269000
4060.171,295.377000,252.228000,288.055000,293.269000
4061.205,295.374000,252.270000,288.058000,293.268000
4062.235,295.372000,252.308000,288.060000,293.268000
4063.279,295.370000,252.351000,288.062000,293.267000
4064.315,295.367000,252.389000,288.065000,293.267000
4065.366,295.366000,252.428000,288.069000,293.266000
4066.396,295.364000,252.470000,288.072000,293.266000
4067.547,295.362000,252.513000,288.075000,293.266000
4068.585,295.361000,252.556000,288.076000,293.265000
4069.619,295.360000,252.593000,288.079000,293.265000
4070.648,295.359000,252.633000,288.082000,293.264000
4071.684,295.359000,252.676000,288.086000,293.263000
4072.722,295.359000,252.714000,288.089000,293.263000
4073.748,295.359000,252.752000,288.091000,293.262000
4074.780,295.360000,252.795000,288.094000,293.262000
4075.799,295.360000,252.834000,288.098000,293.261000
4076.823,295.361000,252.873000,288.101000,293.261000
4077.849,295.362000,252.911000,288.102000,293.260000
4078.887,295.364000,252.953000,288.106000,293.260000
4079.924,295.367000,252.993000,288.109000,293.260000
4080.972,295.368000,253.031000,288.112000,293.259000
4082.004,295.371000,253.073000,288.115000,293.259000
4083.042,295.375000,253.111000,288.117000,293.259000
4084.086,295.378000,253.154000,288.120000,293.258000
4085.122,295.382000,253.193000,288.123000,293.258000
4086.171,295.386000,253.231000,288.126000,293.257000
4087.211,295.391000,253.274000,288.128000,293.257000
4088.243,295.395000,253.313000,288.131000,293.257000
4089.287,295.401000,253.355000,288.133000,293.256000
4090.319,295.407000,253.394000,288.136000,293.256000
4091.344,295.413000,253.432000,288.140000,293.256000
4092.386,295.420000,253.475000,288.141000,293.255000
4093.416,295.427000,253.512000,288.145000,293.255000
4094.472,295.434000,253.551000,288.148000,293.255000
4095.497,295.442000,253.593000,288.151000,293.255000
4096.525,295.450000,253.633000,288.153000,293.254000
4097.572,295.458000,253.672000,288.156000,293.254000
4098.603,295.468000,253.713000,288.158000,293.254000
4099.633,295.477000,253.750000,288.162000,293.253000
4100.679,295.487000,253.790000,288.164000,293.253000
4101.719,295.498000,253.833000,288.168000,293.254000
4102.774,295.509000,253.871000,288.170000,293.254000
4103.798,295.521000,253.912000,288.172000,293.253000
4104.835,295.531000,253.952000,288.176000,293.253000
4105.888,295.544000,253.993000,288.178000,293.253000
4106.926,295.557000,254.033000,288.182000,293.254000
4107.975,295.569000,254.070000,288.185000,293.254000
4109.011,295.584000,254.113000,288.188000,293.254000
4110.040,295.597000,254.152000,288.190000,293.254000
4111.090,295.612000,254.193000,288.192000,293.255000
4112.125,295.626000,254.232000,288.197000,293.255000
4113.178,295.640000,254.270000,288.198000,293.255000
4114.218,295.657000,254.312000,288.203000,293.255000
4115.253,295.671000,254.350000,288.205000,293.256000
4116.290,295.688000,254.393000,288.209000,293.256000
4117.330,295.704000,254.432000,288.212000,293.257000
4118.373,295.720000,254.469000,288.215000,293.258000
4119.417,295.738000,254.511000,288.219000,293.258000
4120.451,295.755000,254.549000,288.221000,293.259000
4121.491,295.772000,254.593000,288.224000,293.260000
4122.535,295.789000,254.632000,288.227000,293.260000
4123.585,295.806000,254.674000,288.230000,293.261000
4124.621,295.825000,254.713000,288.234000,293.262000
4125.671,295.843000,254.750000,288.237000,293.263000
4126.705,295.862000,254.792000,288.240000,293.264000
4127.850,295.881000,254.834000,288.244000,293.265000
4128.887,295.901000,254.876000,288.247000,293.266000
4129.919,295.919000,254.914000,288.250000,293.267000
4130.952,295.937000,254.953000,288.254000,293.268000
4131.991,295.956000,254.996000,288.257000,293.270000
4133.023,295.975000,255.034000,288.260000,293.272000
4134.077,295.993000,255.073000,288.264000,293.273000
4135.113,296.013000,255.115000,288.268000,293.274000
4136.152,296.031000,255.153000,288.271000,293.276000
4137.187,296.050000,255.195000,288.275000,293.278000
4138.215,296.068000,255.233000,288.278000,293.280000
4139.279,296.086000,255.271000,288.281000,293.282000
4140.308,296.105000,255.314000,288.285000,293.283000
4141.341,296.123000,255.351000,288.288000,293.285000
4142.387,296.142000,255.394000,288.293000,293.287000
4143.420,296.160000,255.432000,288.298000,293.289000
4144.449,296.177000,255.471000,288.301000,293.291000
4145.495,296.196000,255.513000,288.305000,293.293000
4146.528,296.213000,255.552000,288.308000,293.296000
4147.576,296.230000,255.590000,288.312000,293.298000
4148.603,296.248000,255.633000,288.316000,293.300000
4149.629,296.264000,255.670000,288.320000,293.303000
4150.655,296.280000,255.709000,288.324000,293.305000
4151.689,296.298000,255.750000,288.328000,293.307000
4152.726,296.313000,255.789000,288.333000,293.310000
4153.756,296.328000,255.827000,288.337000,293.313000
4154.789,296.345000,255.869000,288.341000,293.315000
4155.821,296.359000,255.907000,288.344000,293.318000
4156.848,296.373000,255.945000,288.349000,293.321000
4157.988,296.390000,255.991000,288.353000,293.324000
4159.016,296.404000,256.030000,288.358000,293.327000
4160.049,296.417000,256.068000,288.362000,293.329000
4161.089,296.432000,256.109000,288.366000,293.332000
4162.108,296.444000,256.147000,288.371000,293.335000
4163.138,296.457000,256.186000,288.375000,293.338000
4164.188,296.470000,256.227000,288.380000,293.342000
4165.216,296.482000,256.265000,288.385000,293.345000
4166.250,296.494000,256.304000,288.389000,293.348000
4167.292,296.506000,256.345000,288.394000,293.351000
4168.331,296.516000,256.384000,288.399000,293.355000
4169.378,296.526000,256.421000,288.403000,293.358000
4170.408,296.538000,256.463000,288.408000,293.362000
4171.444,296.547000,256.501000,288.412000,293.365000
4172.480,296.557000,256.539000,288.416000,293.368000
4173.522,296.567000,256.582000,288.421000,293.372000
4174.584,296.575000,256.620000,288.426000,293.375000
4175.624,296.584000,256.662000,288.431000,293.379000
4176.681,296.593000,256.700000,288.436000,293.382000
4177.705,296.601000,256.741000,288.442000,293.386000
4178.737,296.608000,256.780000,288.446000,293.389000
4179.787,296.615000,256.816000,288.451000,293.393000
4180.818,296.623000,256.859000,288.456000,293.396000
4181.848,296.629000,256.898000,288.462000,293.401000
4182.889,296.636000,256.936000,288.467000,293.404000
4183.923,296.642000,256.977000,288.472000,293.408000
4184.956,296.647000,257.016000,288.476000,293.411000
4185.995,296.653000,257.057000,288.481000,293.416000
4187.040,296.659000,257.095000,288.487000,293.419000
4188.101,296.664000,257.136000,288.491000,293.423000
4189.135,296.668000,257.176000,288.497000,293.427000
4190.158,296.672000,257.213000,288.502000,293.431000
4191.194,296.676000,257.255000,288.508000,293.435000
4192.224,296.680000,257.292000,288.512000,293.439000
4193.251,296.683000,257.331000,288.517000,293.442000
4194.287,296.686000,257.370000,288.524000,293.447000
4195.313,296.689000,257.410000,288.529000,293.450000
4196.342,296.692000,257.449000,288.533000,293.454000
4197.387,296.694000,257.488000,288.538000,293.458000
4198.413,296.696000,257.530000,288.545000,293.461000
4199.441,296.698000,257.567000,288.550000,293.465000
4200.491,296.700000,257.608000,288.555000,293.470000
4201.527,296.701000,257.645000,288.559000,293.473000
4202.558,296.702000,257.684000,288.565000,293.477000
4203.595,296.704000,257.727000,288.570000,293.481000
4204.629,296.705000,257.764000,288.576000,293.485000
4205.661,296.705000,257.802000,288.581000,293.489000
4206.692,296.705000,257.844000,288.586000,293.493000
4207.720,296.706000,257.882000,288.592000,293.497000
4208.759,296.705000,257.921000,288.598000,293.500000
4209.796,296.705000,257.962000,288.603000,293.505000
4210.823,296.704000,258.000000,288.608000,293.508000
4211.857,296.704000,258.037000,288.613000,293.512000
4212.897,296.703000,258.079000,288.619000,293.516000
4213.931,296.702000,258.118000,288.624000,293.520000
4214.981,296.701000,258.155000,288.630000,293.523000
4216.016,296.699000,258.196000,288.635000,293.528000
4217.049,296.697000,258.234000,288.640000,293.531000
4218.099,296.695000,258.276000,288.647000,293.536000
4219.131,296.694000,258.313000,288.651000,293.539000
4220.160,296.692000,258.351000,288.657000,293.543000
4221.199,296.689000,258.393000,288.663000,293.547000
4222.231,296.687000,258.431000,288.668000,293.550000
4223.284,296.684000,258.470000,288.673000,293.554000
4224.318,296.682000,258.511000,288.679000,293.558000
4225.352,296.679000,258.549000,288.684000,293.562000
4226.399,296.676000,258.590000,288.689000,293.565000
4227.430,296.673000,258.628000,288.695000,293.569000
4228.487,296.669000,258.666000,288.700000,293.573000
4229.514,296.666000,258.706000,288.706000,293.577000
4230.546,296.663000,258.744000,288.712000,293.580000
4231.586,296.659000,258.783000,288.717000,293.584000
4232.625,296.656000,258.823000,288.722000,293.588000
4233.653,296.652000,258.862000,288.727000,293.591000
4234.695,296.648000,258.903000,288.733000,293.595000
4235.720,296.644000,258.941000,288.738000,293.598000
4236.751,296.640000,258.980000,288.744000,293.601000
4237.792,296.636000,259.021000,288.750000,293.605000
4238.818,296.632000,259.059000,288.754000,293.609000
4239.840,296.628000,259.096000,288.759000,293.612000
4240.886,296.624000,259.134000,288.765000,293.615000
4241.916,296.619000,259.175000,288.771000,293.619000
4242.941,296.614000,259.213000,288.776000,293.622000
4243.995,296.610000,259.250000,288.782000,293.625000
4245.030,296.605000,259.293000,288.786000,293.628000
4246.059,296.601000,259.331000,288.791000,293.632000
4247.103,296.596000,259.372000,288.797000,293.635000
4248.142,296.591000,259.411000,288.802000,293.638000
4249.191,296.587000,259.447000,288.807000,293.642000
4250.226,296.581000,259.488000,288.813000,293.645000
4251.256,296.576000,259.526000,288.818000,293.648000
4252.299,296.572000,259.567000,288.822000,293.651000
4253.344,296.566000,259.605000,288.828000,293.654000
4254.386,296.561000,259.643000,288.833000,293.657000
4255.415,296.556000,259.684000,288.837000,293.661000
4256.462,296.551000,259.722000,288.843000,293.664000
4257.502,296.546000,259.764000,288.848000,293.667000
4258.698,296.539000,259.810000,288.854000,293.670000
4259.734,296.534000,259.846000,288.860000,293.673000
4260.762,296.529000,259.883000,288.865000,293.676000
4261.799,296.523000,259.926000,288.869000,293.679000
4262.826,296.518000,259.964000,288.875000,293.682000
4263.857,296.513000,260.001000,288.881000,293.685000
4264.897,296.508000,260.039000,288.885000,293.688000
4265.936,296.502000,260.080000,288.890000,293.691000
4266.997,296.497000,260.118000,288.895000,293.694000
4268.032,296.491000,260.160000,288.900000,293.697000
4269.065,296.486000,260.197000,288.906000,293.699000
4270.101,296.480000,260.238000,288.910000,293.702000
4271.128,296.474000,260.274000,288.915000,293.705000
4272.161,296.469000,260.312000,288.919000,293.707000
4273.200,296.463000,260.354000,288.924000,293.710000
4274.232,296.457000,260.391000,288.930000,293.713000
4275.267,296.452000,260.429000,288.935000,293.715000
4276.305,296.445000,260.470000,288.940000,293.718000
4277.333,296.440000,260.508000,288.944000,293.721000
4278.356,296.434000,260.545000,288.949000,293.723000
4279.400,296.429000,260.587000,288.954000,293.726000
4280.433,296.423000,260.624000,288.959000,293.728000
4281.486,296.417000,260.663000,288.963000,293.730000
4282.516,296.411000,260.703000,288.968000,293.733000
4283.550,296.405000,260.741000,288.972000,293.735000
4284.601,296.400000,260.783000,288.977000,293.738000
4285.631,296.394000,260.820000,288.981000,293.740000
4286.660,296.388000,260.858000,288.986000,293.743000
4287.704,296.382000,260.899000,288.991000,293.745000
4288.900,296.375000,260.945000,288.998000,293.748000
4289.931,296.369000,260.982000,289.001000,293.750000
4290.952,296.364000,261.019000,289.006000,293.752000
4292.002,296.357000,261.061000,289.011000,293.754000
4293.039,296.352000,261.098000,289.015000,293.757000
4294.087,296.346000,261.135000,289.020000,293.758000
4295.119,296.340000,261.176000,289.025000,293.761000
4296.157,296.334000,261.211000,289.029000,293.763000
4297.205,296.328000,261.252000,289.035000,293.765000
4298.241,296.323000,261.289000,289.039000,293.767000
4299.291,296.317000,261.327000,289.043000,293.770000
4300.325,296.311000,261.367000,289.048000,293.771000
4301.359,296.305000,261.405000,289.052000,293.773000
4302.401,296.299000,261.446000,289.056000,293.776000
4303.426,296.293000,261.481000,289.061000,293.778000
4304.460,296.287000,261.519000,289.066000,293.779000
4305.508,296.281000,261.561000,289.071000,293.781000
4306.546,296.275000,261.599000,289.075000,293.783000
4307.604,296.269000,261.638000,289.079000,293.785000
4308.635,296.263000,261.675000,289.083000,293.787000
4309.691,296.257000,261.712000,289.087000,293.789000
4310.729,296.251000,261.754000,289.091000,293.791000
4311.762,296.245000,261.790000,289.096000,293.792000
4312.807,296.239000,261.830000,289.101000,293.794000
4313.933,296.233000,261.871000,289.105000,293.796000
4314.957,296.227000,261.910000,289.110000,293.798000
4315.996,296.222000,261.946000,289.113000,293.800000
4317.028,296.215000,261.986000,289.118000,293.801000
4318.061,296.209000,262.024000,289.122000,293.802000
4319.107,296.203000,262.063000,289.127000,293.804000
4320.131,296.198000,262.101000,289.130000,293.806000
4321.163,296.192000,262.138000,289.134000,293.807000
4322.207,296.185000,262.179000,289.139000,293.809000
4323.248,296.180000,262.216000,289.144000,293.810000
4324.292,296.174000,262.253000,289.148000,293.812000
4325.312,296.168000,262.295000,289.151000,293.814000
4326.346,296.162000,262.331000,289.156000,293.815000
4327.398,296.157000,262.369000,289.160000,293.817000
4328.426,296.151000,262.409000,289.165000,293.819000
4329.455,296.145000,262.445000,289.168000,293.819000
4330.507,296.139000,262.487000,289.173000,293.821000
4331.528,296.134000,262.523000,289.177000,293.822000
4332.558,296.128000,262.559000,289.180000,293.823000
4333.603,296.121000,262.599000,289.185000,293.825000
4334.633,296.116000,262.637000,289.189000,293.826000
4335.669,296.110000,262.674000,289.192000,293.827000
4336.705,296.104000,262.715000,289.196000,293.829000
4337.737,296.098000,262.752000,289.199000,293.830000
4338.767,296.093000,262.789000,289.203000,293.831000
4339.805,296.086000,262.829000,289.208000,293.832000
4340.838,296.081000,262.866000,289.212000,293.834000
4341.867,296.075000,262.903000,289.215000,293.835000
4342.908,296.070000,262.943000,289.220000,293.836000
4343.941,296.064000,262.979000,289.224000,293.837000
4344.972,296.058000,263.017000,289.228000,293.838000
4346.005,296.052000,263.058000,289.232000,293.840000
4347.035,296.047000,263.095000,289.236000,293.841000
4348.062,296.041000,263.132000,289.239000,293.842000
4349.107,296.035000,263.172000,289.243000,293.842000
4350.144,296.029000,263.209000,289.246000,293.843000
4351.203,296.024000,263.246000,289.251000,293.845000
4352.247,296.018000,263.285000,289.253000,293.846000
4353.303,296.013000,263.324000,289.257000,293.846000
4354.336,296.006000,263.363000,289.262000,293.847000
4355.364,296.001000,263.401000,289.265000,293.848000
4356.412,295.995000,263.441000,289.268000,293.849000
4357.455,295.990000,263.478000,289.273000,293.850000
4358.512,295.984000,263.518000,289.278000,293.851000
4359.544,295.978000,263.554000,289.280000,293.851000
4360.573,295.973000,263.591000,289.283000,293.853000
4361.607,295.967000,263.633000,289.288000,293.854000
4362.636,295.961000,263.670000,289.291000,293.855000
4363.665,295.956000,263.706000,289.295000,293.855000
4364.712,295.950000,263.747000,289.298000,293.856000
4365.744,295.944000,263.783000,289.302000,293.857000
4366.773,295.939000,263.820000,289.306000,293.857000
4367.809,295.933000,263.861000,289.309000,293.858000
4368.836,295.928000,263.897000,289.312000,293.859000
4369.896,295.922000,263.934000,289.317000,293.860000
4370.943,295.917000,263.975000,289.321000,293.860000
4371.995,295.911000,264.011000,289.324000,293.861000
4373.029,295.905000,264.052000,289.326000,293.862000
4374.065,295.900000,264.088000,289.330000,293.862000
4375.116,295.894000,264.129000,289.334000,293.863000
4376.149,295.889000,264.166000,289.338000,293.863000
4377.197,295.884000,264.204000,289.341000,293.864000
4378.228,295.878000,264.244000,289.343000,293.865000
4379.301,295.872000,264.280000,289.347000,293.865000
4380.329,295.866000,264.320000,289.351000,293.866000
4381.364,295.861000,264.357000,289.354000,293.866000
4382.412,295.855000,264.397000,289.358000,293.866000
4383.445,295.850000,264.435000,289.362000,293.867000
4384.498,295.845000,264.470000,289.365000,293.867000
4385.533,295.839000,264.511000,289.369000,293.868000
4386.567,295.834000,264.548000,289.372000,293.868000
4387.615,295.828000,264.589000,289.377000,293.869000
4388.648,295.823000,264.625000,289.378000,293.869000
4389.701,295.818000,264.661000,289.382000,293.869000
4390.734,295.812000,264.701000,289.385000,293.870000
4391.762,295.807000,264.737000,289.389000,293.870000
4392.803,295.801000,264.774000,289.391000,293.871000
4393.831,295.796000,264.815000,289.394000,293.871000
4394.860,295.791000,264.851000,289.398000,293.871000
4395.918,295.786000,264.892000,289.401000,293.871000
4396.955,295.780000,264.929000,289.404000,293.872000
4398.005,295.775000,264.966000,289.407000,293.872000
4399.039,295.770000,265.006000,289.411000,293.872000
4400.069,295.765000,265.043000,289.414000,293.872000
4401.112,295.760000,265.084000,289.418000,293.873000
4402.149,295.754000,265.121000,289.420000,293.873000
4403.175,295.749000,265.157000,289.423000,293.874000
4404.216,295.743000,265.197000,289.428000,293.874000
4405.257,295.738000,265.233000,289.431000,293.874000
4406.317,295.733000,265.274000,289.433000,293.874000
4407.357,295.728000,265.310000,289.435000,293.874000
4408.406,295.723000,265.348000,289.438000,293.874000
4409.554,295.718000,265.391000,289.442000,293.874000
4410.604,295.713000,265.428000,289.446000,293.874000
4411.638,295.707000,265.468000,289.449000,293.874000
4412.678,295.703000,265.505000,289.452000,293.875000
4413.716,295.697000,265.543000,289.455000,293.875000
4414.757,295.693000,265.580000,289.458000,293.875000
4415.800,295.688000,265.617000,289.461000,293.875000
4416.838,295.683000,265.658000,289.464000,293.875000
4417.862,295.678000,265.694000,289.468000,293.875000
4418.911,295.673000,265.731000,289.470000,293.875000
4419.943,295.668000,265.771000,289.473000,293.875000
4420.979,295.664000,265.808000,289.477000,293.875000
4422.018,295.659000,265.848000,289.480000,293.875000
4423.056,295.654000,265.884000,289.482000,293.875000
4424.114,295.649000,265.925000,289.486000,293.875000
4425.152,295.644000,265.961000,289.490000,293.874000
4426.209,295.640000,265.997000,289.491000,293.874000
4427.232,295.635000,266.038000,289.495000,293.874000
4428.261,295.631000,266.074000,289.497000,293.874000
4429.319,295.626000,266.114000,289.501000,293.874000
4430.365,295.622000,266.151000,289.503000,293.874000
4431.416,295.617000,266.190000,289.506000,293.874000
4432.449,295.612000,266.227000,289.508000,293.873000
4433.476,295.608000,266.263000,289.511000,293.873000
4434.520,295.603000,266.303000,289.513000,293.873000
4435.549,295.600000,266.340000,289.517000,293.873000
4436.582,295.596000,266.377000,289.521000,293.873000
4437.613,295.591000,266.416000,289.523000,293.872000
4438.650,295.587000,266.453000,289.525000,293.872000
4439.731,295.583000,266.493000,289.528000,293.872000
4440.758,295.579000,266.530000,289.532000,293.872000
4441.811,295.575000,266.570000,289.534000,293.872000
4442.845,295.570000,266.607000,289.538000,293.872000
4443.869,295.566000,266.644000,289.541000,293.872000
4444.918,295.563000,266.684000,289.543000,293.872000
4445.951,295.559000,266.720000,289.545000,293.871000
4446.982,295.555000,266.755000,289.548000,293.871000
4448.015,295.552000,266.797000,289.552000,293.870000
4449.036,295.548000,266.832000,289.554000,293.870000
4450.103,295.545000,266.868000,289.557000,293.870000
4451.129,295.541000,266.909000,289.559000,293.870000
4452.162,295.538000,266.944000,289.563000,293.870000
4453.322,295.535000,266.988000,289.566000,293.869000
4454.350,295.531000,267.025000,289.569000,293.869000
4455.378,295.528000,267.061000,289.572000,293.868000
4456.415,295.525000,267.102000,289.574000,293.868000
4457.446,295.522000,267.138000,289.577000,293.868000
4458.563,295.520000,267.178000,289.579000,293.867000
4459.610,295.517000,267.213000,289.582000,293.867000
4460.746,295.514000,267.254000,289.584000,293.867000
4461.785,295.511000,267.294000,289.587000,293.866000
4463.235,295.509000,267.339000,289.590000,293.866000
4464.498,295.505000,267.389000,289.594000,293.865000
4465.518,295.503000,267.432000,289.597000,293.865000
4466.547,295.501000,267.469000,289.599000,293.864000
4467.585,295.500000,267.506000,289.601000,293.864000
4468.617,295.498000,267.547000,289.605000,293.864000
4469.635,295.497000,267.582000,289.608000,293.864000
4470.673,295.496000,267.617000,289.610000,293.863000
4471.884,295.494000,267.657000,289.613000,293.863000
4472.926,295.493000,267.702000,289.614000,293.862000
4473.953,295.491000,267.738000,289.618000,293.862000
4475.047,295.491000,267.778000,289.620000,293.862000
4476.074,295.490000,267.813000,289.623000,293.861000
4477.112,295.490000,267.850000,289.625000,293.861000
4478.142,295.490000,267.890000,289.628000,293.861000
4479.173,295.490000,267.926000,289.632000,293.860000
4480.213,295.490000,267.962000,289.634000,293.860000
4481.246,295.490000,268.002000,289.637000,293.860000
4482.271,295.491000,268.038000,289.639000,293.859000
4483.321,295.492000,268.078000,289.642000,293.859000
4484.385,295.492000,268.115000,289.644000,293.859000
4485.423,295.494000,268.154000,289.646000,293.858000
4486.449,295.495000,268.191000,289.649000,293.858000
4487.479,295.496000,268.227000,289.651000,293.857000
4488.544,295.498000,268.268000,289.653000,293.857000
4489.571,295.500000,268.304000,289.657000,293.857000
4490.613,295.502000,268.340000,289.659000,293.856000
4491.649,295.505000,268.379000,289.663000,293.856000
4492.687,295.508000,268.416000,289.664000,293.856000
4493.722,295.511000,268.456000,289.667000,293.856000
4494.751,295.514000,268.492000,289.669000,293.855000
4495.786,295.517000,268.527000,289.672000,293.855000
4496.819,295.521000,268.567000,289.674000,293.855000
4497.849,295.525000,268.604000,289.677000,293.854000
4498.884,295.529000,268.639000,289.679000,293.854000
4499.928,295.533000,268.679000,289.681000,293.854000
4500.970,295.538000,268.715000,289.684000,293.854000
4502.016,295.543000,268.752000,289.687000,293.853000
4503.049,295.549000,268.792000,289.690000,293.853000
4504.078,295.554000,268.829000,289.693000,293.853000
4505.135,295.560000,268.868000,289.694000,293.853000
4506.160,295.567000,268.905000,289.697000,293.853000
4507.188,295.573000,268.941000,289.699000,293.853000
4508.222,295.580000,268.981000,289.703000,293.853000
4509.246,295.587000,269.016000,289.705000,293.853000
4510.282,295.594000,269.053000,289.708000,293.853000
4511.321,295.601000,269.093000,289.711000,293.853000
4512.346,295.609000,269.129000,289.714000,293.853000
4513.387,295.617000,269.164000,289.715000,293.853000
4514.426,295.626000,269.204000,289.719000,293.853000
4515.457,295.635000,269.240000,289.722000,293.853000
4516.488,295.643000,269.277000,289.723000,293.853000
4517.529,295.653000,269.316000,289.726000,293.854000
4518.559,295.662000,269.352000,289.729000,293.854000
4519.612,295.672000,269.389000,289.733000,293.854000
4520.659,295.683000,269.428000,289.735000,293.854000
4521.709,295.692000,269.465000,289.736000,293.854000
4522.734,295.703000,269.504000,289.740000,293.855000
4523.763,295.714000,269.540000,289.743000,293.855000
4524.813,295.724000,269.577000,289.747000,293.855000
4525.856,295.736000,269.618000,289.748000,293.856000
4526.886,295.747000,269.652000,289.751000,293.856000
4527.930,295.759000,269.693000,289.754000,293.857000
4528.964,295.771000,269.728000,289.757000,293.857000
4530.022,295.784000,269.766000,289.760000,293.858000
4531.042,295.795000,269.803000,289.763000,293.858000
4532.077,295.807000,269.840000,289.766000,293.859000
4533.127,295.820000,269.880000,289.769000,293.860000
4534.158,295.833000,269.915000,289.771000,293.861000
4535.323,295.848000,269.958000,289.775000,293.861000
4536.348,295.860000,269.994000,289.778000,293.862000
4537.382,295.873000,270.030000,289.781000,293.863000
4538.427,295.887000,270.069000,289.784000,293.864000
4539.465,295.900000,270.107000,289.786000,293.865000
4540.515,295.913000,270.143000,289.790000,293.866000
4541.550,295.928000,270.182000,289.793000,293.867000
4542.583,295.941000,270.218000,289.796000,293.868000
4543.628,295.956000,270.258000,289.798000,293.869000
4544.666,295.969000,270.293000,289.801000,293.870000
4545.714,295.982000,270.329000,289.806000,293.872000
4546.744,295.997000,270.369000,289.808000,293.873000
4547.768,296.011000,270.405000,289.810000,293.874000
4548.814,296.024000,270.441000,289.814000,293.875000
4549.846,296.038000,270.481000,289.818000,293.877000
4550.874,296.052000,270.517000,289.821000,293.878000
4551.926,296.067000,270.557000,289.824000,293.880000
4552.947,296.080000,270.593000,289.827000,293.882000
4553.977,296.093000,270.628000,289.829000,293.883000
4555.021,296.107000,270.665000,289.834000,293.885000
4556.053,296.121000,270.704000,289.838000,293.886000
4557.079,296.134000,270.741000,289.841000,293.888000
4558.114,296.147000,270.776000,289.844000,293.890000
4559.138,296.162000,270.815000,289.849000,293.891000
4560.171,296.174000,270.851000,289.852000,293.893000
4561.224,296.187000,270.888000,289.854000,293.895000
4562.252,296.200000,270.927000,289.858000,293.897000
4563.283,296.213000,270.963000,289.862000,293.899000
4564.332,296.226000,271.001000,289.867000,293.902000
4565.492,296.240000,271.041000,289.870000,293.904000
4566.533,296.253000,271.082000,289.874000,293.906000
4567.567,296.265000,271.118000,289.878000,293.908000
4568.595,296.277000,271.153000,289.881000,293.909000
4569.631,296.289000,271.193000,289.884000,293.912000
4570.666,296.301000,271.228000,289.888000,293.914000
4571.720,296.311000,271.264000,289.892000,293.917000
4572.747,296.324000,271.304000,289.897000,293.920000
4573.792,296.334000,271.340000,289.901000,293.922000
4574.831,296.346000,271.380000,289.903000,293.924000
4575.866,296.356000,271.416000,289.908000,293.927000
4576.920,296.366000,271.451000,289.912000,293.929000
4577.943,296.377000,271.491000,289.918000,293.932000
4578.983,296.387000,271.527000,289.921000,293.934000
4580.032,296.397000,271.567000,289.925000,293.937000
4581.073,296.406000,271.602000,289.929000,293.939000
4582.123,296.415000,271.639000,289.933000,293.942000
4583.151,296.424000,271.678000,289.936000,293.945000
4584.177,296.433000,271.713000,289.941000,293.948000
4585.221,296.441000,271.750000,289.944000,293.951000
4586.241,296.450000,271.788000,289.949000,293.953000
4587.274,296.458000,271.823000,289.952000,293.956000
4588.319,296.466000,271.860000,289.958000,293.959000
4589.351,296.474000,271.899000,289.962000,293.962000
4590.383,296.481000,271.935000,289.966000,293.965000
4591.426,296.488000,271.974000,289.970000,293.968000
4592.466,296.495000,272.011000,289.975000,293.971000
4593.520,296.502000,272.046000,289.979000,293.974000
4594.563,296.509000,272.086000,289.984000,293.977000
4595.691,296.515000,272.126000,289.988000,293.980000
4596.735,296.521000,272.165000,289.993000,293.984000
4597.773,296.527000,272.199000,289.997000,293.987000
4598.819,296.532000,272.235000,290.001000,293.990000
4599.848,296.538000,272.275000,290.007000,293.993000
4600.885,296.542000,272.311000,290.011000,293.996000
4601.933,296.548000,272.351000,290.016000,293.999000
4602.969,296.552000,272.386000,290.019000,294.002000
4604.018,296.557000,272.422000,290.024000,294.005000
4605.057,296.561000,272.462000,290.028000,294.009000
4606.089,296.565000,272.497000,290.034000,294.012000
4607.137,296.569000,272.536000,290.038000,294.015000
4608.169,296.573000,272.573000,290.043000,294.018000
4609.217,296.575000,272.609000,290.047000,294.021000
4610.243,296.578000,272.647000,290.051000,294.025000
4611.265,296.581000,272.683000,290.056000,294.028000
4612.290,296.584000,272.719000,290.060000,294.031000
4613.334,296.587000,272.759000,290.065000,294.034000
4614.360,296.589000,272.795000,290.070000,294.038000
4615.385,296.591000,272.830000,290.075000,294.041000
4616.423,296.593000,272.866000,290.079000,294.044000
4617.455,296.595000,272.905000,290.084000,294.047000
4618.486,296.596000,272.940000,290.089000,294.050000
4619.531,296.598000,272.980000,290.094000,294.054000
4620.554,296.599000,273.014000,290.098000,294.057000
4621.587,296.600000,273.051000,290.103000,294.060000
4622.632,296.601000,273.090000,290.109000,294.064000
4623.670,296.602000,273.126000,290.113000,294.067000
4624.724,296.603000,273.162000,290.117000,294.070000
4625.831,296.603000,273.204000,290.123000,294.074000
4626.859,296.604000,273.239000,290.128000,294.076000
4627.897,296.604000,273.275000,290.133000,294.080000
4628.938,296.604000,273.315000,290.137000,294.084000
4629.973,296.604000,273.351000,290.141000,294.087000
4631.027,296.604000,273.386000,290.147000,294.090000
4632.056,296.603000,273.425000,290.151000,294.093000
4633.095,296.603000,273.462000,290.157000,294.097000
4634.144,296.602000,273.501000,290.162000,294.100000
4635.193,296.602000,273.535000,290.166000,294.103000
4636.236,296.601000,273.575000,290.171000,294.107000
4637.269,296.600000,273.611000,290.175000,294.110000
4638.301,296.599000,273.646000,290.180000,294.113000
4639.344,296.598000,273.686000,290.185000,294.116000
4640.375,296.597000,273.721000,290.189000,294.119000
4641.428,296.595000,273.757000,290.194000,294.123000
4642.460,296.593000,273.797000,290.199000,294.126000
4643.491,296.592000,273.833000,290.204000,294.129000
4644.535,296.590000,273.871000,290.208000,294.132000
4645.561,296.588000,273.908000,290.213000,294.135000
4646.601,296.586000,273.942000,290.218000,294.138000
4647.638,296.584000,273.982000,290.223000,294.142000
4648.679,296.582000,274.017000,290.228000,294.144000
4649.726,296.581000,274.053000,290.233000,294.148000
4650.752,296.578000,274.091000,290.239000,294.151000
4651.781,296.576000,274.126000,290.242000,294.154000
4652.827,296.574000,274.162000,290.247000,294.156000
4653.855,296.571000,274.201000,290.252000,294.159000
4654.898,296.569000,274.237000,290.258000,294.162000
4656.034,296.566000,274.280000,290.263000,294.166000
4657.062,296.564000,274.317000,290.268000,294.169000
4658.103,296.561000,274.351000,290.273000,294.172000
4659.141,296.558000,274.389000,290.277000,294.176000
4660.182,296.555000,274.426000,290.281000,294.178000
4661.230,296.552000,274.463000,290.285000,294.181000
4662.271,296.549000,274.501000,290.290000,294.183000
4663.333,296.546000,274.536000,290.295000,294.187000
4664.369,296.543000,274.577000,290.300000,294.190000
4665.403,296.540000,274.611000,290.304000,294.192000
4666.439,296.537000,274.650000,290.310000,294.195000
4667.477,296.534000,274.686000,290.314000,294.198000
4668.538,296.531000,274.725000,290.318000,294.201000
4669.572,296.528000,274.760000,290.323000,294.204000
4670.622,296.525000,274.795000,290.328000,294.206000
4671.656,296.521000,274.834000,290.333000,294.209000
4672.690,296.518000,274.870000,290.338000,294.212000
4673.737,296.515000,274.909000,290.343000,294.215000
4674.774,296.511000,274.944000,290.346000,294.217000
4675.824,296.508000,274.980000,290.351000,294.220000
4676.867,296.505000,275.020000,290.356000,294.223000
4677.890,296.501000,275.055000,290.361000,294.226000
4678.934,296.498000,275.093000,290.366000,294.228000
4679.952,296.494000,275.128000,290.370000,294.231000
4680.977,296.490000,275.164000,290.375000,294.233000
4682.041,296.487000,275.203000,290.380000,294.236000
4683.073,296.483000,275.239000,290.384000,294.239000
4684.126,296.480000,275.275000,290.388000,294.241000
4685.159,296.476000,275.314000,290.394000,294.244000
4686.206,296.473000,275.348000,290.398000,294.246000
4687.240,296.469000,275.387000,290.402000,294.248000
4688.273,296.465000,275.424000,290.407000,294.251000
4689.304,296.462000,275.460000,290.411000,294.254000
4690.340,296.458000,275.498000,290.416000,294.257000
4691.361,296.454000,275.534000,290.421000,294.259000
4692.389,296.450000,275.568000,290.425000,294.261000
4693.429,296.447000,275.603000,290.429000,294.263000
4694.468,296.443000,275.642000,290.434000,294.266000
4695.525,296.439000,275.678000,290.438000,294.268000
4696.561,296.435000,275.718000,290.443000,294.271000
4697.599,296.432000,275.753000,290.448000,294.273000
4698.637,296.428000,275.792000,290.452000,294.275000
4699.662,296.424000,275.826000,290.455000,294.278000
4700.692,296.420000,275.862000,290.459000,294.280000
4701.735,296.417000,275.898000,290.465000,294.282000
4702.762,296.412000,275.936000,290.469000,294.284000
4703.805,296.409000,275.972000,290.474000,294.287000
4704.842,296.405000,276.011000,290.478000,294.289000
4705.876,296.401000,276.046000,290.481000,294.291000
4706.899,296.397000,276.082000,290.486000,294.293000
4707.945,296.393000,276.121000,290.490000,294.295000
4708.981,296.389000,276.157000,290.494000,294.297000
4710.026,296.385000,276.191000,290.498000,294.299000
4711.051,296.381000,276.232000,290.502000,294.302000
4712.079,296.377000,276.267000,290.508000,294.304000
4713.104,296.373000,276.301000,290.512000,294.306000
4714.148,296.369000,276.339000,290.516000,294.308000
4715.182,296.365000,276.375000,290.520000,294.310000
4716.242,296.361000,276.413000,290.525000,294.312000
4717.266,296.358000,276.450000,290.529000,294.313000
4718.304,296.354000,276.485000,290.532000,294.316000
4719.344,296.350000,276.523000,290.536000,294.318000
4720.374,296.346000,276.559000,290.541000,294.319000
4721.399,296.342000,276.594000,290.545000,294.321000
4722.447,296.338000,276.633000,290.551000,294.323000
4723.482,296.334000,276.669000,290.555000,294.325000
4724.532,296.330000,276.704000,290.558000,294.327000
4725.563,296.326000,276.742000,290.562000,294.329000
4726.589,296.322000,276.777000,290.566000,294.330000
4727.640,296.318000,276.816000,290.571000,294.333000
4728.668,296.314000,276.851000,290.574000,294.335000
4729.695,296.310000,276.886000,290.577000,294.336000
4730.747,296.306000,276.925000,290.582000,294.338000
4731.787,296.302000,276.960000,290.587000,294.340000
4732.841,296.298000,276.996000,290.591000,294.342000
4733.879,296.294000,277.035000,290.595000,294.344000
4734.935,296.290000,277.069000,290.599000,294.345000
4735.959,296.286000,277.108000,290.604000,294.347000
4736.993,296.282000,277.144000,290.607000,294.348000
4738.032,296.278000,277.180000,290.610000,294.350000
4739.065,296.274000,277.218000,290.615000,294.352000
4740.094,296.271000,277.253000,290.619000,294.353000
4741.138,296.267000,277.288000,290.623000,294.355000
4742.171,296.262000,277.327000,290.626000,294.357000
4743.196,296.258000,277.362000,290.631000,294.358000
4744.243,296.254000,277.401000,290.635000,294.360000
4745.278,296.250000,277.436000,290.639000,294.361000
4746.310,296.246000,277.472000,290.642000,294.363000
4747.347,296.242000,277.509000,290.647000,294.364000
4748.381,296.238000,277.546000,290.650000,294.366000
4749.406,296.235000,277.581000,290.654000,294.367000
4750.446,296.230000,277.619000,290.658000,294.369000
4751.482,296.227000,277.655000,290.662000,294.370000
4752.531,296.223000,277.691000,290.666000,294.372000
4753.564,296.219000,277.729000,290.670000,294.374000
4754.599,296.215000,277.765000,290.673000,294.375000
4755.649,296.211000,277.802000,290.678000,294.377000
4756.691,296.207000,277.838000,290.682000,294.378000
4757.740,296.203000,277.876000,290.686000,294.380000
4758.766,296.200000,277.910000,290.689000,294.381000
4759.799,296.196000,277.947000,290.692000,294.382000
4760.843,296.192000,277.986000,290.698000,294.384000
4761.877,296.188000,278.020000,290.701000,294.385000
4762.901,296.184000,278.056000,290.704000,294.386000
4763.951,296.180000,278.096000,290.708000,294.387000
4764.990,296.176000,278.129000,290.713000,294.389000
4766.038,296.172000,278.164000,290.716000,294.390000
4767.069,296.168000,278.203000,290.720000,294.391000
4768.113,296.165000,278.238000,290.723000,294.393000
4769.150,296.160000,278.277000,290.728000,294.394000
4770.185,296.157000,278.311000,290.731000,294.395000
4771.232,296.153000,278.347000,290.734000,294.397000
4772.254,296.149000,278.386000,290.737000,294.398000
4773.283,296.145000,278.421000,290.742000,294.399000
4774.340,296.142000,278.456000,290.746000,294.400000
4775.367,296.138000,278.494000,290.750000,294.401000
4776.402,296.134000,278.529000,290.754000,294.402000
4777.448,296.130000,278.569000,290.757000,294.404000
4778.490,296.126000,278.604000,290.761000,294.404000
4779.539,296.123000,278.638000,290.764000,294.406000
4780.570,296.119000,278.676000,290.768000,294.407000
4781.603,296.115000,278.712000,290.771000,294.408000
4782.649,296.111000,278.751000,290.775000,294.409000
4783.686,296.107000,278.785000,290.779000,294.410000
4784.713,296.104000,278.820000,290.782000,294.411000
4785.758,296.100000,278.859000,290.786000,294.412000
4786.898,296.096000,278.898000,290.790000,294.413000
4787.940,296.092000,278.932000,290.793000,294.414000
4788.976,296.088000,278.971000,290.797000,294.415000
4790.007,296.085000,279.006000,290.799000,294.416000
4791.053,296.081000,279.044000,290.804000,294.417000
4792.086,296.077000,279.079000,290.808000,294.418000
4793.142,296.074000,279.114000,290.811000,294.419000
4794.173,296.070000,279.153000,290.815000,294.420000
4795.209,296.067000,279.187000,290.819000,294.421000
4796.247,296.062000,279.225000,290.821000,294.422000
4797.278,296.059000,279.260000,290.824000,294.423000
4798.312,296.056000,279.295000,290.827000,294.424000
4799.354,296.051000,279.333000,290.831000,294.425000
4800.394,296.048000,279.367000,290.835000,294.426000
4801.446,296.044000,279.402000,290.840000,294.427000
4802.480,296.041000,279.440000,290.843000,294.428000
4803.514,296.037000,279.475000,290.845000,294.428000
4804.552,296.034000,279.513000,290.850000,294.429000
4805.580,296.030000,279.546000,290.853000,294.430000
4806.611,296.027000,279.581000,290.855000,294.431000
4807.649,296.023000,279.619000,290.860000,294.431000
4808.687,296.019000,279.653000,290.863000,294.432000
4809.748,296.016000,279.689000,290.866000,294.433000
4810.783,296.012000,279.727000,290.870000,294.434000
4811.842,296.008000,279.761000,290.872000,294.434000
4812.869,296.004000,279.799000,290.876000,294.435000
4813.899,296.001000,279.834000,290.879000,294.436000
4814.947,295.998000,279.869000,290.884000,294.437000
4815.979,295.994000,279.907000,290.888000,294.438000
4817.056,295.991000,279.944000,290.890000,294.438000
4818.082,295.987000,279.980000,290.893000,294.439000
4819.114,295.984000,280.013000,290.897000,294.440000
4820.153,295.980000,280.052000,290.901000,294.440000
4821.187,295.976000,280.086000,290.904000,294.441000
4822.216,295.973000,280.120000,290.908000,294.441000
4823.253,295.970000,280.158000,290.910000,294.442000
4824.282,295.966000,280.193000,290.913000,294.443000
4825.313,295.963000,280.228000,290.917000,294.443000
4826.354,295.960000,280.266000,290.920000,294.444000
4827.382,295.956000,280.301000,290.923000,294.445000
4828.417,295.953000,280.335000,290.926000,294.445000
4829.453,295.949000,280.373000,290.930000,294.446000
4830.481,295.945000,280.407000,290.932000,294.446000
4831.500,295.942000,280.441000,290.935000,294.447000
4832.541,295.939000,280.477000,290.938000,294.447000
4833.570,295.935000,280.514000,290.942000,294.448000
4834.602,295.932000,280.549000,290.944000,294.449000
4835.655,295.929000,280.588000,290.948000,294.449000
4836.690,295.926000,280.623000,290.951000,294.450000
4837.740,295.922000,280.656000,290.956000,294.450000
4838.786,295.919000,280.694000,290.958000,294.451000
4839.838,295.915000,280.728000,290.961000,294.451000
4840.867,295.912000,280.765000,290.965000,294.452000
4841.892,295.908000,280.802000,290.968000,294.452000
4842.942,295.906000,280.837000,290.971000,294.453000
4843.971,295.902000,280.874000,290.974000,294.453000
4845.009,295.899000,280.906000,290.978000,294.454000
4846.056,295.895000,280.946000,290.981000,294.454000
4847.191,295.891000,280.985000,290.984000,294.455000
4848.218,295.888000,281.020000,290.987000,294.455000
4849.258,295.885000,281.055000,290.991000,294.455000
4850.290,295.882000,281.089000,290.993000,294.456000
4851.346,295.879000,281.125000,290.996000,294.456000
4852.375,295.875000,281.163000,290.999000,294.457000
4853.411,295.872000,281.197000,291.004000,294.457000
4854.459,295.869000,281.234000,291.007000,294.458000
4855.499,295.866000,281.271000,291.009000,294.458000
4856.555,295.862000,281.308000,291.012000,294.458000
4857.596,295.859000,281.342000,291.015000,294.459000
4858.652,295.856000,281.377000,291.019000,294.459000
4859.697,295.853000,281.414000,291.022000,294.459000
4860.751,295.850000,281.448000,291.024000,294.460000
4861.787,295.846000,281.486000,291.028000,294.460000
4862.821,295.843000,281.521000,291.030000,294.461000
4863.855,295.840000,281.560000,291.034000,294.461000
4864.879,295.837000,281.594000,291.038000,294.461000
4865.914,295.834000,281.627000,291.040000,294.462000
4866.956,295.830000,281.666000,291.043000,294.462000
4867.987,295.828000,281.700000,291.046000,294.462000
4869.014,295.825000,281.734000,291.049000,294.462000
4870.059,295.822000,281.773000,291.052000,294.462000
4871.098,295.819000,281.807000,291.054000,294.463000
4872.156,295.816000,281.844000,291.057000,294.463000
4873.179,295.813000,281.879000,291.060000,294.464000
4874.212,295.810000,281.913000,291.063000,294.464000
4875.261,295.807000,281.951000,291.068000,294.464000
4876.296,295.804000,281.985000,291.069000,294.464000
4877.320,295.801000,282.019000,291.073000,294.465000
4878.360,295.797000,282.057000,291.076000,294.465000
4879.397,295.795000,282.091000,291.079000,294.465000
4880.415,295.792000,282.126000,291.081000,294.465000
4881.458,295.789000,282.164000,291.084000,294.465000
4882.482,295.786000,282.198000,291.087000,294.466000
4883.517,295.783000,282.231000,291.090000,294.466000
4884.557,295.781000,282.270000,291.093000,294.466000
4885.582,295.778000,282.305000,291.097000,294.466000
4886.607,295.775000,282.338000,291.100000,294.466000
4887.649,295.772000,282.374000,291.102000,294.467000
4888.672,295.769000,282.412000,291.106000,294.467000
4889.703,295.767000,282.445000,291.108000,294.467000
4890.753,295.764000,282.479000,291.110000,294.467000
4891.788,295.761000,282.517000,291.114000,294.467000
4892.817,295.759000,282.551000,291.117000,294.467000
4893.858,295.756000,282.589000,291.119000,294.468000
4894.890,295.753000,282.623000,291.123000,294.468000
4895.925,295.751000,282.658000,291.126000,294.468000
4896.963,295.747000,282.694000,291.129000,294.468000
4898.010,295.745000,282.730000,291.132000,294.468000
4899.060,295.743000,282.767000,291.135000,294.468000
4900.110,295.740000,282.801000,291.138000,294.468000
4901.156,295.738000,282.839000,291.140000,294.468000
4902.184,295.735000,282.873000,291.144000,294.468000
4903.227,295.732000,282.908000,291.145000,294.468000
4904.261,295.730000,282.946000,291.148000,294.469000
4905.296,295.727000,282.981000,291.151000,294.469000
4906.347,295.725000,283.015000,291.155000,294.469000
4907.489,295.723000,283.056000,291.156000,294.469000
4908.514,295.720000,283.090000,291.161000,294.469000
4909.561,295.718000,283.127000,291.163000,294.469000
4910.593,295.715000,283.162000,291.166000,294.469000
4911.627,295.713000,283.197000,291.168000,294.469000
4912.660,295.711000,283.233000,291.171000,294.469000
4913.684,295.709000,283.268000,291.174000,294.470000
4914.713,295.706000,283.302000,291.176000,294.470000
4915.765,295.704000,283.339000,291.179000,294.470000
4916.798,295.702000,283.373000,291.183000,294.470000
4917.864,295.700000,283.411000,291.185000,294.470000
4918.896,295.698000,283.444000,291.188000,294.470000
4919.949,295.695000,283.480000,291.190000,294.470000
4920.983,295.693000,283.517000,291.193000,294.469000
4922.011,295.691000,283.551000,291.196000,294.470000
4923.064,295.689000,283.589000,291.198000,294.470000
4924.094,295.688000,283.623000,291.201000,294.470000
4925.122,295.686000,283.657000,291.205000,294.470000
4926.163,295.684000,283.694000,291.208000,294.470000
4927.201,295.683000,283.728000,291.211000,294.470000
4928.252,295.681000,283.763000,291.213000,294.470000
4929.286,295.680000,283.801000,291.216000,294.470000
4930.317,295.678000,283.834000,291.219000,294.470000
4931.366,295.676000,283.872000,291.221000,294.470000
4932.405,295.675000,283.906000,291.224000,294.470000
4933.452,295.674000,283.941000,291.227000,294.470000
4934.490,295.672000,283.979000,291.229000,294.470000
4935.527,295.671000,284.013000,291.233000,294.470000
4936.564,295.669000,284.050000,291.236000,294.470000
4937.718,295.668000,284.087000,291.239000,294.470000
4938.761,295.667000,284.121000,291.241000,294.470000
4939.795,295.665000,284.159000,291.244000,294.470000
4940.855,295.664000,284.193000,291.247000,294.470000
4941.891,295.663000,284.230000,291.250000,294.470000
4942.920,295.662000,284.264000,291.252000,294.470000
4943.964,295.661000,284.303000,291.255000,294.470000
4944.985,295.661000,284.336000,291.257000,294.470000
4946.011,295.660000,284.369000,291.261000,294.470000
4947.064,295.659000,284.406000,291.264000,294.470000
4948.094,295.658000,284.442000,291.266000,294.470000
4949.125,295.658000,284.477000,291.269000,294.470000
4950.168,295.658000,284.514000,291.271000,294.470000
4951.214,295.658000,284.547000,291.275000,294.470000
4952.265,295.657000,284.585000,291.277000,294.470000
4953.308,295.657000,284.619000,291.280000,294.470000
4954.358,295.657000,284.652000,291.282000,294.470000
4955.389,295.657000,284.690000,291.284000,294.470000
4956.427,295.657000,284.725000,291.286000,294.470000
4957.462,295.658000,284.762000,291.290000,294.470000
4958.489,295.658000,284.796000,291.292000,294.471000
4959.513,295.658000,284.830000,291.295000,294.471000
4960.558,295.659000,284.866000,291.298000,294.471000
4961.594,295.659000,284.902000,291.302000,294.471000
4962.627,295.660000,284.936000,291.305000,294.471000
4963.666,295.661000,284.972000,291.308000,294.471000
4964.701,295.661000,285.007000,291.309000,294.471000
4965.750,295.662000,285.041000,291.312000,294.471000
4966.774,295.664000,285.078000,291.314000,294.471000
4967.801,295.665000,285.112000,291.316000,294.471000
4968.823,295.666000,285.146000,291.320000,294.471000
4969.868,295.668000,285.183000,291.323000,294.472000
4970.894,295.669000,285.218000,291.327000,294.472000
4971.929,295.671000,285.252000,291.329000,294.472000
4972.965,295.672000,285.289000,291.332000,294.472000
4974.000,295.674000,285.323000,291.334000,294.472000
4975.034,295.676000,285.357000,291.337000,294.472000
4976.073,295.678000,285.394000,291.339000,294.472000
4977.118,295.680000,285.428000,291.341000,294.472000
4978.169,295.683000,285.467000,291.344000,294.472000
4979.202,295.686000,285.501000,291.347000,294.472000
4980.264,295.688000,285.534000,291.351000,294.473000
4981.299,295.691000,285.571000,291.353000,294.473000
4982.332,295.694000,285.605000,291.356000,294.473000
4983.370,295.697000,285.642000,291.358000,294.474000
4984.402,295.700000,285.676000,291.361000,294.474000
4985.453,295.703000,285.710000,291.363000,294.474000
4986.488,295.707000,285.748000,291.367000,294.474000
4987.527,295.710000,285.782000,291.370000,294.474000
4988.573,295.714000,285.819000,291.373000,294.475000
4989.621,295.718000,285.853000,291.376000,294.475000
4990.667,295.722000,285.891000,291.378000,294.475000
4991.695,295.726000,285.925000,291.381000,294.476000
4992.725,295.730000,285.959000,291.384000,294.476000
4993.771,295.735000,285.996000,291.388000,294.476000
4994.800,295.739000,286.029000,291.389000,294.476000
4995.827,295.744000,286.064000,291.392000,294.477000
4996.867,295.749000,286.101000,291.395000,294.478000
4997.903,295.754000,286.134000,291.398000,294.478000
4998.971,295.760000,286.173000,291.401000,294.478000
5000.003,295.764000,286.206000,291.404000,294.478000
5001.054,295.769000,286.241000,291.407000,294.479000
5002.082,295.776000,286.277000,291.409000,294.480000
5003.199,295.781000,286.314000,291.413000,294.480000
5004.225,295.787000,286.347000,291.416000,294.480000
5005.274,295.793000,286.386000,291.419000,294.481000
5006.304,295.799000,286.420000,291.422000,294.481000
5007.364,295.805000,286.454000,291.424000,294.482000
5008.397,295.812000,286.490000,291.428000,294.483000
5009.426,295.818000,286.525000,291.430000,294.484000
5010.474,295.825000,286.562000,291.434000,294.484000
5011.510,295.831000,286.595000,291.436000,294.485000
5012.556,295.837000,286.629000,291.439000,294.485000
5013.582,295.845000,286.667000,291.442000,294.486000
5014.613,295.852000,286.701000,291.444000,294.487000
5015.659,295.858000,286.734000,291.448000,294.488000
5016.691,295.866000,286.770000,291.452000,294.489000
5017.725,295.873000,286.805000,291.454000,294.489000
5018.768,295.880000,286.842000,291.458000,294.490000
5019.790,295.888000,286.876000,291.461000,294.491000
5020.814,295.895000,286.909000,291.464000,294.492000
5021.870,295.903000,286.946000,291.467000,294.493000
5022.899,295.911000,286.982000,291.469000,294.494000
5023.928,295.918000,287.016000,291.474000,294.494000
5024.974,295.926000,287.052000,291.477000,294.495000
5026.010,295.934000,287.086000,291.479000,294.497000
5027.032,295.941000,287.120000,291.482000,294.497000
5028.073,295.950000,287.158000,291.484000,294.499000
5029.102,295.958000,287.191000,291.488000,294.500000
5030.135,295.966000,287.225000,291.491000,294.501000
5031.176,295.974000,287.261000,291.495000,294.502000
5032.210,295.982000,287.295000,291.497000,294.503000
5033.259,295.990000,287.330000,291.502000,294.504000
5034.298,295.998000,287.366000,291.504000,294.505000
5035.331,296.006000,287.399000,291.508000,294.506000
5036.371,296.015000,287.437000,291.511000,294.508000
5037.398,296.023000,287.471000,291.514000,294.509000
5038.433,296.031000,287.505000,291.518000,294.510000
5039.476,296.040000,287.542000,291.521000,294.512000
5040.518,296.048000,287.576000,291.524000,294.513000
5041.566,296.056000,287.610000,291.529000,294.515000
5042.593,296.065000,287.646000,291.534000,294.516000
5043.635,296.073000,287.681000,291.535000,294.517000
5044.676,296.082000,287.718000,291.539000,294.519000
5045.711,296.089000,287.751000,291.542000,294.521000
5046.768,296.097000,287.785000,291.545000,294.522000
5047.807,296.106000,287.822000,291.549000,294.524000
5048.839,296.114000,287.855000,291.551000,294.525000
5049.873,296.123000,287.892000,291.556000,294.527000
5050.906,296.130000,287.927000,291.560000,294.529000
5051.933,296.138000,287.961000,291.563000,294.530000
5052.974,296.146000,287.996000,291.566000,294.532000
5054.013,296.155000,288.032000,291.569000,294.534000
5055.062,296.162000,288.065000,291.572000,294.536000
5056.108,296.170000,288.102000,291.577000,294.537000
5057.142,296.178000,288.136000,291.581000,294.539000
5058.187,296.186000,288.174000,291.585000,294.541000
5059.225,296.193000,288.207000,291.587000,294.543000
5060.271,296.201000,288.243000,291.591000,294.545000
5061.310,296.208000,288.277000,291.595000,294.546000
5062.371,296.215000,288.310000,291.599000,294.548000
5063.505,296.224000,288.350000,291.603000,294.551000
5064.531,296.231000,288.384000,291.607000,294.553000
5065.577,296.239000,288.422000,291.610000,294.555000
5066.609,296.245000,288.455000,291.613000,294.557000
5067.664,296.252000,288.488000,291.618000,294.559000
5068.694,296.259000,288.526000,291.623000,294.561000
5069.730,296.265000,288.559000,291.626000,294.563000
5070.780,296.272000,288.597000,291.630000,294.565000
5071.828,296.278000,288.631000,291.634000,294.568000
5072.876,296.285000,288.668000,291.638000,294.570000
5073.910,296.291000,288.701000,291.641000,294.572000
5074.943,296.297000,288.734000,291.645000,294.574000
5075.980,296.303000,288.771000,291.649000,294.576000
5077.008,296.308000,288.805000,291.653000,294.578000
5078.033,296.314000,288.838000,291.656000,294.580000
5079.079,296.320000,288.875000,291.660000,294.583000
5080.116,296.325000,288.909000,291.664000,294.585000
5081.166,296.330000,288.942000,291.669000,294.587000
5082.212,296.336000,288.980000,291.674000,294.590000
5083.265,296.341000,289.014000,291.677000,294.592000
5084.300,296.346000,289.050000,291.680000,294.595000
5085.341,296.351000,289.084000,291.686000,294.597000
5086.384,296.356000,289.121000,291.690000,294.600000
5087.426,296.360000,289.155000,291.694000,294.602000
5088.472,296.364000,289.188000,291.699000,294.605000
5089.504,296.369000,289.226000,291.702000,294.607000
5090.538,296.373000,289.258000,291.706000,294.610000
5091.582,296.378000,289.294000,291.711000,294.612000
5092.619,296.382000,289.327000,291.715000,294.615000
5093.677,296.386000,289.365000,291.719000,294.618000
5094.701,296.389000,289.400000,291.723000,294.620000
5095.729,296.393000,289.433000,291.727000,294.623000
5096.772,296.396000,289.467000,291.731000,294.625000
5097.811,296.399000,289.503000,291.736000,294.627000
5098.870,296.403000,289.537000,291.740000,294.630000
5099.909,296.406000,289.574000,291.744000,294.632000
5100.931,296.409000,289.606000,291.749000,294.635000
5101.966,296.412000,289.639000,291.752000,294.637000
5102.999,296.415000,289.678000,291.757000,294.640000
5104.034,296.417000,289.711000,291.760000,294.642000
5105.078,296.420000,289.748000,291.765000,294.645000
5106.112,296.422000,289.782000,291.769000,294.648000
5107.133,296.425000,289.814000,291.774000,294.650000
5108.173,296.427000,289.848000,291.778000,294.653000
5109.208,296.430000,289.886000,291.782000,294.656000
5110.238,296.431000,289.919000,291.787000,294.658000
5111.281,296.434000,289.955000,291.793000,294.661000
5112.319,296.435000,289.989000,291.796000,294.663000
5113.376,296.437000,290.021000,291.801000,294.666000
5114.408,296.439000,290.059000,291.805000,294.669000
5115.443,296.440000,290.093000,291.809000,294.671000
5116.485,296.442000,290.130000,291.814000,294.674000
5117.526,296.443000,290.163000,291.818000,294.677000
5118.576,296.444000,290.200000,291.823000,294.680000
5119.613,296.446000,290.234000,291.828000,294.682000
5120.673,296.447000,290.266000,291.831000,294.685000
5121.716,296.448000,290.304000,291.836000,294.688000
5122.766,296.449000,290.337000,291.839000,294.690000
5123.878,296.450000,290.377000,291.846000,294.693000
5124.902,296.450000,290.410000,291.849000,294.696000
5125.946,296.451000,290.444000,291.853000,294.698000
5126.979,296.452000,290.480000,291.858000,294.701000
5128.004,296.453000,290.514000,291.863000,294.704000
5129.040,296.454000,290.547000,291.866000,294.706000
5130.081,296.454000,290.584000,291.872000,294.709000
5131.117,296.454000,290.617000,291.875000,294.711000
5132.180,296.455000,290.653000,291.881000,294.715000
5133.218,296.455000,290.688000,291.885000,294.717000
5134.270,296.455000,290.720000,291.889000,294.720000
5135.308,296.455000,290.757000,291.894000,294.722000
5136.345,296.455000,290.792000,291.899000,294.725000
5137.380,296.455000,290.827000,291.903000,294.728000
5138.403,296.455000,290.861000,291.908000,294.730000
5139.432,296.455000,290.896000,291.913000,294.733000
5140.483,296.455000,290.932000,291.916000,294.736000
5141.517,296.455000,290.964000,291.921000,294.738000
5142.568,296.454000,290.998000,291.925000,294.741000
5143.602,296.454000,291.035000,291.929000,294.743000
5144.632,296.454000,291.069000,291.934000,294.746000
5145.680,296.454000,291.106000,291.940000,294.749000
5146.715,296.453000,291.139000,291.943000,294.751000
5147.749,296.452000,291.172000,291.948000,294.754000
5148.785,296.452000,291.208000,291.952000,294.756000
5149.814,296.451000,291.242000,291.957000,294.759000
5150.867,296.451000,291.274000,291.963000,294.761000
5151.901,296.450000,291.312000,291.967000,294.764000
5152.934,296.450000,291.344000,291.972000,294.766000
5154.067,296.449000,291.381000,291.976000,294.769000
5155.095,296.448000,291.417000,291.981000,294.772000
5156.140,296.447000,291.452000,291.984000,294.774000
5157.186,296.446000,291.488000,291.990000,294.777000
5158.210,296.445000,291.521000,291.994000,294.779000
5159.233,296.444000,291.555000,291.998000,294.782000
5160.270,296.443000,291.587000,292.002000,294.784000
5161.300,296.442000,291.623000,292.006000,294.787000
5162.334,296.441000,291.658000,292.010000,294.789000
5163.373,296.440000,291.691000,292.015000,294.792000
5164.415,296.439000,291.727000,292.020000,294.795000
5165.473,296.438000,291.761000,292.025000,294.797000
5166.521,296.437000,291.797000,292.029000,294.799000
5167.578,296.436000,291.831000,292.033000,294.802000
5168.619,296.434000,291.867000,292.039000,294.804000
5169.677,296.433000,291.901000,292.044000,294.807000
5170.708,296.432000,291.938000,292.047000,294.809000
5171.749,296.431000,291.971000,292.052000,294.811000
5172.788,296.429000,292.007000,292.056000,294.814000
5173.829,296.429000,292.039000,292.061000,294.816000
5174.877,296.427000,292.073000,292.065000,294.819000
5175.914,296.426000,292.109000,292.068000,294.821000
5176.944,296.424000,292.143000,292.074000,294.823000
5177.986,296.423000,292.179000,292.078000,294.825000
5179.015,296.422000,292.213000,292.083000,294.828000
5180.042,296.420000,292.246000,292.087000,294.830000
5181.084,296.419000,292.283000,292.092000,294.833000
5182.111,296.418000,292.316000,292.096000,294.835000
5183.146,296.416000,292.348000,292.101000,294.837000
5184.250,296.414000,292.385000,292.104000,294.840000
5185.290,296.413000,292.422000,292.110000,294.842000
5186.329,296.411000,292.454000,292.113000,294.844000
5187.381,296.410000,292.488000,292.118000,294.847000
5188.412,296.408000,292.525000,292.123000,294.849000
5189.449,296.407000,292.558000,292.128000,294.851000
5190.486,296.406000,292.595000,292.131000,294.854000
5191.518,296.404000,292.627000,292.136000,294.856000
5192.553,296.403000,292.661000,292.140000,294.858000
5193.594,296.401000,292.697000,292.144000,294.861000
5194.621,296.400000,292.732000,292.150000,294.863000
5195.673,296.398000,292.763000,292.154000,294.865000
5196.718,296.396000,292.800000,292.158000,294.867000
5197.775,296.395000,292.832000,292.163000,294.869000
5198.809,296.393000,292.870000,292.167000,294.871000
5199.848,296.392000,292.903000,292.171000,294.874000
5200.891,296.391000,292.939000,292.176000,294.876000
5201.924,296.389000,292.972000,292.180000,294.878000
5202.973,296.388000,293.005000,292.183000,294.880000
5204.003,296.386000,293.042000,292.187000,294.882000
5205.046,296.385000,293.076000,292.193000,294.885000
5206.087,296.383000,293.112000,292.198000,294.887000
5207.117,296.382000,293.144000,292.202000,294.888000
5208.150,296.380000,293.177000,292.206000,294.891000
5209.192,296.378000,293.214000,292.211000,294.893000
5210.224,296.377000,293.247000,292.215000,294.895000
5211.256,296.375000,293.280000,292.219000,294.897000
5212.299,296.373000,293.316000,292.224000,294.899000
5213.338,296.372000,293.350000,292.227000,294.901000
5214.402,296.370000,293.386000,292.233000,294.903000
5215.437,296.369000,293.419000,292.237000,294.906000
5216.492,296.367000,293.455000,292.242000,294.908000
5217.541,296.366000,293.489000,292.246000,294.910000
5218.590,296.364000,293.525000,292.250000,294.912000
5219.623,296.362000,293.558000,292.254000,294.914000
5220.657,296.361000,293.591000,292.257000,294.916000
5221.693,296.359000,293.628000,292.263000,294.918000
5222.732,296.357000,293.660000,292.267000,294.920000
5223.787,296.356000,293.696000,292.271000,294.922000
5224.813,296.354000,293.729000,292.276000,294.924000
5225.843,296.353000,293.763000,292.278000,294.926000
5226.892,296.351000,293.799000,292.283000,294.928000
5227.929,296.349000,293.833000,292.289000,294.930000
5228.976,296.348000,293.865000,292.293000,294.932000
5230.006,296.346000,293.901000,292.298000,294.933000
5231.039,296.344000,293.934000,292.302000,294.935000
5232.082,296.343000,293.966000,292.307000,294.937000
5233.107,296.341000,294.003000,292.310000,294.939000
5234.140,296.339000,294.036000,292.314000,294.941000
5235.192,296.338000,294.073000,292.319000,294.943000
5236.224,296.336000,294.106000,292.324000,294.945000
5237.280,296.335000,294.139000,292.327000,294.947000
5238.311,296.333000,294.175000,292.331000,294.949000
5239.350,296.331000,294.208000,292.335000,294.951000
5240.394,296.330000,294.245000,292.340000,294.953000
5241.429,296.328000,294.277000,292.345000,294.955000
5242.475,296.327000,294.309000,292.348000,294.956000
5243.495,296.325000,294.346000,292.353000,294.959000
5244.540,296.323000,294.380000,292.357000,294.960000
5245.585,296.322000,294.412000,292.362000,294.962000
5246.613,296.320000,294.448000,292.365000,294.964000
5247.647,296.319000,294.481000,292.369000,294.965000
5248.692,296.317000,294.517000,292.373000,294.967000
5249.729,296.315000,294.550000,292.377000,294.969000
5250.755,296.314000,294.582000,292.383000,294.971000
5251.798,296.312000,294.619000,292.386000,294.973000
5252.831,296.311000,294.651000,292.390000,294.974000
5253.880,296.309000,294.685000,292.394000,294.976000
5254.919,296.307000,294.721000,292.400000,294.978000
5255.954,296.306000,294.754000,292.404000,294.980000
5256.994,296.305000,294.790000,292.408000,294.981000
5258.033,296.303000,294.823000,292.411000,294.983000
5259.087,296.301000,294.856000,292.415000,294.985000
5260.131,296.300000,294.892000,292.420000,294.987000
5261.155,296.298000,294.926000,292.424000,294.988000
5262.192,296.297000,294.961000,292.428000,294.990000
5263.221,296.295000,294.994000,292.432000,294.992000
5264.259,296.294000,295.027000,292.438000,294.993000
5265.292,296.292000,295.063000,292.441000,294.995000
5266.320,296.291000,295.095000,292.445000,294.997000
5267.357,296.289000,295.128000,292.449000,294.999000
5268.398,296.288000,295.166000,292.453000,295.001000
5269.437,296.286000,295.198000,292.458000,295.002000
5270.486,296.285000,295.231000,292.461000,295.004000
5271.517,296.283000,295.266000,292.465000,295.006000
5272.541,296.282000,295.299000,292.470000,295.007000
5273.587,296.280000,295.332000,292.474000,295.009000
5274.620,296.279000,295.368000,292.478000,295.010000
5275.659,296.277000,295.401000,292.483000,295.012000
5276.698,296.276000,295.436000,292.487000,295.014000
5277.743,296.274000,295.469000,292.490000,295.015000
5278.798,296.272000,295.505000,292.495000,295.017000
5279.831,296.271000,295.538000,292.499000,295.018000
5280.854,296.270000,295.571000,292.504000,295.020000
5281.893,296.268000,295.606000,292.508000,295.022000
5282.921,296.267000,295.639000,292.513000,295.023000
5283.942,296.266000,295.672000,292.516000,295.025000
5284.989,296.264000,295.704000,292.520000,295.027000
5286.014,296.263000,295.740000,292.525000,295.028000
5287.046,296.262000,295.774000,292.528000,295.030000
5288.096,296.260000,295.810000,292.533000,295.031000
5289.130,296.258000,295.843000,292.537000,295.033000
5290.163,296.257000,295.875000,292.540000,295.035000
5291.202,296.256000,295.911000,292.544000,295.036000
5292.242,296.255000,295.943000,292.548000,295.038000
5293.285,296.253000,295.976000,292.553000,295.039000
5294.332,296.252000,296.013000,292.558000,295.041000
5295.398,296.250000,296.049000,292.562000,295.042000
5296.435,296.249000,296.081000,292.565000,295.044000
5297.481,296.248000,296.114000,292.569000,295.045000
5298.519,296.246000,296.150000,292.573000,295.047000
5299.551,296.245000,296.183000,292.578000,295.049000
5300.598,296.244000,296.219000,292.582000,295.050000
5301.637,296.242000,296.252000,292.587000,295.052000
5302.696,296.241000,296.288000,292.590000,295.053000
5303.737,296.240000,296.320000,292.595000,295.055000
5304.898,296.239000,296.359000,292.600000,295.057000
5305.925,296.237000,296.392000,292.603000,295.058000
5306.961,296.236000,296.424000,292.607000,295.059000
5308.003,296.235000,296.460000,292.611000,295.061000
5309.052,296.234000,296.492000,292.616000,295.062000
5310.096,296.232000,296.528000,292.620000,295.064000
5311.120,296.231000,296.560000,292.623000,295.065000
5312.161,296.230000,296.593000,292.627000,295.067000
5313.202,296.228000,296.629000,292.632000,295.068000
5314.253,296.227000,296.662000,292.637000,295.070000
5315.297,296.226000,296.697000,292.642000,295.072000
5316.324,296.225000,296.730000,292.644000,295.073000
5317.365,296.223000,296.763000,292.649000,295.075000
5318.405,296.222000,296.798000,292.653000,295.076000
5319.436,296.221000,296.831000,292.656000,295.077000
5320.488,296.220000,296.863000,292.661000,295.079000
5321.537,296.218000,296.898000,292.664000,295.080000
5322.586,296.217000,296.931000,292.669000,295.082000
5323.621,296.216000,296.966000,292.673000,295.083000
5324.659,296.215000,296.999000,292.677000,295.084000
5325.702,296.213000,297.036000,292.682000,295.086000
5326.736,296.212000,297.069000,292.686000,295.088000
5327.766,296.211000,297.100000,292.689000,295.089000
5328.807,296.210000,297.136000,292.694000,295.091000
5329.838,296.209000,297.168000,292.698000,295.092000
5330.892,296.208000,297.201000,292.702000,295.093000
5331.933,296.206000,297.236000,292.707000,295.095000
5332.994,296.205000,297.268000,292.711000,295.096000
5334.032,296.204000,297.305000,292.715000,295.098000
5335.098,296.203000,297.339000,292.719000,295.099000
5336.128,296.202000,297.371000,292.723000,295.101000
5337.167,296.201000,297.404000,292.727000,295.102000
5338.204,296.199000,297.438000,292.731000,295.103000
5339.229,296.198000,297.469000,292.735000,295.105000
5340.266,296.197000,297.500000,292.739000,295.106000
5341.306,296.196000,297.535000,292.743000,295.107000
5342.336,296.195000,297.568000,292.748000,295.109000
5343.396,296.194000,297.600000,292.752000,295.110000
5344.430,296.192000,297.634000,292.756000,295.111000
5345.462,296.191000,297.666000,292.760000,295.113000
5346.500,296.190000,297.701000,292.763000,295.114000
5347.530,296.189000,297.732000,292.768000,295.116000
5348.560,296.188000,297.764000,292.771000,295.117000
5349.606,296.187000,297.798000,292.776000,295.118000
5350.643,296.186000,297.828000,292.780000,295.120000
5351.697,296.185000,297.858000,292.785000,295.121000
5352.734,296.183000,297.892000,292.789000,295.122000
5353.767,296.182000,297.923000,292.793000,295.123000
5354.807,296.181000,297.956000,292.796000,295.124000
5355.846,296.180000,297.986000,292.800000,295.126000
5356.899,296.179000,298.020000,292.804000,295.127000
5357.933,296.178000,298.050000,292.809000,295.128000
5358.991,296.177000,298.079000,292.811000,295.130000
5360.031,296.175000,298.114000,292.816000,295.131000
5361.067,296.174000,298.144000,292.820000,295.132000
5362.107,296.174000,298.176000,292.825000,295.134000
5363.149,296.172000,298.206000,292.828000,295.136000
5364.202,296.171000,298.237000,292.833000,295.137000
5365.246,296.171000,298.266000,292.837000,295.138000
5366.268,296.170000,298.296000,292.841000,295.140000
5367.304,296.168000,298.327000,292.846000,295.141000
5368.334,296.168000,298.354000,292.850000,295.142000
5369.367,296.167000,298.382000,292.853000,295.143000
5370.407,296.165000,298.414000,292.857000,295.145000
5371.435,296.164000,298.442000,292.862000,295.146000
5372.469,296.163000,298.471000,292.866000,295.147000
5373.505,296.162000,298.500000,292.871000,295.148000
5374.540,296.161000,298.527000,292.875000,295.149000
5375.589,296.160000,298.555000,292.878000,295.151000
5376.613,296.159000,298.585000,292.883000,295.152000
5377.657,296.158000,298.609000,292.885000,295.153000
5378.708,296.157000,298.639000,292.891000,295.155000
5379.746,296.156000,298.665000,292.895000,295.156000
5380.804,296.155000,298.694000,292.898000,295.157000
5381.839,296.154000,298.721000,292.903000,295.158000
5382.872,296.153000,298.744000,292.906000,295.159000
5383.903,296.152000,298.772000,292.911000,295.160000
5384.936,296.151000,298.797000,292.914000,295.161000
5385.958,296.150000,298.822000,292.919000,295.163000
5387.009,296.149000,298.850000,292.923000,295.164000
5388.044,296.148000,298.874000,292.926000,295.165000
5389.097,296.147000,298.898000,292.930000,295.166000
5390.121,296.146000,298.924000,292.935000,295.168000
5391.154,296.145000,298.947000,292.938000,295.169000
5392.195,296.144000,298.972000,292.943000,295.170000
5393.225,296.143000,298.997000,292.947000,295.171000
5394.262,296.142000,299.020000,292.951000,295.172000
5395.349,296.142000,299.044000,292.954000,295.174000
5396.396,296.141000,299.067000,292.958000,295.175000
5397.430,296.139000,299.091000,292.963000,295.176000
5398.491,296.138000,299.114000,292.966000,295.177000
5399.523,296.137000,299.138000,292.970000,295.178000
5400.558,296.137000,299.159000,292.976000,295.179000
5401.611,296.136000,299.183000,292.980000,295.181000
5402.649,296.135000,299.205000,292.984000,295.182000
5403.707,296.134000,299.228000,292.988000,295.183000
5404.737,296.133000,299.249000,292.991000,295.185000
5405.771,296.132000,299.270000,292.996000,295.186000
5406.813,296.131000,299.291000,293.001000,295.187000
5407.847,296.130000,299.311000,293.004000,295.188000
5408.895,296.130000,299.331000,293.007000,295.189000
5409.933,296.129000,299.352000,293.011000,295.190000
5410.974,296.128000,299.371000,293.015000,295.191000
5412.012,296.127000,299.392000,293.020000,295.192000
5413.039,296.126000,299.410000,293.023000,295.193000
5414.073,296.125000,299.429000,293.027000,295.194000
5415.121,296.124000,299.449000,293.031000,295.196000
5416.154,296.123000,299.467000,293.036000,295.197000
5417.197,296.122000,299.485000,293.040000,295.198000
5418.231,296.122000,299.505000,293.044000,295.199000
5419.270,296.121000,299.521000,293.048000,295.200000
5420.311,296.120000,299.540000,293.052000,295.201000
5421.341,296.119000,299.557000,293.057000,295.203000
5422.373,296.118000,299.575000,293.060000,295.203000
5423.412,296.117000,299.593000,293.064000,295.205000
5424.453,296.117000,299.610000,293.067000,295.206000
5425.499,296.116000,299.627000,293.070000,295.207000
5426.528,296.115000,299.645000,293.074000,295.208000
5427.568,296.114000,299.661000,293.079000,295.209000
5428.608,296.113000,299.677000,293.082000,295.210000
5429.638,296.113000,299.693000,293.087000,295.212000
5430.672,296.112000,299.708000,293.091000,295.213000
5431.712,296.111000,299.724000,293.096000,295.214000
5432.745,296.110000,299.739000,293.099000,295.215000
5433.775,296.110000,299.753000,293.102000,295.216000
5434.810,296.109000,299.770000,293.105000,295.217000
5435.839,296.108000,299.785000,293.110000,295.218000
5436.868,296.107000,299.799000,293.114000,295.219000
5437.913,296.106000,299.814000,293.118000,295.220000
5438.959,296.105000,299.828000,293.122000,295.221000
5440.014,296.105000,299.843000,293.127000,295.222000
5441.057,296.104000,299.857000,293.131000,295.223000
5442.102,296.103000,299.870000,293.134000,295.225000
5443.128,296.102000,299.885000,293.139000,295.225000
5444.167,296.101000,299.898000,293.143000,295.226000
5445.209,296.101000,299.912000,293.145000,295.227000
5446.241,296.100000,299.925000,293.150000,295.228000
5447.271,296.099000,299.938000,293.153000,295.230000
5448.310,296.099000,299.952000,293.156000,295.231000
5449.335,296.098000,299.963000,293.161000,295.231000
5450.396,296.097000,299.975000,293.166000,295.233000
5451.433,296.097000,299.988000,293.169000,295.234000
5452.458,296.095000,300.000000,293.172000,295.235000
5453.500,296.095000,300.012000,293.176000,295.236000
5454.535,296.094000,300.023000,293.180000,295.237000
5455.572,296.093000,300.036000,293.184000,295.238000
5456.615,296.093000,300.048000,293.188000,295.239000
5457.648,296.092000,300.060000,293.192000,295.240000
5458.703,296.091000,300.070000,293.195000,295.241000
5459.736,296.090000,300.081000,293.198000,295.242000
5460.805,296.089000,300.092000,293.202000,295.242000
5461.839,296.089000,300.104000,293.207000,295.244000
5462.866,296.088000,300.115000,293.210000,295.245000
5463.907,296.088000,300.126000,293.214000,295.245000
5464.933,296.087000,300.136000,293.218000,295.247000
5465.967,296.086000,300.146000,293.221000,295.248000
5467.015,296.085000,300.157000,293.225000,295.249000
5468.069,296.085000,300.167000,293.229000,295.250000
5469.113,296.084000,300.177000,293.233000,295.251000
5470.143,296.083000,300.188000,293.236000,295.252000
5471.164,296.082000,300.197000,293.240000,295.252000
5472.213,296.082000,300.207000,293.244000,295.254000
5473.252,296.081000,300.215000,293.248000,295.255000
5474.302,296.080000,300.225000,293.251000,295.255000
5475.330,296.079000,300.235000,293.255000,295.257000
5476.363,296.079000,300.244000,293.258000,295.258000
5477.411,296.078000,300.253000,293.262000,295.259000
5478.435,296.077000,300.262000,293.267000,295.259000
5479.470,296.077000,300.271000,293.271000,295.260000
5480.512,296.076000,300.280000,293.274000,295.262000
5481.535,296.075000,300.288000,293.278000,295.262000
5482.571,296.075000,300.297000,293.281000,295.263000
5483.614,296.074000,300.306000,293.284000,295.265000
5484.640,296.073000,300.313000,293.288000,295.266000
5485.669,296.073000,300.322000,293.292000,295.266000
5486.712,296.072000,300.331000,293.296000,295.267000
5487.735,296.071000,300.338000,293.300000,295.268000
5488.769,296.071000,300.345000,293.303000,295.269000
5489.807,296.070000,300.352000,293.307000,295.270000
5490.943,296.069000,300.361000,293.312000,295.271000
5491.972,296.068000,300.369000,293.315000,295.272000
5493.013,296.068000,300.378000,293.319000,295.273000
5494.038,296.067000,300.386000,293.323000,295.274000
5495.071,296.066000,300.391000,293.326000,295.275000
5496.109,296.065000,300.398000,293.329000,295.276000
5497.139,296.065000,300.405000,293.333000,295.277000
5498.177,296.064000,300.413000,293.336000,295.278000
5499.220,296.064000,300.420000,293.340000,295.278000
5500.259,296.063000,300.427000,293.343000,295.280000
5501.311,296.062000,300.433000,293.347000,295.280000
5502.345,296.062000,300.440000,293.350000,295.282000
5503.382,296.061000,300.447000,293.354000,295.283000
5504.425,296.060000,300.454000,293.359000,295.284000
5505.464,296.059000,300.459000,293.362000,295.285000
5506.518,296.059000,300.466000,293.366000,295.286000
5507.554,296.058000,300.473000,293.369000,295.286000
5508.613,296.058000,300.480000,293.373000,295.288000
5509.648,296.057000,300.485000,293.377000,295.288000
5510.683,296.056000,300.491000,293.380000,295.289000
5511.732,296.056000,300.497000,293.384000,295.290000
5512.772,296.055000,300.504000,293.386000,295.291000
5513.821,296.054000,300.509000,293.390000,295.292000
5514.866,296.054000,300.515000,293.393000,295.293000
5515.914,296.053000,300.521000,293.398000,295.293000
5516.950,296.052000,300.526000,293.401000,295.294000
5518.007,296.052000,300.531000,293.404000,295.295000
5519.049,296.051000,300.538000,293.408000,295.296000
5520.085,296.051000,300.543000,293.411000,295.297000
5521.216,296.049000,300.548000,293.415000,295.298000
5522.250,296.049000,300.554000,293.419000,295.299000
5523.270,296.048000,300.558000,293.421000,295.300000
5524.312,296.048000,300.563000,293.426000,295.301000
5525.350,296.047000,300.568000,293.429000,295.302000
5526.383,296.047000,300.573000,293.432000,295.302000
5527.422,296.046000,300.577000,293.436000,295.303000
5528.452,296.045000,300.582000,293.439000,295.304000
5529.481,296.045000,300.587000,293.444000,295.305000
5530.516,296.044000,300.592000,293.447000,295.306000
5531.541,296.043000,300.596000,293.449000,295.307000
5532.565,296.043000,300.601000,293.454000,295.307000
5533.613,296.042000,300.605000,293.457000,295.309000
5534.649,296.042000,300.610000,293.461000,295.310000
